id,failure
26570,0.43347275
26571,0.19438061
26572,0.17599097
26573,0.22498553
26574,0.19328704
26575,0.3738297
26576,0.11371389
26577,0.20589338
26578,0.09739248
26579,0.097545795
26580,0.03267795
26581,0.035617072
26582,0.43933845
26583,0.25093114
26584,0.3047758
26585,0.037039407
26586,0.056062005
26587,0.20984346
26588,0.2254444
26589,0.025898173
26590,0.08515868
26591,0.19560783
26592,0.053364858
26593,0.18083024
26594,0.15058745
26595,0.26351056
26596,0.13651171
26597,0.2115213
26598,0.28544736
26599,0.20247029
26600,0.08389737
26601,0.22055145
26602,0.25818747
26603,0.21037549
26604,0.20484774
26605,0.14598686
26606,0.025072182
26607,0.1832742
26608,0.036472235
26609,0.18347052
26610,0.4207611
26611,0.16893952
26612,0.048939977
26613,0.21934593
26614,0.12299722
26615,0.17268142
26616,0.23239413
26617,0.10691513
26618,0.21590254
26619,0.6413771
26620,0.044666614
26621,0.14460549
26622,0.14516923
26623,0.23776962
26624,0.1514742
26625,0.14579044
26626,0.17524183
26627,0.37021473
26628,0.15229522
26629,0.5119202
26630,0.087532185
26631,0.26733813
26632,0.18238182
26633,0.2609497
26634,0.16236469
26635,0.27242175
26636,0.26221356
26637,0.37140793
26638,0.30221158
26639,0.09807578
26640,0.3190246
26641,0.086889416
26642,0.1678462
26643,0.22443226
26644,0.12190526
26645,0.16457082
26646,0.10440697
26647,0.30789936
26648,0.039965592
26649,0.17884658
26650,0.10461083
26651,0.123457365
26652,0.21711406
26653,0.07659039
26654,0.21383172
26655,0.16937049
26656,0.11234201
26657,0.3484996
26658,0.3040296
26659,0.3397002
26660,0.16701387
26661,0.105885185
26662,0.15751241
26663,0.21704963
26664,0.3400137
26665,0.06815029
26666,0.4065684
26667,0.15175751
26668,0.8012249
26669,0.112252444
26670,0.65097475
26671,0.49267063
26672,0.13218845
26673,0.111281104
26674,0.30063072
26675,0.15679902
26676,0.09970314
26677,0.28879973
26678,0.15400301
26679,0.25616083
26680,0.2726328
26681,0.25740227
26682,0.08290496
26683,0.4099116
26684,0.17959023
26685,0.18285808
26686,0.10463045
26687,0.33222148
26688,0.19403353
26689,0.24568489
26690,0.13805287
26691,0.3813528
26692,0.25628963
26693,0.28538635
26694,0.10418059
26695,0.7350327
26696,0.1666113
26697,0.09758668
26698,0.27853578
26699,0.03591948
26700,0.2525099
26701,0.34114224
26702,0.353743
26703,0.15298034
26704,0.11038113
26705,0.17463951
26706,0.12033137
26707,0.25775433
26708,0.24826764
26709,0.036498006
26710,0.15310416
26711,0.4196214
26712,0.14588678
26713,0.24415843
26714,0.16426824
26715,0.15320711
26716,0.15703976
26717,0.27425256
26718,0.19300497
26719,0.5114049
26720,0.23771164
26721,0.07022403
26722,0.15301847
26723,0.11739909
26724,0.15397233
26725,0.23124261
26726,0.17358686
26727,0.15435874
26728,0.29151258
26729,0.116340265
26730,0.31733
26731,0.26832306
26732,0.079561815
26733,0.20460458
26734,0.08136246
26735,0.2925797
26736,0.2842606
26737,0.25544614
26738,0.13082634
26739,0.36910415
26740,0.22861214
26741,0.37084496
26742,0.029912593
26743,0.33222526
26744,0.53821665
26745,0.09697419
26746,0.1549346
26747,0.5071607
26748,0.116301015
26749,0.19847012
26750,0.09004696
26751,0.28628686
26752,0.25850034
26753,0.13180661
26754,0.24307062
26755,0.03224667
26756,0.2064312
26757,0.66878927
26758,0.22461922
26759,0.12554072
26760,0.2863548
26761,0.041877963
26762,0.06476243
26763,0.10624572
26764,0.052829064
26765,0.20788099
26766,0.06612886
26767,0.19257312
26768,0.5876386
26769,0.044075992
26770,0.35530326
26771,0.17836997
26772,0.082068
26773,0.11026447
26774,0.23907584
26775,0.20358865
26776,0.058755893
26777,0.12709464
26778,0.2651499
26779,0.19118658
26780,0.19901195
26781,0.2600246
26782,0.2510964
26783,0.16505672
26784,0.05569809
26785,0.1409339
26786,0.07084645
26787,0.2683205
26788,0.15579517
26789,0.47500154
26790,0.05348087
26791,0.49802247
26792,0.19908892
26793,0.28170615
26794,0.1178696
26795,0.272867
26796,0.2860696
26797,0.25224257
26798,0.20307954
26799,0.40015945
26800,0.4801514
26801,0.2351277
26802,0.17638488
26803,0.14891599
26804,0.36081108
26805,0.4820219
26806,0.22135428
26807,0.2926108
26808,0.12911786
26809,0.38802806
26810,0.18197255
26811,0.06190003
26812,0.083368815
26813,0.20905356
26814,0.29336917
26815,0.31392035
26816,0.22444703
26817,0.23085475
26818,0.19056872
26819,0.15116423
26820,0.09328963
26821,0.19303443
26822,0.275611
26823,0.12010756
26824,0.02948239
26825,0.111420386
26826,0.09761534
26827,0.12141566
26828,0.16298263
26829,0.05097692
26830,0.34929585
26831,0.05248952
26832,0.09452415
26833,0.26203358
26834,0.5146532
26835,0.26949912
26836,0.33889425
26837,0.1819246
26838,0.28521234
26839,0.19869822
26840,0.27954623
26841,0.04324199
26842,0.2502698
26843,0.18846637
26844,0.2523979
26845,0.12051855
26846,0.5064916
26847,0.20556271
26848,0.16113317
26849,0.18739572
26850,0.121861435
26851,0.13419099
26852,0.12424033
26853,0.22157773
26854,0.10829986
26855,0.27142486
26856,0.31945392
26857,0.10171276
26858,0.14676186
26859,0.20461851
26860,0.32214475
26861,0.3328882
26862,0.10432335
26863,0.10897556
26864,0.19940443
26865,0.027870193
26866,0.32987726
26867,0.26692477
26868,0.11666584
26869,0.34339538
26870,0.19538388
26871,0.19874577
26872,0.30897868
26873,0.11438816
26874,0.19259879
26875,0.09823869
26876,0.2950829
26877,0.14992397
26878,0.262269
26879,0.09220787
26880,0.12740833
26881,0.19636016
26882,0.1873772
26883,0.17840993
26884,0.16455166
26885,0.20598522
26886,0.12746745
26887,0.16085765
26888,0.082476005
26889,0.355513
26890,0.23800057
26891,0.05750205
26892,0.24502668
26893,0.0549623
26894,0.34831753
26895,0.14350493
26896,0.38987705
26897,0.23949386
26898,0.17631716
26899,0.18181062
26900,0.018956622
26901,0.2505748
26902,0.13855894
26903,0.24289457
26904,0.03292161
26905,0.1276547
26906,0.16809618
26907,0.01648213
26908,0.26846674
26909,0.3968758
26910,0.26718357
26911,0.29054415
26912,0.21730992
26913,0.19954732
26914,0.07182384
26915,0.24399683
26916,0.09836579
26917,0.301065
26918,0.15239795
26919,0.41694567
26920,0.38223392
26921,0.14888063
26922,0.38050595
26923,0.11167749
26924,0.11800799
26925,0.1294947
26926,0.15785466
26927,0.07512369
26928,0.16566409
26929,0.25528884
26930,0.051648434
26931,0.06308306
26932,0.103324786
26933,0.12997775
26934,0.070719056
26935,0.1534484
26936,0.22540906
26937,0.09004039
26938,0.15451652
26939,0.27185825
26940,0.030743703
26941,0.069318384
26942,0.03200399
26943,0.110925056
26944,0.2269064
26945,0.2883275
26946,0.43346483
26947,0.14419816
26948,0.046427548
26949,0.18124197
26950,0.34748223
26951,0.43996525
26952,0.17441761
26953,0.15353806
26954,0.62573206
26955,0.19162008
26956,0.2633722
26957,0.15515964
26958,0.14274861
26959,0.08355544
26960,0.074383005
26961,0.19882551
26962,0.07999068
26963,0.20770025
26964,0.07549332
26965,0.13382566
26966,0.4298396
26967,0.24452269
26968,0.07155516
26969,0.18596925
26970,0.5466418
26971,0.13868716
26972,0.25157723
26973,0.27766106
26974,0.3912823
26975,0.36854598
26976,0.07659263
26977,0.4248391
26978,0.19825602
26979,0.06772248
26980,0.3043797
26981,0.3118095
26982,0.08493109
26983,0.08634371
26984,0.074117444
26985,0.21239497
26986,0.2222165
26987,0.24994077
26988,0.36560974
26989,0.09227614
26990,0.28897315
26991,0.12542892
26992,0.083875716
26993,0.39536354
26994,0.22051069
26995,0.15453856
26996,0.09607724
26997,0.23402523
26998,0.21691343
26999,0.27905682
27000,0.84362656
27001,0.15647869
27002,0.1290054
27003,0.21309339
27004,0.15331148
27005,0.34078178
27006,0.24195343
27007,0.33645177
27008,0.18416297
27009,0.08612025
27010,0.096809514
27011,0.056219198
27012,0.15173651
27013,0.35870808
27014,0.26790202
27015,0.42714897
27016,0.04607247
27017,0.17568952
27018,0.8590397
27019,0.14404161
27020,0.11045958
27021,0.19547017
27022,0.17927587
27023,0.33989435
27024,0.15110178
27025,0.22049442
27026,0.25265768
27027,0.22699207
27028,0.15534636
27029,0.18274261
27030,0.30582142
27031,0.1891037
27032,0.028698936
27033,0.0454285
27034,0.22097947
27035,0.11926869
27036,0.18577118
27037,0.05593743
27038,0.32209772
27039,0.29220012
27040,0.065889664
27041,0.10345029
27042,0.37972498
27043,0.10365947
27044,0.03693154
27045,0.18173568
27046,0.058568757
27047,0.2537758
27048,0.25039467
27049,0.106013305
27050,0.2734688
27051,0.58351356
27052,0.35064268
27053,0.10396258
27054,0.11099799
27055,0.31660268
27056,0.1011371
27057,0.47483495
27058,0.24868822
27059,0.27863383
27060,0.35432735
27061,0.2401414
27062,0.1556872
27063,0.20169035
27064,0.051559497
27065,0.15579787
27066,0.107430615
27067,0.13028835
27068,0.2146639
27069,0.018535731
27070,0.12864833
27071,0.10326814
27072,0.6580737
27073,0.06451527
27074,0.19166864
27075,0.02882144
27076,0.08911931
27077,0.14781457
27078,0.19330928
27079,0.16998488
27080,0.08285963
27081,0.15828454
27082,0.16915748
27083,0.1947512
27084,0.1762307
27085,0.25781727
27086,0.09157381
27087,0.2364446
27088,0.120043
27089,0.09024151
27090,0.056360163
27091,0.04102898
27092,0.09745826
27093,0.12648392
27094,0.36271915
27095,0.22974592
27096,0.10242893
27097,0.18359928
27098,0.06414278
27099,0.18691173
27100,0.11637776
27101,0.31573674
27102,0.14289415
27103,0.21667394
27104,0.14395028
27105,0.0963659
27106,0.16517432
27107,0.1189634
27108,0.13341108
27109,0.07187388
27110,0.19492628
27111,0.10285287
27112,0.019076023
27113,0.08100559
27114,0.10764935
27115,0.22629017
27116,0.46711615
27117,0.14740431
27118,0.18001711
27119,0.07182551
27120,0.115248576
27121,0.088947475
27122,0.35191768
27123,0.32409725
27124,0.08312988
27125,0.14148876
27126,0.09782186
27127,0.18418202
27128,0.13822044
27129,0.19721451
27130,0.12974596
27131,0.064075544
27132,0.17274392
27133,0.2125951
27134,0.27060574
27135,0.121089086
27136,0.16531305
27137,0.05685669
27138,0.29083985
27139,0.2841903
27140,0.06398885
27141,0.48962933
27142,0.2209506
27143,0.07294905
27144,0.21505687
27145,0.16677289
27146,0.19855204
27147,0.14642474
27148,0.19759794
27149,0.28584027
27150,0.57842666
27151,0.26750755
27152,0.11612749
27153,0.19105169
27154,0.17245694
27155,0.2521957
27156,0.24024159
27157,0.6956448
27158,0.06500757
27159,0.34827626
27160,0.2240022
27161,0.046575766
27162,0.42857534
27163,0.39880714
27164,0.18866953
27165,0.12682347
27166,0.33910903
27167,0.30261043
27168,0.060049605
27169,0.28303137
27170,0.34808278
27171,0.06544406
27172,0.17832154
27173,0.15705754
27174,0.1729224
27175,0.20862171
27176,0.22510839
27177,0.32848665
27178,0.12366237
27179,0.09071112
27180,0.09163044
27181,0.19588284
27182,0.056719217
27183,0.23465833
27184,0.29604515
27185,0.33972532
27186,0.07866904
27187,0.2404843
27188,0.43223572
27189,0.07744517
27190,0.16276
27191,0.18362515
27192,0.3357056
27193,0.06596338
27194,0.44006404
27195,0.15647662
27196,0.35665748
27197,0.49367556
27198,0.18168047
27199,0.15054083
27200,0.04483521
27201,0.3980592
27202,0.18798873
27203,0.18771888
27204,0.14086823
27205,0.037253648
27206,0.036623746
27207,0.29069206
27208,0.16505907
27209,0.29248255
27210,0.19294834
27211,0.3985058
27212,0.29281694
27213,0.5521071
27214,0.17449982
27215,0.06942755
27216,0.30745205
27217,0.07570145
27218,0.20317252
27219,0.13428186
27220,0.2371767
27221,0.45597833
27222,0.2237384
27223,0.31686455
27224,0.2941156
27225,0.08870258
27226,0.07320057
27227,0.20204192
27228,0.36039028
27229,0.09837357
27230,0.19958942
27231,0.3341236
27232,0.16729586
27233,0.0943243
27234,0.08360303
27235,0.1711482
27236,0.22036865
27237,0.13288164
27238,0.22353074
27239,0.102627926
27240,0.17918879
27241,0.09019479
27242,0.122726634
27243,0.061239127
27244,0.57171893
27245,0.3122376
27246,0.09890867
27247,0.2357841
27248,0.08568914
27249,0.07386417
27250,0.04013985
27251,0.1893951
27252,0.29438993
27253,0.24207449
27254,0.57502586
27255,0.196644
27256,0.5241169
27257,0.41029647
27258,0.13891855
27259,0.14034769
27260,0.064570114
27261,0.15840036
27262,0.2567527
27263,0.26407173
27264,0.32022798
27265,0.28357437
27266,0.16250591
27267,0.1371061
27268,0.090287775
27269,0.27095896
27270,0.09036225
27271,0.20672897
27272,0.100793794
27273,0.38093585
27274,0.23120144
27275,0.1792902
27276,0.15209657
27277,0.1900163
27278,0.18106045
27279,0.18858711
27280,0.17057338
27281,0.35941324
27282,0.21175426
27283,0.06330022
27284,0.29620886
27285,0.12287786
27286,0.20592365
27287,0.25456187
27288,0.13482139
27289,0.34794763
27290,0.4694636
27291,0.36757544
27292,0.032923933
27293,0.03551719
27294,0.088870555
27295,0.10977814
27296,0.3307426
27297,0.52517396
27298,0.8585489
27299,0.105209686
27300,0.12958474
27301,0.1122664
27302,0.13208753
27303,0.17115878
27304,0.3875765
27305,0.20792693
27306,0.61864734
27307,0.20981713
27308,0.47966972
27309,0.1649778
27310,0.20948635
27311,0.07084197
27312,0.073116235
27313,0.16460632
27314,0.13438196
27315,0.23542038
27316,0.101061955
27317,0.14978129
27318,0.06801016
27319,0.44455025
27320,0.12445075
27321,0.2041936
27322,0.3653493
27323,0.25324208
27324,0.11905491
27325,0.0768612
27326,0.06709536
27327,0.041179556
27328,0.04378171
27329,0.20563604
27330,0.13567063
27331,0.08169316
27332,0.31181923
27333,0.054444492
27334,0.29229254
27335,0.20723222
27336,0.19788328
27337,0.30880702
27338,0.1226349
27339,0.37722442
27340,0.16744208
27341,0.056893792
27342,0.23435798
27343,0.45310768
27344,0.37701616
27345,0.1455555
27346,0.34382784
27347,0.034518827
27348,0.17350063
27349,0.21817467
27350,0.45160684
27351,0.23336206
27352,0.31846213
27353,0.5428169
27354,0.2851418
27355,0.19158834
27356,0.17530878
27357,0.1608461
27358,0.28093395
27359,0.59385204
27360,0.13381709
27361,0.20824485
27362,0.17973487
27363,0.123965085
27364,0.16762431
27365,0.17231034
27366,0.14856246
27367,0.26014927
27368,0.13905913
27369,0.3615426
27370,0.13521759
27371,0.24600889
27372,0.24936771
27373,0.12699302
27374,0.1467342
27375,0.36178136
27376,0.05692558
27377,0.12920192
27378,0.11472443
27379,0.28870267
27380,0.1572251
27381,0.2646914
27382,0.43009636
27383,0.054817762
27384,0.24014515
27385,0.05340957
27386,0.023615967
27387,0.21693937
27388,0.16018875
27389,0.661978
27390,0.22069989
27391,0.23233141
27392,0.25727865
27393,0.43767634
27394,0.20805089
27395,0.32055938
27396,0.42864043
27397,0.60531616
27398,0.3116435
27399,0.15602082
27400,0.4083618
27401,0.50122744
27402,0.30803892
27403,0.16664743
27404,0.41381127
27405,0.17284542
27406,0.1334348
27407,0.2511839
27408,0.07917039
27409,0.46147248
27410,0.19867471
27411,0.25844812
27412,0.3865359
27413,0.4275098
27414,0.028046582
27415,0.17485671
27416,0.110208854
27417,0.2217037
27418,0.14552441
27419,0.11587194
27420,0.35007572
27421,0.045157958
27422,0.2908197
27423,0.119900234
27424,0.052525863
27425,0.113515444
27426,0.07118556
27427,0.19128013
27428,0.22977729
27429,0.44346112
27430,0.17362025
27431,0.21231611
27432,0.22070499
27433,0.26662904
27434,0.4910382
27435,0.3085607
27436,0.14853758
27437,0.17280732
27438,0.041402902
27439,0.048680183
27440,0.09956854
27441,0.20494358
27442,0.33156127
27443,0.103992075
27444,0.1280946
27445,0.3268129
27446,0.18486804
27447,0.13861936
27448,0.20561005
27449,0.17577374
27450,0.40983373
27451,0.035457928
27452,0.16942059
27453,0.1852187
27454,0.14533682
27455,0.09680791
27456,0.13793163
27457,0.12094894
27458,0.03639176
27459,0.12332004
27460,0.10395205
27461,0.3216434
27462,0.3942565
27463,0.25911182
27464,0.21965478
27465,0.097030774
27466,0.25162682
27467,0.27796587
27468,0.32314923
27469,0.42855301
27470,0.05406867
27471,0.11316129
27472,0.044738874
27473,0.050316595
27474,0.1424436
27475,0.21457891
27476,0.1301475
27477,0.2888337
27478,0.18827139
27479,0.4053994
27480,0.09857149
27481,0.22504722
27482,0.36668932
27483,0.12722288
27484,0.25837925
27485,0.39740917
27486,0.6866891
27487,0.04469278
27488,0.12878346
27489,0.055516355
27490,0.113489866
27491,0.17652175
27492,0.10006121
27493,0.2996769
27494,0.3376372
27495,0.17816426
27496,0.46773562
27497,0.29097402
27498,0.24746488
27499,0.14599612
27500,0.055547073
27501,0.31605905
27502,0.16243547
27503,0.3413135
27504,0.1426609
27505,0.091967314
27506,0.08005987
27507,0.35063428
27508,0.6564576
27509,0.12611651
27510,0.11141575
27511,0.10433375
27512,0.22876294
27513,0.19950771
27514,0.14103635
27515,0.51268464
27516,0.031195
27517,0.1627326
27518,0.05237817
27519,0.24346104
27520,0.13298737
27521,0.17480122
27522,0.2825319
27523,0.2153753
27524,0.4358625
27525,0.23024562
27526,0.071775734
27527,0.33483577
27528,0.30104786
27529,0.107245356
27530,0.15606666
27531,0.063455634
27532,0.10846142
27533,0.16730517
27534,0.035974592
27535,0.0696816
27536,0.28686523
27537,0.27937087
27538,0.09548691
27539,0.39879
27540,0.22832163
27541,0.1394168
27542,0.17973603
27543,0.26775637
27544,0.28721404
27545,0.16229554
27546,0.328084
27547,0.5289575
27548,0.25439736
27549,0.07958933
27550,0.1362211
27551,0.13188633
27552,0.630264
27553,0.30279344
27554,0.23566386
27555,0.12575322
27556,0.08809885
27557,0.34143424
27558,0.26190838
27559,0.33668414
27560,0.123481415
27561,0.18762602
27562,0.2271285
27563,0.12714143
27564,0.31404072
27565,0.1343488
27566,0.16201521
27567,0.24149275
27568,0.25094646
27569,0.06188271
27570,0.19960183
27571,0.13888179
27572,0.13136598
27573,0.18744828
27574,0.26135334
27575,0.22242406
27576,0.21968402
27577,0.12759615
27578,0.4272422
27579,0.06994583
27580,0.32169664
27581,0.097336866
27582,0.16396445
27583,0.017776534
27584,0.4544599
27585,0.18113631
27586,0.06436527
27587,0.36783448
27588,0.28503528
27589,0.15003464
27590,0.07831486
27591,0.249084
27592,0.10063774
27593,0.18896478
27594,0.574958
27595,0.1259759
27596,0.2831064
27597,0.04097112
27598,0.35632753
27599,0.080102324
27600,0.20884058
27601,0.15496863
27602,0.12621796
27603,0.28715432
27604,0.2810577
27605,0.14857116
27606,0.20477968
27607,0.20406157
27608,0.509167
27609,0.07865076
27610,0.16746998
27611,0.3154506
27612,0.40960908
27613,0.18668187
27614,0.30838364
27615,0.035900746
27616,0.16456214
27617,0.22399038
27618,0.06677993
27619,0.28024262
27620,0.26906615
27621,0.07228499
27622,0.08188816
27623,0.04661534
27624,0.08872683
27625,0.32928392
27626,0.18540917
27627,0.45193297
27628,0.22867279
27629,0.26746306
27630,0.19579403
27631,0.16538735
27632,0.11319569
27633,0.52158296
27634,0.6033591
27635,0.26905593
27636,0.28802866
27637,0.12445115
27638,0.22790493
27639,0.30468857
27640,0.3932971
27641,0.06340058
27642,0.12165604
27643,0.112511724
27644,0.05000902
27645,0.13843597
27646,0.24204518
27647,0.3903987
27648,0.34633142
27649,0.20635764
27650,0.1452108
27651,0.112614654
27652,0.16009714
27653,0.20036232
27654,0.18988591
27655,0.3217593
27656,0.3003352
27657,0.20577772
27658,0.7979108
27659,0.12720437
27660,0.16923063
27661,0.38467172
27662,0.40254608
27663,0.22959976
27664,0.11016559
27665,0.26411474
27666,0.12459677
27667,0.19130157
27668,0.05628157
27669,0.12123669
27670,0.10820133
27671,0.28723353
27672,0.04517376
27673,0.14391442
27674,0.06929753
27675,0.26626864
27676,0.34838626
27677,0.2755524
27678,0.27975422
27679,0.209605
27680,0.28043696
27681,0.06830023
27682,0.16304238
27683,0.11566568
27684,0.1778264
27685,0.13449748
27686,0.20124851
27687,0.07414507
27688,0.19468214
27689,0.10889569
27690,0.13757262
27691,0.25082314
27692,0.39479852
27693,0.32258213
27694,0.23968552
27695,0.22292304
27696,0.2612457
27697,0.06693294
27698,0.03742709
27699,0.20523317
27700,0.2736413
27701,0.07627002
27702,0.16098098
27703,0.15827687
27704,0.25758454
27705,0.12757586
27706,0.07996805
27707,0.14237706
27708,0.13130385
27709,0.030200439
27710,0.3073915
27711,0.1920187
27712,0.07642271
27713,0.1720391
27714,0.29180264
27715,0.070126295
27716,0.26103762
27717,0.082520455
27718,0.18216228
27719,0.09130004
27720,0.27987102
27721,0.08993231
27722,0.112861685
27723,0.19619468
27724,0.13856977
27725,0.18920085
27726,0.25638068
27727,0.17365235
27728,0.09318733
27729,0.13792473
27730,0.38892207
27731,0.04116005
27732,0.17628406
27733,0.24508841
27734,0.14174862
27735,0.23864521
27736,0.3333515
27737,0.4340553
27738,0.038079966
27739,0.09445549
27740,0.1468607
27741,0.15606593
27742,0.21885365
27743,0.099967815
27744,0.28678805
27745,0.21110097
27746,0.19263676
27747,0.262148
27748,0.25063708
27749,0.14390373
27750,0.083332986
27751,0.11396785
27752,0.386286
27753,0.36766177
27754,0.21825068
27755,0.22979984
27756,0.19129683
27757,0.1489394
27758,0.24318898
27759,0.56811297
27760,0.27134666
27761,0.14516832
27762,0.40578514
27763,0.35911238
27764,0.075719416
27765,0.1668011
27766,0.07891374
27767,0.21082087
27768,0.22242162
27769,0.12891662
27770,0.20084654
27771,0.09719087
27772,0.1937078
27773,0.22347909
27774,0.30141327
27775,0.13574572
27776,0.22084695
27777,0.35756987
27778,0.40162256
27779,0.1872516
27780,0.064018875
27781,0.28166655
27782,0.22465618
27783,0.47105524
27784,0.02218659
27785,0.17053296
27786,0.2880654
27787,0.18281978
27788,0.09265903
27789,0.30765224
27790,0.3621293
27791,0.118596196
27792,0.40784848
27793,0.025807224
27794,0.37645558
27795,0.38609236
27796,0.2276135
27797,0.15535237
27798,0.06547313
27799,0.27015755
27800,0.23366335
27801,0.11935899
27802,0.11189296
27803,0.21069333
27804,0.43012032
27805,0.09543359
27806,0.48949248
27807,0.17187381
27808,0.38418823
27809,0.26262358
27810,0.035530146
27811,0.40086645
27812,0.022069793
27813,0.3124948
27814,0.33612475
27815,0.3386963
27816,0.16569951
27817,0.16286263
27818,0.09978873
27819,0.22109297
27820,0.43707976
27821,0.07909672
27822,0.14830314
27823,0.13995565
27824,0.32726234
27825,0.35331792
27826,0.017036332
27827,0.42223534
27828,0.1569945
27829,0.15502833
27830,0.337544
27831,0.45174736
27832,0.085444644
27833,0.026779838
27834,0.19426484
27835,0.17355233
27836,0.13507375
27837,0.11648116
27838,0.10950526
27839,0.2001257
27840,0.2679968
27841,0.32216272
27842,0.18614183
27843,0.16375487
27844,0.24027865
27845,0.123187505
27846,0.23497054
27847,0.34896913
27848,0.15343748
27849,0.103138745
27850,0.47179344
27851,0.19883674
27852,0.10863716
27853,0.34584844
27854,0.3631934
27855,0.1930148
27856,0.08820494
27857,0.03751102
27858,0.06254716
27859,0.14463873
27860,0.23563357
27861,0.19351439
27862,0.35321173
27863,0.32361868
27864,0.15455191
27865,0.09460483
27866,0.0796097
27867,0.053796124
27868,0.2983605
27869,0.29734892
27870,0.109969646
27871,0.18794383
27872,0.04821496
27873,0.1357502
27874,0.5450134
27875,0.24455959
27876,0.318295
27877,0.13261503
27878,0.23800667
27879,0.10316712
27880,0.034116402
27881,0.19087833
27882,0.13181777
27883,0.28768826
27884,0.18113881
27885,0.6410809
27886,0.19471775
27887,0.082351506
27888,0.43702137
27889,0.10533288
27890,0.28957534
27891,0.12795112
27892,0.14652339
27893,0.38453034
27894,0.12368477
27895,0.11942545
27896,0.19164947
27897,0.13736765
27898,0.3180937
27899,0.24749969
27900,0.24437882
27901,0.18021083
27902,0.19217627
27903,0.21596739
27904,0.046314463
27905,0.16168936
27906,0.026048852
27907,0.17863998
27908,0.21928109
27909,0.25787982
27910,0.15581056
27911,0.03344559
27912,0.12797284
27913,0.21424885
27914,0.15269886
27915,0.045382433
27916,0.04362987
27917,0.536694
27918,0.06720506
27919,0.6830025
27920,0.37624472
27921,0.060004912
27922,0.29133448
27923,0.040172786
27924,0.113882296
27925,0.055351254
27926,0.5343739
27927,0.18816642
27928,0.23591912
27929,0.037718184
27930,0.1445065
27931,0.1520745
27932,0.24519862
27933,0.3751698
27934,0.24671496
27935,0.24650104
27936,0.059719745
27937,0.33177337
27938,0.22513983
27939,0.0918322
27940,0.14160064
27941,0.17672874
27942,0.15154955
27943,0.12768391
27944,0.23245585
27945,0.04637248
27946,0.16231818
27947,0.18719487
27948,0.1076349
27949,0.13930956
27950,0.2711665
27951,0.21373552
27952,0.120888114
27953,0.050337628
27954,0.025110902
27955,0.31697348
27956,0.07921636
27957,0.11463618
27958,0.029623616
27959,0.4847493
27960,0.28092664
27961,0.13963081
27962,0.28793916
27963,0.13250315
27964,0.40497547
27965,0.107396625
27966,0.31094867
27967,0.43166122
27968,0.0468399
27969,0.3889617
27970,0.2927042
27971,0.12086416
27972,0.66367483
27973,0.104674235
27974,0.45001882
27975,0.2046543
27976,0.4467549
27977,0.22952911
27978,0.109458156
27979,0.6397393
27980,0.31040043
27981,0.099547185
27982,0.56723815
27983,0.22756536
27984,0.03019073
27985,0.2620364
27986,0.20203516
27987,0.40496528
27988,0.06604647
27989,0.18940157
27990,0.31847814
27991,0.23899174
27992,0.09345068
27993,0.10464943
27994,0.17100103
27995,0.40514466
27996,0.08564158
27997,0.15505053
27998,0.30705497
27999,0.1439313
28000,0.03821414
28001,0.11121305
28002,0.14116518
28003,0.27033114
28004,0.19511032
28005,0.15113895
28006,0.42328903
28007,0.23392008
28008,0.17657804
28009,0.2044963
28010,0.13370907
28011,0.57348686
28012,0.15661754
28013,0.049053848
28014,0.21750411
28015,0.3014038
28016,0.13127287
28017,0.20328046
28018,0.1293809
28019,0.018166848
28020,0.10204184
28021,0.19320202
28022,0.18660292
28023,0.2359246
28024,0.12878095
28025,0.07866455
28026,0.20903398
28027,0.05854395
28028,0.19368799
28029,0.22991826
28030,0.331999
28031,0.017902482
28032,0.15163888
28033,0.071912475
28034,0.21331818
28035,0.11203208
28036,0.2895386
28037,0.17711093
28038,0.19672719
28039,0.11939716
28040,0.2841368
28041,0.41759765
28042,0.21370864
28043,0.3893032
28044,0.18303125
28045,0.45987684
28046,0.296182
28047,0.22904982
28048,0.2440554
28049,0.41051728
28050,0.23822962
28051,0.40688485
28052,0.18901092
28053,0.17214054
28054,0.22914034
28055,0.20095909
28056,0.3925217
28057,0.12827587
28058,0.10039855
28059,0.25198397
28060,0.11095349
28061,0.100257225
28062,0.27195603
28063,0.37127468
28064,0.31714356
28065,0.14341792
28066,0.19871347
28067,0.1962919
28068,0.32632947
28069,0.18437393
28070,0.4195283
28071,0.16943923
28072,0.085662305
28073,0.117092095
28074,0.16601501
28075,0.24161625
28076,0.36683774
28077,0.33774653
28078,0.19686665
28079,0.32248816
28080,0.32896838
28081,0.53018874
28082,0.16663438
28083,0.22758217
28084,0.36125997
28085,0.032073554
28086,0.2613277
28087,0.03971351
28088,0.09031785
28089,0.06774677
28090,0.6471615
28091,0.190889
28092,0.06822697
28093,0.09131717
28094,0.3176546
28095,0.26294056
28096,0.07393701
28097,0.18686733
28098,0.18860483
28099,0.095100746
28100,0.19057187
28101,0.16528338
28102,0.2940151
28103,0.28215
28104,0.21827321
28105,0.10092465
28106,0.35060853
28107,0.10439754
28108,0.23177238
28109,0.07943903
28110,0.016938353
28111,0.5688289
28112,0.08404841
28113,0.34432873
28114,0.13756892
28115,0.02645513
28116,0.23873958
28117,0.21048182
28118,0.45493153
28119,0.5260093
28120,0.45022285
28121,0.36214805
28122,0.02260354
28123,0.35185766
28124,0.21579179
28125,0.24846604
28126,0.13839062
28127,0.08137714
28128,0.5107785
28129,0.08141699
28130,0.20047604
28131,0.16023952
28132,0.4165207
28133,0.30440253
28134,0.4372188
28135,0.112534076
28136,0.26928407
28137,0.10354599
28138,0.14772324
28139,0.40584144
28140,0.19476756
28141,0.27291077
28142,0.17451617
28143,0.2151871
28144,0.3558088
28145,0.10629693
28146,0.120403305
28147,0.19628252
28148,0.1835828
28149,0.0952883
28150,0.11942539
28151,0.28726867
28152,0.686584
28153,0.06610214
28154,0.19675925
28155,0.3251399
28156,0.33639395
28157,0.49076483
28158,0.11685851
28159,0.11364271
28160,0.09012054
28161,0.5330806
28162,0.5103571
28163,0.38858837
28164,0.027712824
28165,0.4784912
28166,0.108071916
28167,0.09385742
28168,0.34282544
28169,0.17670664
28170,0.31647912
28171,0.09978302
28172,0.06393633
28173,0.24078162
28174,0.1078319
28175,0.10158923
28176,0.121536404
28177,0.140237
28178,0.10769343
28179,0.10118271
28180,0.32396615
28181,0.20203987
28182,0.24864429
28183,0.14498006
28184,0.3083633
28185,0.21035348
28186,0.072482765
28187,0.053836137
28188,0.17370062
28189,0.055618025
28190,0.27362216
28191,0.18053031
28192,0.18236808
28193,0.12887986
28194,0.29187927
28195,0.6363371
28196,0.14607102
28197,0.08427443
28198,0.08010236
28199,0.28288746
28200,0.045042176
28201,0.317098
28202,0.21039003
28203,0.28457266
28204,0.22313812
28205,0.132069
28206,0.059812646
28207,0.23124559
28208,0.14709547
28209,0.35909253
28210,0.16890824
28211,0.20101543
28212,0.3284406
28213,0.055293053
28214,0.5662218
28215,0.20292711
28216,0.2332001
28217,0.14409974
28218,0.2059106
28219,0.22608736
28220,0.2222406
28221,0.67798
28222,0.23690449
28223,0.055402525
28224,0.15835522
28225,0.31512237
28226,0.28158915
28227,0.15149346
28228,0.084128566
28229,0.034476
28230,0.4133261
28231,0.23566243
28232,0.38099658
28233,0.11760929
28234,0.18801154
28235,0.025805354
28236,0.15910102
28237,0.48212457
28238,0.16564955
28239,0.6222748
28240,0.05357708
28241,0.12138912
28242,0.5886731
28243,0.21591294
28244,0.17649949
28245,0.06949431
28246,0.23163214
28247,0.39780712
28248,0.19536664
28249,0.45239818
28250,0.5712498
28251,0.22247334
28252,0.118599996
28253,0.17048036
28254,0.17639665
28255,0.14100926
28256,0.06707826
28257,0.246034
28258,0.10789835
28259,0.22106165
28260,0.43375373
28261,0.39625964
28262,0.3486012
28263,0.05635891
28264,0.2769845
28265,0.477222
28266,0.12758756
28267,0.04020319
28268,0.19916068
28269,0.30723184
28270,0.37355047
28271,0.073420756
28272,0.17042568
28273,0.14529803
28274,0.2056671
28275,0.45324373
28276,0.2154153
28277,0.75265235
28278,0.05944588
28279,0.07410297
28280,0.2036671
28281,0.4195583
28282,0.30055693
28283,0.15215877
28284,0.3989841
28285,0.070685804
28286,0.16255085
28287,0.14550231
28288,0.43232453
28289,0.2787686
28290,0.15724699
28291,0.19500686
28292,0.17256224
28293,0.36133564
28294,0.061660275
28295,0.16866449
28296,0.14209639
28297,0.018126681
28298,0.33714238
28299,0.25482127
28300,0.19414559
28301,0.08892163
28302,0.16894412
28303,0.1589877
28304,0.21372622
28305,0.22260515
28306,0.24459341
28307,0.24754173
28308,0.08713746
28309,0.19547275
28310,0.011904782
28311,0.42770573
28312,0.26947203
28313,0.3072837
28314,0.104828015
28315,0.1980258
28316,0.14857818
28317,0.15593125
28318,0.1604489
28319,0.16702485
28320,0.052415624
28321,0.23641357
28322,0.13595797
28323,0.24832356
28324,0.13413122
28325,0.4092852
28326,0.04712914
28327,0.28497007
28328,0.30685925
28329,0.1843853
28330,0.121902496
28331,0.09145138
28332,0.4771386
28333,0.10544037
28334,0.47030932
28335,0.11145045
28336,0.10026238
28337,0.074909285
28338,0.2005147
28339,0.5782046
28340,0.44852084
28341,0.146029
28342,0.28874537
28343,0.14038059
28344,0.12439436
28345,0.27162802
28346,0.07616307
28347,0.059651878
28348,0.061222978
28349,0.1746195
28350,0.20443344
28351,0.30216187
28352,0.22550952
28353,0.22030461
28354,0.15187907
28355,0.08571321
28356,0.31223935
28357,0.105137676
28358,0.16091599
28359,0.18827628
28360,0.23341472
28361,0.18308978
28362,0.21130174
28363,0.19748557
28364,0.13331056
28365,0.23602138
28366,0.3544337
28367,0.35626087
28368,0.19636229
28369,0.2594635
28370,0.3557249
28371,0.2552017
28372,0.30035716
28373,0.2923204
28374,0.13556783
28375,0.5397857
28376,0.19709603
28377,0.06408762
28378,0.1074327
28379,0.22414206
28380,0.24480861
28381,0.18597257
28382,0.34830853
28383,0.09172098
28384,0.09198625
28385,0.23030482
28386,0.45718467
28387,0.15573342
28388,0.09079656
28389,0.21469149
28390,0.22760302
28391,0.13704967
28392,0.12603697
28393,0.024986394
28394,0.31799498
28395,0.27769107
28396,0.08277993
28397,0.11923106
28398,0.09509533
28399,0.28046548
28400,0.112002485
28401,0.2057406
28402,0.23477913
28403,0.13059463
28404,0.47477716
28405,0.19869904
28406,0.13119847
28407,0.43626353
28408,0.33096063
28409,0.21918188
28410,0.23194084
28411,0.22252636
28412,0.28476855
28413,0.44701746
28414,0.327624
28415,0.16100976
28416,0.2090492
28417,0.39538702
28418,0.07533711
28419,0.10915183
28420,0.08446692
28421,0.10763572
28422,0.35571253
28423,0.19326498
28424,0.3602572
28425,0.41993004
28426,0.2553622
28427,0.17879656
28428,0.27869204
28429,0.29784235
28430,0.04776767
28431,0.16425452
28432,0.24082641
28433,0.30331445
28434,0.22525215
28435,0.30458057
28436,0.38976824
28437,0.11271235
28438,0.31933963
28439,0.07995077
28440,0.12916519
28441,0.11483439
28442,0.24674623
28443,0.17475851
28444,0.040265065
28445,0.08311313
28446,0.3771687
28447,0.09110804
28448,0.14352472
28449,0.22091068
28450,0.1599055
28451,0.008531454
28452,0.18340194
28453,0.10527755
28454,0.10513696
28455,0.06216218
28456,0.3303328
28457,0.125756
28458,0.53924954
28459,0.47122893
28460,0.24540837
28461,0.21741208
28462,0.12983328
28463,0.10922553
28464,0.39070186
28465,0.1812868
28466,0.09367335
28467,0.16822866
28468,0.18474555
28469,0.093296245
28470,0.056289785
28471,0.09714472
28472,0.14062099
28473,0.11225394
28474,0.14693469
28475,0.42313844
28476,0.10421272
28477,0.21417601
28478,0.31526026
28479,0.19795814
28480,0.17321329
28481,0.069795355
28482,0.1302036
28483,0.20211363
28484,0.39194223
28485,0.31742507
28486,0.2835653
28487,0.058718313
28488,0.0717749
28489,0.062060084
28490,0.11992942
28491,0.21062739
28492,0.2784781
28493,0.08237533
28494,0.16968518
28495,0.032899786
28496,0.40820885
28497,0.1572575
28498,0.11289697
28499,0.20061302
28500,0.15230772
28501,0.64278424
28502,0.24484302
28503,0.09682762
28504,0.045515068
28505,0.10519317
28506,0.1789462
28507,0.2518985
28508,0.6074407
28509,0.25682116
28510,0.14920497
28511,0.26726073
28512,0.23420545
28513,0.049790014
28514,0.12071434
28515,0.37564492
28516,0.19806631
28517,0.26266378
28518,0.20532222
28519,0.13500126
28520,0.19056089
28521,0.11418729
28522,0.13794659
28523,0.20971839
28524,0.15368414
28525,0.16692816
28526,0.43819776
28527,0.068617046
28528,0.0767573
28529,0.1959711
28530,0.14166313
28531,0.10658334
28532,0.12814595
28533,0.16407993
28534,0.229783
28535,0.48737842
28536,0.298173
28537,0.13120209
28538,0.33191583
28539,0.22089116
28540,0.29415742
28541,0.12114539
28542,0.10147228
28543,0.3521565
28544,0.2699822
28545,0.422836
28546,0.326795
28547,0.28092495
28548,0.29859033
28549,0.468179
28550,0.14039314
28551,0.16567715
28552,0.20748228
28553,0.34177816
28554,0.23521748
28555,0.2654862
28556,0.22932126
28557,0.25277168
28558,0.089385204
28559,0.18501844
28560,0.06872206
28561,0.042359736
28562,0.5605223
28563,0.6019888
28564,0.51543444
28565,0.15745677
28566,0.26550597
28567,0.12854034
28568,0.4173811
28569,0.22370179
28570,0.2005254
28571,0.1706016
28572,0.16689435
28573,0.31604475
28574,0.19591744
28575,0.13382849
28576,0.07075348
28577,0.38250348
28578,0.31783533
28579,0.16725987
28580,0.19344273
28581,0.20570159
28582,0.22248536
28583,0.099090606
28584,0.05108447
28585,0.27643865
28586,0.070578955
28587,0.16940774
28588,0.123506546
28589,0.26203117
28590,0.091878034
28591,0.1058192
28592,0.03815711
28593,0.13962199
28594,0.20576711
28595,0.13546994
28596,0.17916027
28597,0.15779833
28598,0.19177538
28599,0.05674357
28600,0.11966524
28601,0.21141116
28602,0.079004005
28603,0.37357196
28604,0.22093967
28605,0.45114505
28606,0.20916414
28607,0.11562971
28608,0.149491
28609,0.19950084
28610,0.18508688
28611,0.12016782
28612,0.024844864
28613,0.10474868
28614,0.094296426
28615,0.2267063
28616,0.032383338
28617,0.49773407
28618,0.8621841
28619,0.22638994
28620,0.41977328
28621,0.25421527
28622,0.20643075
28623,0.15453283
28624,0.1256352
28625,0.1654714
28626,0.19162676
28627,0.049876515
28628,0.20152095
28629,0.1812947
28630,0.14760795
28631,0.35747004
28632,0.2150312
28633,0.08721684
28634,0.13459422
28635,0.3039251
28636,0.36138958
28637,0.056325447
28638,0.15033562
28639,0.020649249
28640,0.11190614
28641,0.43344906
28642,0.13913946
28643,0.6671747
28644,0.3189663
28645,0.12569249
28646,0.047808506
28647,0.09413544
28648,0.11456658
28649,0.434609
28650,0.23085737
28651,0.14303978
28652,0.17479937
28653,0.16696861
28654,0.23465593
28655,0.24262567
28656,0.37151974
28657,0.20086804
28658,0.3160546
28659,0.021053605
28660,0.37390274
28661,0.20286462
28662,0.1775785
28663,0.24795075
28664,0.19688311
28665,0.07368659
28666,0.38782305
28667,0.30032122
28668,0.12850015
28669,0.17214563
28670,0.107696556
28671,0.700378
28672,0.07502502
28673,0.09605699
28674,0.10205783
28675,0.16430312
28676,0.19903156
28677,0.23116118
28678,0.03993308
28679,0.18856919
28680,0.2468297
28681,0.2666737
28682,0.068818025
28683,0.40947148
28684,0.04970239
28685,0.18438089
28686,0.31156492
28687,0.19737588
28688,0.21107414
28689,0.42620605
28690,0.10925944
28691,0.13537084
28692,0.14035241
28693,0.14573032
28694,0.236625
28695,0.060673323
28696,0.34877923
28697,0.3450694
28698,0.08209497
28699,0.15494026
28700,0.06910563
28701,0.08644038
28702,0.18960375
28703,0.2224976
28704,0.3765732
28705,0.020899354
28706,0.1079028
28707,0.2563441
28708,0.15795402
28709,0.1314391
28710,0.2835946
28711,0.16823779
28712,0.26784885
28713,0.13866897
28714,0.0693451
28715,0.23876867
28716,0.04076316
28717,0.12476631
28718,0.11008954
28719,0.12669972
28720,0.18860811
28721,0.1970136
28722,0.20379084
28723,0.27469116
28724,0.06941948
28725,0.23236755
28726,0.110184036
28727,0.18196109
28728,0.2966804
28729,0.0477203
28730,0.13408
28731,0.13863857
28732,0.20872451
28733,0.31683964
28734,0.1270558
28735,0.17447929
28736,0.2371361
28737,0.2979167
28738,0.26105726
28739,0.26734304
28740,0.35052258
28741,0.2758351
28742,0.19566946
28743,0.63118047
28744,0.25555554
28745,0.14847395
28746,0.094122715
28747,0.32710508
28748,0.116786815
28749,0.10377727
28750,0.2871553
28751,0.41916096
28752,0.24864113
28753,0.06196332
28754,0.27364653
28755,0.28605485
28756,0.16298433
28757,0.17898452
28758,0.06358515
28759,0.06506938
28760,0.38796604
28761,0.20961237
28762,0.19189087
28763,0.24219817
28764,0.19842121
28765,0.23682407
28766,0.1097026
28767,0.020754712
28768,0.18261659
28769,0.25643885
28770,0.27768067
28771,0.10237994
28772,0.11107973
28773,0.22360635
28774,0.10069122
28775,0.17288716
28776,0.07237874
28777,0.2466304
28778,0.41610226
28779,0.10222925
28780,0.17430851
28781,0.206979
28782,0.5156048
28783,0.26550436
28784,0.13509741
28785,0.19055802
28786,0.31528276
28787,0.03612785
28788,0.21387699
28789,0.2829666
28790,0.23220763
28791,0.094409354
28792,0.12592882
28793,0.051546823
28794,0.0807851
28795,0.019653168
28796,0.1756963
28797,0.1558714
28798,0.1883328
28799,0.15358105
28800,0.17310454
28801,0.11097376
28802,0.15528563
28803,0.110998794
28804,0.20592664
28805,0.16947238
28806,0.20111234
28807,0.13714446
28808,0.3043808
28809,0.12434954
28810,0.32382235
28811,0.13075896
28812,0.45991224
28813,0.14156888
28814,0.2529471
28815,0.060028277
28816,0.09071599
28817,0.24356286
28818,0.020369567
28819,0.29080197
28820,0.18466699
28821,0.085069664
28822,0.11728303
28823,0.14910783
28824,0.21808612
28825,0.29551703
28826,0.13485707
28827,0.094126135
28828,0.055988755
28829,0.14714842
28830,0.15191664
28831,0.31573212
28832,0.053338815
28833,0.1747131
28834,0.13113153
28835,0.3091472
28836,0.10788523
28837,0.18297386
28838,0.078244574
28839,0.1338643
28840,0.58505976
28841,0.15447871
28842,0.19982207
28843,0.085312255
28844,0.16417839
28845,0.19873296
28846,0.17576182
28847,0.27275714
28848,0.034150187
28849,0.19532107
28850,0.163218
28851,0.09775534
28852,0.8349517
28853,0.40859717
28854,0.29687598
28855,0.06423725
28856,0.4041307
28857,0.086268604
28858,0.25875485
28859,0.11191092
28860,0.32902896
28861,0.2805461
28862,0.15811743
28863,0.20089372
28864,0.1775165
28865,0.07418215
28866,0.07511302
28867,0.22167876
28868,0.0547614
28869,0.1005535
28870,0.30858707
28871,0.043020934
28872,0.2183834
28873,0.078926146
28874,0.4398286
28875,0.07773083
28876,0.08700305
28877,0.34724423
28878,0.57637066
28879,0.38829175
28880,0.15675986
28881,0.2547099
28882,0.05556648
28883,0.35723397
28884,0.3274435
28885,0.1844372
28886,0.5582627
28887,0.17274365
28888,0.40347528
28889,0.18352552
28890,0.15293933
28891,0.45033702
28892,0.09912341
28893,0.32898763
28894,0.099611305
28895,0.10750839
28896,0.1151648
28897,0.20312242
28898,0.14298312
28899,0.11246136
28900,0.10580562
28901,0.5803257
28902,0.12742636
28903,0.11133119
28904,0.036940422
28905,0.09036143
28906,0.3637517
28907,0.5631327
28908,0.16688976
28909,0.039396156
28910,0.17656153
28911,0.247165
28912,0.3804552
28913,0.13575071
28914,0.6775924
28915,0.07409005
28916,0.12189805
28917,0.07399279
28918,0.20363882
28919,0.23560938
28920,0.07197682
28921,0.053627625
28922,0.26504087
28923,0.24305677
28924,0.13093016
28925,0.030985212
28926,0.22051467
28927,0.3660745
28928,0.14689033
28929,0.14785103
28930,0.22524025
28931,0.15997079
28932,0.3042933
28933,0.24289854
28934,0.33889914
28935,0.2777259
28936,0.08680769
28937,0.06365271
28938,0.13190031
28939,0.17530768
28940,0.11099759
28941,0.008520531
28942,0.5702899
28943,0.17914537
28944,0.0769221
28945,0.29639658
28946,0.11523744
28947,0.29527855
28948,0.0629512
28949,0.17340553
28950,0.16769937
28951,0.07242921
28952,0.43483278
28953,0.08456892
28954,0.35687608
28955,0.14111318
28956,0.21031295
28957,0.28119576
28958,0.34010863
28959,0.1275124
28960,0.05259817
28961,0.19210304
28962,0.20039411
28963,0.10524336
28964,0.11664056
28965,0.12728457
28966,0.20362738
28967,0.1501803
28968,0.33394006
28969,0.2569088
28970,0.1380435
28971,0.057499535
28972,0.29373145
28973,0.082883276
28974,0.5382193
28975,0.1912148
28976,0.12655987
28977,0.27793083
28978,0.07855451
28979,0.10848098
28980,0.06931399
28981,0.35158557
28982,0.29785287
28983,0.21476048
28984,0.08917202
28985,0.30556118
28986,0.08010292
28987,0.22905286
28988,0.37482154
28989,0.26857397
28990,0.1013276
28991,0.13914369
28992,0.47550812
28993,0.12702312
28994,0.17702648
28995,0.12339783
28996,0.053651694
28997,0.36477798
28998,0.2659768
28999,0.26717305
29000,0.21993423
29001,0.03986753
29002,0.19546597
29003,0.08932799
29004,0.5439253
29005,0.082818694
29006,0.16968128
29007,0.22024015
29008,0.107540496
29009,0.50774443
29010,0.058873333
29011,0.31575766
29012,0.18941343
29013,0.19014691
29014,0.24392281
29015,0.20434052
29016,0.4225648
29017,0.2342543
29018,0.03898153
29019,0.3437439
29020,0.22005418
29021,0.101814955
29022,0.037128203
29023,0.0909096
29024,0.10643235
29025,0.24470794
29026,0.0708104
29027,0.30731693
29028,0.19609517
29029,0.19808967
29030,0.060852304
29031,0.510819
29032,0.027679564
29033,0.11201811
29034,0.17188565
29035,0.16940506
29036,0.06316373
29037,0.20878643
29038,0.3695741
29039,0.45951167
29040,0.35570583
29041,0.11731463
29042,0.29604897
29043,0.10828728
29044,0.26448688
29045,0.08576899
29046,0.21232192
29047,0.5230017
29048,0.44710115
29049,0.1393827
29050,0.16391167
29051,0.038733356
29052,0.2779844
29053,0.4369937
29054,0.07484252
29055,0.1752589
29056,0.206233
29057,0.074088804
29058,0.17814922
29059,0.066743076
29060,0.11025245
29061,0.40910968
29062,0.31344756
29063,0.2718259
29064,0.4659557
29065,0.3126915
29066,0.32215533
29067,0.37959075
29068,0.10034292
29069,0.22863226
29070,0.1038055
29071,0.19497834
29072,0.29447156
29073,0.13416031
29074,0.15191197
29075,0.08969056
29076,0.25629845
29077,0.34337008
29078,0.36561292
29079,0.16303155
29080,0.12071765
29081,0.14495438
29082,0.36768982
29083,0.19097805
29084,0.3199361
29085,0.40205276
29086,0.11726873
29087,0.35277593
29088,0.17065467
29089,0.38919857
29090,0.07106252
29091,0.112184316
29092,0.043345764
29093,0.043637387
29094,0.11442003
29095,0.116586894
29096,0.23798172
29097,0.28535107
29098,0.23968032
29099,0.120980196
29100,0.028824866
29101,0.33342946
29102,0.17849575
29103,0.14547502
29104,0.112398386
29105,0.074897
29106,0.13095397
29107,0.037517823
29108,0.5105045
29109,0.111208916
29110,0.24860731
29111,0.20971867
29112,0.30569023
29113,0.15702888
29114,0.4906692
29115,0.19080654
29116,0.19162442
29117,0.16885492
29118,0.29425544
29119,0.13161173
29120,0.04348886
29121,0.26474568
29122,0.24011946
29123,0.16371912
29124,0.18064572
29125,0.14520223
29126,0.0821308
29127,0.06276239
29128,0.08570063
29129,0.14614682
29130,0.34249148
29131,0.28830144
29132,0.121068254
29133,0.26484537
29134,0.19783583
29135,0.33254662
29136,0.024029974
29137,0.07585543
29138,0.28720507
29139,0.6959964
29140,0.08041073
29141,0.12200956
29142,0.41235003
29143,0.16133466
29144,0.22807327
29145,0.2814365
29146,0.38928187
29147,0.45817697
29148,0.40583947
29149,0.07657359
29150,0.3357441
29151,0.30193695
29152,0.14114149
29153,0.2486739
29154,0.14265594
29155,0.32260707
29156,0.070492834
29157,0.16851392
29158,0.04268938
29159,0.38260108
29160,0.01519176
29161,0.16343799
29162,0.18664359
29163,0.15933289
29164,0.0651247
29165,0.23911397
29166,0.06053386
29167,0.121263735
29168,0.18103004
29169,0.36940134
29170,0.1779018
29171,0.42479703
29172,0.564119
29173,0.083759174
29174,0.1386559
29175,0.282763
29176,0.38232264
29177,0.08316533
29178,0.219506
29179,0.09693242
29180,0.20671678
29181,0.5897675
29182,0.08112065
29183,0.067448
29184,0.071012035
29185,0.25377935
29186,0.1251451
29187,0.07986986
29188,0.30221775
29189,0.49918166
29190,0.19919133
29191,0.34879178
29192,0.1338479
29193,0.19058701
29194,0.051332332
29195,0.16587381
29196,0.14450702
29197,0.14087917
29198,0.33809143
29199,0.49943006
29200,0.24805051
29201,0.04470086
29202,0.114741914
29203,0.12512752
29204,0.101047404
29205,0.25481528
29206,0.1285242
29207,0.102686144
29208,0.088938355
29209,0.057567637
29210,0.42452323
29211,0.1029419
29212,0.16774821
29213,0.18521008
29214,0.0840416
29215,0.35469827
29216,0.11800855
29217,0.14454363
29218,0.09104577
29219,0.17706363
29220,0.31140277
29221,0.37897527
29222,0.23880124
29223,0.137552
29224,0.139926
29225,0.025956592
29226,0.2292859
29227,0.18230413
29228,0.15976226
29229,0.17889152
29230,0.47472444
29231,0.19713092
29232,0.08458595
29233,0.18035813
29234,0.12648809
29235,0.38445914
29236,0.13872424
29237,0.2945969
29238,0.34372717
29239,0.06452258
29240,0.30460522
29241,0.07027339
29242,0.10929676
29243,0.13231039
29244,0.27455214
29245,0.12667745
29246,0.09177017
29247,0.17817204
29248,0.2813861
29249,0.21713883
29250,0.09903135
29251,0.10538064
29252,0.03367526
29253,0.24286628
29254,0.1338357
29255,0.30884215
29256,0.23009817
29257,0.16946474
29258,0.15236188
29259,0.36648938
29260,0.07069004
29261,0.12404398
29262,0.15147942
29263,0.16234966
29264,0.25827813
29265,0.16339129
29266,0.075483985
29267,0.12383642
29268,0.038613163
29269,0.21930006
29270,0.4443774
29271,0.15550587
29272,0.18380578
29273,0.33017066
29274,0.15627947
29275,0.19455771
29276,0.25609326
29277,0.09940143
29278,0.17055538
29279,0.12724324
29280,0.19367005
29281,0.112179644
29282,0.29488647
29283,0.26606563
29284,0.0871069
29285,0.12209306
29286,0.19806434
29287,0.12940075
29288,0.6048255
29289,0.21158463
29290,0.35579175
29291,0.110839546
29292,0.25013626
29293,0.12865561
29294,0.1220571
29295,0.34383819
29296,0.33890957
29297,0.04803073
29298,0.31507227
29299,0.19408663
29300,0.14683843
29301,0.50812453
29302,0.13221627
29303,0.09167616
29304,0.23281719
29305,0.100469
29306,0.2703923
29307,0.21113674
29308,0.05874041
29309,0.29632017
29310,0.36166975
29311,0.27205732
29312,0.3793589
29313,0.3497163
29314,0.08294657
29315,0.17549315
29316,0.0969276
29317,0.05353401
29318,0.17945603
29319,0.08358983
29320,0.24464525
29321,0.315479
29322,0.3375985
29323,0.10270533
29324,0.13267249
29325,0.20711479
29326,0.16687928
29327,0.5201479
29328,0.46989754
29329,0.122214876
29330,0.24098448
29331,0.5213741
29332,0.17688546
29333,0.113846906
29334,0.11876405
29335,0.2925752
29336,0.13884318
29337,0.12056506
29338,0.15879771
29339,0.14737713
29340,0.2604169
29341,0.29845658
29342,0.15921704
29343,0.2225736
29344,0.54393744
29345,0.41466773
29346,0.10070495
29347,0.24991205
29348,0.032400336
29349,0.44617128
29350,0.22875798
29351,0.10428381
29352,0.14732666
29353,0.21954277
29354,0.1433766
29355,0.16946745
29356,0.3057739
29357,0.13746801
29358,0.12379739
29359,0.24496672
29360,0.26944646
29361,0.23528504
29362,0.2497141
29363,0.06392873
29364,0.26755065
29365,0.29484656
29366,0.29208818
29367,0.2563919
29368,0.22940756
29369,0.21960774
29370,0.6565395
29371,0.08319677
29372,0.1882618
29373,0.13197841
29374,0.18943794
29375,0.08443179
29376,0.21096827
29377,0.23936675
29378,0.2832997
29379,0.03679283
29380,0.23101512
29381,0.2951407
29382,0.55432194
29383,0.12466122
29384,0.14295931
29385,0.49608025
29386,0.15166762
29387,0.37408584
29388,0.29016167
29389,0.089883365
29390,0.1421074
29391,0.279615
29392,0.19276384
29393,0.13196626
29394,0.3337083
29395,0.15079963
29396,0.5094344
29397,0.12202021
29398,0.080863655
29399,0.42179835
29400,0.2272637
29401,0.029677244
29402,0.4651985
29403,0.2476481
29404,0.09814443
29405,0.4883022
29406,0.26730242
29407,0.11529901
29408,0.054423753
29409,0.1436502
29410,0.15963927
29411,0.09280654
29412,0.26536757
29413,0.29137576
29414,0.0958727
29415,0.40973648
29416,0.1396285
29417,0.26801535
29418,0.20509446
29419,0.062960535
29420,0.10573479
29421,0.27062222
29422,0.05147808
29423,0.19333595
29424,0.11232664
29425,0.09559757
29426,0.04881028
29427,0.23300008
29428,0.46325544
29429,0.16050927
29430,0.13380486
29431,0.20821874
29432,0.18806624
29433,0.20524862
29434,0.237214
29435,0.026245417
29436,0.051135033
29437,0.41275173
29438,0.09674091
29439,0.111612
29440,0.10939752
29441,0.10986751
29442,0.44552952
29443,0.27599022
29444,0.12697771
29445,0.19426629
29446,0.18619007
29447,0.33215335
29448,0.2325485
29449,0.029828502
29450,0.13415335
29451,0.23313414
29452,0.2492523
29453,0.20470509
29454,0.12811449
29455,0.3174624
29456,0.16342558
29457,0.19913913
29458,0.10928941
29459,0.15360157
29460,0.26233196
29461,0.038100854
29462,0.16278882
29463,0.26378837
29464,0.07637673
29465,0.1623293
29466,0.12085128
29467,0.062490582
29468,0.24512868
29469,0.089108735
29470,0.07980192
29471,0.16190608
29472,0.07726709
29473,0.21248768
29474,0.18974116
29475,0.10502235
29476,0.1322707
29477,0.3106492
29478,0.07568827
29479,0.3125443
29480,0.28471166
29481,0.31913385
29482,0.16136214
29483,0.3174147
29484,0.4074944
29485,0.09906271
29486,0.30117196
29487,0.10355894
29488,0.23027493
29489,0.19753835
29490,0.08015392
29491,0.033324663
29492,0.1615339
29493,0.24828322
29494,0.31629023
29495,0.27810574
29496,0.17462997
29497,0.070346564
29498,0.19033155
29499,0.1242859
29500,0.18456703
29501,0.18450409
29502,0.10760685
29503,0.073956765
29504,0.14029989
29505,0.1424324
29506,0.29075816
29507,0.10184906
29508,0.42382684
29509,0.17165393
29510,0.29664358
29511,0.06201612
29512,0.06544398
29513,0.12707514
29514,0.2868788
29515,0.14945838
29516,0.087442875
29517,0.41734284
29518,0.4451607
29519,0.0668975
29520,0.034469128
29521,0.24569398
29522,0.6171435
29523,0.15888803
29524,0.065900564
29525,0.3700506
29526,0.32932353
29527,0.29114363
29528,0.23983584
29529,0.20829506
29530,0.05819013
29531,0.05983414
29532,0.054332085
29533,0.081725985
29534,0.5678314
29535,0.1364493
29536,0.28059417
29537,0.13708399
29538,0.215995
29539,0.4346892
29540,0.0748564
29541,0.37791666
29542,0.17111157
29543,0.23160473
29544,0.10711431
29545,0.23961622
29546,0.1676363
29547,0.09129973
29548,0.103953205
29549,0.08343198
29550,0.11916878
29551,0.049628858
29552,0.17985626
29553,0.2954627
29554,0.2989493
29555,0.13388124
29556,0.21389976
29557,0.38050342
29558,0.15701655
29559,0.12729377
29560,0.4655866
29561,0.16381957
29562,0.23347428
29563,0.19123915
29564,0.30160755
29565,0.46744567
29566,0.09394077
29567,0.3676826
29568,0.40411553
29569,0.2949063
29570,0.38349697
29571,0.14616449
29572,0.16045275
29573,0.22240862
29574,0.091959134
29575,0.22534765
29576,0.25260928
29577,0.17476612
29578,0.30144686
29579,0.038379584
29580,0.066113696
29581,0.09214884
29582,0.1313253
29583,0.054933034
29584,0.07013782
29585,0.05850143
29586,0.11063461
29587,0.37123504
29588,0.14210398
29589,0.15447913
29590,0.19424477
29591,0.25919294
29592,0.33290043
29593,0.18674286
29594,0.4758753
29595,0.22561486
29596,0.060535356
29597,0.10989738
29598,0.10151619
29599,0.114255555
29600,0.14676774
29601,0.51777273
29602,0.36508083
29603,0.17272758
29604,0.32552013
29605,0.14881387
29606,0.25093222
29607,0.14575364
29608,0.20684396
29609,0.23192996
29610,0.12218807
29611,0.4114714
29612,0.11432707
29613,0.2778943
29614,0.18173134
29615,0.25576755
29616,0.15866761
29617,0.53943384
29618,0.45056403
29619,0.13561223
29620,0.09621148
29621,0.04809892
29622,0.22509646
29623,0.2589919
29624,0.18639264
29625,0.1042046
29626,0.13650829
29627,0.09808188
29628,0.17922328
29629,0.14043255
29630,0.029588308
29631,0.062424965
29632,0.22165439
29633,0.19035256
29634,0.16222246
29635,0.26706773
29636,0.13699888
29637,0.2180272
29638,0.16032024
29639,0.1517599
29640,0.13414149
29641,0.10473238
29642,0.07945094
29643,0.086262904
29644,0.20779577
29645,0.16720784
29646,0.058946893
29647,0.2175303
29648,0.13030021
29649,0.09873906
29650,0.3333272
29651,0.087809846
29652,0.24053058
29653,0.23259476
29654,0.11766596
29655,0.1226865
29656,0.19282101
29657,0.108046204
29658,0.14084278
29659,0.16406725
29660,0.09446273
29661,0.33029863
29662,0.4228398
29663,0.28107077
29664,0.11651445
29665,0.43403557
29666,0.24262315
29667,0.44276875
29668,0.119363435
29669,0.15663362
29670,0.7869553
29671,0.17817605
29672,0.36526343
29673,0.20418915
29674,0.30312064
29675,0.19867113
29676,0.05913766
29677,0.04779694
29678,0.4548546
29679,0.08959964
29680,0.4889777
29681,0.29580107
29682,0.09653448
29683,0.3144928
29684,0.29192638
29685,0.055035472
29686,0.16878201
29687,0.12826373
29688,0.05188677
29689,0.28025943
29690,0.041915305
29691,0.19001849
29692,0.09269267
29693,0.14455613
29694,0.28777805
29695,0.09857736
29696,0.34622538
29697,0.108221166
29698,0.12527573
29699,0.42476538
29700,0.10968766
29701,0.14082585
29702,0.045027513
29703,0.31939223
29704,0.15631185
29705,0.19027981
29706,0.2635183
29707,0.041441288
29708,0.6343852
29709,0.21023448
29710,0.11404006
29711,0.11719487
29712,0.24326918
29713,0.18107487
29714,0.5715992
29715,0.13163905
29716,0.17806986
29717,0.06827285
29718,0.11816175
29719,0.36488152
29720,0.12851684
29721,0.29128984
29722,0.30137166
29723,0.12180817
29724,0.23028661
29725,0.3764999
29726,0.115394056
29727,0.2588448
29728,0.46383366
29729,0.43899822
29730,0.13230072
29731,0.17274383
29732,0.18631852
29733,0.077710785
29734,0.24473913
29735,0.20040613
29736,0.3062371
29737,0.2923787
29738,0.14596039
29739,0.20580018
29740,0.13267949
29741,0.11645252
29742,0.26749602
29743,0.19447747
29744,0.23784816
29745,0.1338358
29746,0.17276755
29747,0.18698768
29748,0.26360276
29749,0.09833477
29750,0.041288026
29751,0.105595075
29752,0.029030845
29753,0.21072775
29754,0.15939924
29755,0.082645126
29756,0.0472012
29757,0.055160392
29758,0.15029669
29759,0.30851957
29760,0.17371358
29761,0.12742925
29762,0.21371557
29763,0.5116339
29764,0.13755044
29765,0.21908462
29766,0.11804555
29767,0.1607427
29768,0.19990641
29769,0.13169695
29770,0.14244407
29771,0.017436488
29772,0.045877032
29773,0.49621865
29774,0.10899091
29775,0.2446372
29776,0.0257958
29777,0.0653614
29778,0.1648676
29779,0.25063986
29780,0.52753884
29781,0.66479635
29782,0.19665532
29783,0.095480114
29784,0.07373813
29785,0.2719079
29786,0.07708151
29787,0.16464575
29788,0.13429233
29789,0.32749408
29790,0.3045582
29791,0.3616751
29792,0.1730348
29793,0.1295539
29794,0.23870094
29795,0.15255076
29796,0.06177331
29797,0.16331762
29798,0.07520479
29799,0.3202271
29800,0.11667591
29801,0.24658483
29802,0.24883565
29803,0.088783965
29804,0.08050941
29805,0.156142
29806,0.34761104
29807,0.13067852
29808,0.1276734
29809,0.2278741
29810,0.36036396
29811,0.14623238
29812,0.3848791
29813,0.2186537
29814,0.11214973
29815,0.6338208
29816,0.1740621
29817,0.23354548
29818,0.119394585
29819,0.18773666
29820,0.16302113
29821,0.3128948
29822,0.16488682
29823,0.1465643
29824,0.37284857
29825,0.071171984
29826,0.32891896
29827,0.18579358
29828,0.5246573
29829,0.123529576
29830,0.33856666
29831,0.18285914
29832,0.40026072
29833,0.24629058
29834,0.13330717
29835,0.011852394
29836,0.11990795
29837,0.06942242
29838,0.4757967
29839,0.03503177
29840,0.20718217
29841,0.5473116
29842,0.18809417
29843,0.1939128
29844,0.07921803
29845,0.04320322
29846,0.10652438
29847,0.18350689
29848,0.18991922
29849,0.20851547
29850,0.10282415
29851,0.066327505
29852,0.13031109
29853,0.03394154
29854,0.22121413
29855,0.16154876
29856,0.16549805
29857,0.18219934
29858,0.26136693
29859,0.31820524
29860,0.38358253
29861,0.0898016
29862,0.19479929
29863,0.21544147
29864,0.2902246
29865,0.29970258
29866,0.12806658
29867,0.35030606
29868,0.088132314
29869,0.20363961
29870,0.32261845
29871,0.05161362
29872,0.090400964
29873,0.15445678
29874,0.11423006
29875,0.21038993
29876,0.17675072
29877,0.46681428
29878,0.1395877
29879,0.15011162
29880,0.07859473
29881,0.15170226
29882,0.46262178
29883,0.24088798
29884,0.022081722
29885,0.21059275
29886,0.14775982
29887,0.31286556
29888,0.31083068
29889,0.21466613
29890,0.2689432
29891,0.25198823
29892,0.14098385
29893,0.23957898
29894,0.027896507
29895,0.1739514
29896,0.1637277
29897,0.13155483
29898,0.056473907
29899,0.217478
29900,0.19588019
29901,0.19152778
29902,0.124144666
29903,0.08462749
29904,0.21620378
29905,0.16837469
29906,0.13140194
29907,0.2354265
29908,0.1936156
29909,0.26559004
29910,0.22572728
29911,0.22401278
29912,0.18458423
29913,0.18920116
29914,0.15037116
29915,0.15552776
29916,0.3248088
29917,0.13685167
29918,0.06270033
29919,0.057356346
29920,0.17005311
29921,0.08195103
29922,0.23832665
29923,0.18579227
29924,0.15386796
29925,0.36722028
29926,0.1211738
29927,0.30135036
29928,0.33202106
29929,0.12006083
29930,0.07001663
29931,0.20208348
29932,0.28136086
29933,0.05313309
29934,0.15976168
29935,0.20355248
29936,0.12663165
29937,0.10223167
29938,0.23718578
29939,0.1667135
29940,0.1314494
29941,0.0748616
29942,0.5126889
29943,0.15141504
29944,0.22773683
29945,0.27031705
29946,0.12553494
29947,0.22576492
29948,0.08081387
29949,0.2694395
29950,0.70684004
29951,0.42050427
29952,0.040151235
29953,0.1702645
29954,0.12464557
29955,0.12152245
29956,0.12244504
29957,0.26459467
29958,0.058463227
29959,0.1028286
29960,0.59000057
29961,0.09041318
29962,0.08364865
29963,0.15139964
29964,0.33056512
29965,0.47044978
29966,0.1308095
29967,0.37517524
29968,0.038372308
29969,0.05676637
29970,0.28425333
29971,0.16056329
29972,0.17267059
29973,0.14561178
29974,0.13287823
29975,0.26175433
29976,0.03459751
29977,0.22985001
29978,0.16920395
29979,0.14446528
29980,0.2054542
29981,0.044058736
29982,0.4816526
29983,0.14061253
29984,0.20657115
29985,0.1659259
29986,0.13315466
29987,0.1323563
29988,0.08664805
29989,0.099972636
29990,0.52098924
29991,0.6361191
29992,0.13628547
29993,0.130876
29994,0.057756834
29995,0.16109674
29996,0.3447739
29997,0.15337542
29998,0.1407501
29999,0.31634665
30000,0.3003739
30001,0.30827034
30002,0.34789032
30003,0.28234822
30004,0.08335171
30005,0.20398577
30006,0.19612502
30007,0.17756997
30008,0.35449183
30009,0.12292101
30010,0.21753104
30011,0.14364384
30012,0.069508255
30013,0.3517398
30014,0.09887538
30015,0.030538363
30016,0.117520034
30017,0.3154222
30018,0.14615045
30019,0.07946564
30020,0.36912325
30021,0.125914
30022,0.08040342
30023,0.28190368
30024,0.12141184
30025,0.18466021
30026,0.25613323
30027,0.076782495
30028,0.18542387
30029,0.1434698
30030,0.1409828
30031,0.124856696
30032,0.34203637
30033,0.17468323
30034,0.61698496
30035,0.07985721
30036,0.0657721
30037,0.08313223
30038,0.09264195
30039,0.63954556
30040,0.120289356
30041,0.19461936
30042,0.16484296
30043,0.074054495
30044,0.11975824
30045,0.1095135
30046,0.21659347
30047,0.19714439
30048,0.14670981
30049,0.45786607
30050,0.05887084
30051,0.22053199
30052,0.028403994
30053,0.09677567
30054,0.21218607
30055,0.323843
30056,0.23259798
30057,0.29110786
30058,0.5489459
30059,0.15631986
30060,0.3023113
30061,0.18135817
30062,0.20410714
30063,0.097747356
30064,0.55344874
30065,0.114868656
30066,0.08138686
30067,0.15918036
30068,0.2578124
30069,0.12767068
30070,0.2322964
30071,0.13579816
30072,0.05803598
30073,0.1884773
30074,0.10585016
30075,0.2537492
30076,0.17105815
30077,0.17399329
30078,0.23439063
30079,0.300115
30080,0.11294256
30081,0.04602308
30082,0.27038226
30083,0.18208906
30084,0.49625963
30085,0.17404433
30086,0.29028052
30087,0.3019667
30088,0.2646736
30089,0.5981365
30090,0.06901165
30091,0.18134789
30092,0.21114862
30093,0.28533256
30094,0.088872366
30095,0.2677501
30096,0.32647696
30097,0.16237879
30098,0.38655105
30099,0.24550085
30100,0.1158903
30101,0.24944548
30102,0.25094694
30103,0.049183045
30104,0.14750777
30105,0.19558716
30106,0.3921517
30107,0.088755734
30108,0.29949203
30109,0.9023893
30110,0.2572704
30111,0.27189654
30112,0.33675492
30113,0.34478346
30114,0.20279928
30115,0.2967061
30116,0.06839181
30117,0.31128752
30118,0.6891909
30119,0.038872432
30120,0.23984441
30121,0.08878568
30122,0.13424474
30123,0.25211444
30124,0.15781493
30125,0.12703234
30126,0.13341503
30127,0.27195796
30128,0.26748434
30129,0.5320821
30130,0.17116314
30131,0.23147005
30132,0.07727181
30133,0.19639501
30134,0.24033418
30135,0.06310413
30136,0.27022266
30137,0.082983695
30138,0.10992528
30139,0.1860296
30140,0.22855997
30141,0.28456897
30142,0.3253142
30143,0.30174828
30144,0.29401043
30145,0.18231793
30146,0.17156266
30147,0.22657457
30148,0.33304414
30149,0.2020788
30150,0.14925526
30151,0.07815505
30152,0.15701984
30153,0.27690396
30154,0.06246128
30155,0.16788365
30156,0.063371986
30157,0.18316163
30158,0.36184075
30159,0.0848623
30160,0.1515715
30161,0.10877791
30162,0.052820593
30163,0.2857305
30164,0.08360221
30165,0.0740167
30166,0.22764537
30167,0.25053713
30168,0.08915715
30169,0.19062382
30170,0.10001116
30171,0.120336674
30172,0.28008664
30173,0.120903865
30174,0.13855022
30175,0.17309806
30176,0.21799794
30177,0.11216148
30178,0.03659377
30179,0.3983824
30180,0.06399038
30181,0.2440528
30182,0.080907345
30183,0.19083823
30184,0.13682885
30185,0.40889528
30186,0.18693267
30187,0.10625016
30188,0.13500777
30189,0.3176827
30190,0.19922706
30191,0.12614316
30192,0.12743351
30193,0.15535727
30194,0.6665963
30195,0.12246252
30196,0.16997631
30197,0.24375942
30198,0.15640242
30199,0.21131422
30200,0.1634244
30201,0.052896462
30202,0.095045365
30203,0.13583848
30204,0.05758963
30205,0.4147201
30206,0.094482966
30207,0.16941382
30208,0.291469
30209,0.03006007
30210,0.06313972
30211,0.07435194
30212,0.2599368
30213,0.18199943
30214,0.06308163
30215,0.07600094
30216,0.1259359
30217,0.3337445
30218,0.033713136
30219,0.36984342
30220,0.30854183
30221,0.4335447
30222,0.43378907
30223,0.09201579
30224,0.33870852
30225,0.08418062
30226,0.12028267
30227,0.33577582
30228,0.11273345
30229,0.45747423
30230,0.25535813
30231,0.5967853
30232,0.23760073
30233,0.27014548
30234,0.38138017
30235,0.15600239
30236,0.2806657
30237,0.18456449
30238,0.17088291
30239,0.6811406
30240,0.30428925
30241,0.21543609
30242,0.18515132
30243,0.08766718
30244,0.030243032
30245,0.2569928
30246,0.03989713
30247,0.07883142
30248,0.07787417
30249,0.16381189
30250,0.060583077
30251,0.14267685
30252,0.30209967
30253,0.28264374
30254,0.29523608
30255,0.20427413
30256,0.20123976
30257,0.11151975
30258,0.2132042
30259,0.19072665
30260,0.15074833
30261,0.22916876
30262,0.15904832
30263,0.054619312
30264,0.21206968
30265,0.30817044
30266,0.31911686
30267,0.2507807
30268,0.48173568
30269,0.14916904
30270,0.07269747
30271,0.20866212
30272,0.1773497
30273,0.2217269
30274,0.103493646
30275,0.23161377
30276,0.05343839
30277,0.127211
30278,0.09996737
30279,0.07058094
30280,0.34965014
30281,0.21681063
30282,0.12806274
30283,0.11062745
30284,0.13646692
30285,0.20557259
30286,0.15498051
30287,0.2210348
30288,0.13249817
30289,0.09257545
30290,0.16021739
30291,0.0978227
30292,0.14242339
30293,0.16035038
30294,0.08324953
30295,0.26136366
30296,0.03484053
30297,0.24397242
30298,0.16678837
30299,0.22053228
30300,0.31937212
30301,0.103682384
30302,0.1068172
30303,0.614807
30304,0.069000505
30305,0.56474125
30306,0.27013612
30307,0.02973171
30308,0.096523255
30309,0.11767658
30310,0.27779105
30311,0.14470588
30312,0.14135727
30313,0.33838737
30314,0.13779095
30315,0.13066576
30316,0.32823715
30317,0.31373572
30318,0.10503481
30319,0.5315277
30320,0.07616631
30321,0.23214063
30322,0.41134334
30323,0.41409695
30324,0.11527452
30325,0.1289561
30326,0.07870554
30327,0.119063385
30328,0.33348063
30329,0.043884143
30330,0.33552718
30331,0.08943563
30332,0.05536386
30333,0.17421041
30334,0.27030864
30335,0.29062518
30336,0.23379461
30337,0.16180515
30338,0.19528158
30339,0.4441088
30340,0.16216446
30341,0.10559101
30342,0.1866278
30343,0.13712838
30344,0.05601287
30345,0.102198936
30346,0.10658223
30347,0.056646273
30348,0.2087115
30349,0.29018062
30350,0.08474164
30351,0.1447204
30352,0.35626468
30353,0.18295023
30354,0.19122063
30355,0.10226062
30356,0.27809855
30357,0.25199586
30358,0.596613
30359,0.3253142
30360,0.27401313
30361,0.518147
30362,0.21741472
30363,0.27116042
30364,0.36392272
30365,0.019320343
30366,0.09698329
30367,0.069314495
30368,0.182882
30369,0.44990724
30370,0.15531136
30371,0.14637408
30372,0.10813677
30373,0.16807304
30374,0.10214353
30375,0.18690024
30376,0.13681836
30377,0.04303728
30378,0.14640558
30379,0.18963905
30380,0.076951966
30381,0.08364172
30382,0.26828045
30383,0.22581257
30384,0.53300637
30385,0.19032528
30386,0.38635445
30387,0.1995687
30388,0.11765866
30389,0.28460172
30390,0.31659305
30391,0.65003246
30392,0.3714886
30393,0.18910064
30394,0.24327865
30395,0.04358832
30396,0.17107461
30397,0.109425366
30398,0.13365054
30399,0.080959044
30400,0.4558754
30401,0.299453
30402,0.116383925
30403,0.09725396
30404,0.12678236
30405,0.36949974
30406,0.12363411
30407,0.28824058
30408,0.18520162
30409,0.17186984
30410,0.044419337
30411,0.1111296
30412,0.08930697
30413,0.11622581
30414,0.072495356
30415,0.36880064
30416,0.12043805
30417,0.24606073
30418,0.30656168
30419,0.7558911
30420,0.25971657
30421,0.14621381
30422,0.41086438
30423,0.1385328
30424,0.1554821
30425,0.1640168
30426,0.26039267
30427,0.14722818
30428,0.045587927
30429,0.27819607
30430,0.058414165
30431,0.12562864
30432,0.0867559
30433,0.009987332
30434,0.05282007
30435,0.2795092
30436,0.13890977
30437,0.09415578
30438,0.09950233
30439,0.10786281
30440,0.15769339
30441,0.20939416
30442,0.08233733
30443,0.06910227
30444,0.32204202
30445,0.08852597
30446,0.34089383
30447,0.083107464
30448,0.09861653
30449,0.13170207
30450,0.03374963
30451,0.21776065
30452,0.22145085
30453,0.30881473
30454,0.09284176
30455,0.15709949
30456,0.37234136
30457,0.25215068
30458,0.12477243
30459,0.05169451
30460,0.19887453
30461,0.065720364
30462,0.10764138
30463,0.1318982
30464,0.35452902
30465,0.18160015
30466,0.23933491
30467,0.11027832
30468,0.15197842
30469,0.12526438
30470,0.016754638
30471,0.30767855
30472,0.06060313
30473,0.09737698
30474,0.24590741
30475,0.26558122
30476,0.12185104
30477,0.10477182
30478,0.16492604
30479,0.13064277
30480,0.10001824
30481,0.109969415
30482,0.2182981
30483,0.3412948
30484,0.32965973
30485,0.055096406
30486,0.24330439
30487,0.23053479
30488,0.22099803
30489,0.10021891
30490,0.12112906
30491,0.47014177
30492,0.3317687
30493,0.31465676
30494,0.3558015
30495,0.06849928
30496,0.0994327
30497,0.19895019
30498,0.4549349
30499,0.10846981
30500,0.7929654
30501,0.15229598
30502,0.34082076
30503,0.117761396
30504,0.10786301
30505,0.14527595
30506,0.2656357
30507,0.13412489
30508,0.13880664
30509,0.3273698
30510,0.26407185
30511,0.17060088
30512,0.31319657
30513,0.07833779
30514,0.27952048
30515,0.045913722
30516,0.41225478
30517,0.0505539
30518,0.02483754
30519,0.15383181
30520,0.11437442
30521,0.4494944
30522,0.10294569
30523,0.07889831
30524,0.5399748
30525,0.21652518
30526,0.10892513
30527,0.5287462
30528,0.05158815
30529,0.1678826
30530,0.24145085
30531,0.36060876
30532,0.12475037
30533,0.1792924
30534,0.25852197
30535,0.4014573
30536,0.015146355
30537,0.19444184
30538,0.107163385
30539,0.07200452
30540,0.52461225
30541,0.49284557
30542,0.10590837
30543,0.08821932
30544,0.07960696
30545,0.28609693
30546,0.24539849
30547,0.08236131
30548,0.3129995
30549,0.5072641
30550,0.55310124
30551,0.10196743
30552,0.2573253
30553,0.03850374
30554,0.19867752
30555,0.18678911
30556,0.06815041
30557,0.13915327
30558,0.2670272
30559,0.15351476
30560,0.1560567
30561,0.2383144
30562,0.18228225
30563,0.24974944
30564,0.09956627
30565,0.092920944
30566,0.2233002
30567,0.16821635
30568,0.23696616
30569,0.43510383
30570,0.13142443
30571,0.043853153
30572,0.20005736
30573,0.15523086
30574,0.116739355
30575,0.39812338
30576,0.23350528
30577,0.26917136
30578,0.16546714
30579,0.13866246
30580,0.24480353
30581,0.340119
30582,0.23741245
30583,0.17177683
30584,0.105851576
30585,0.14433353
30586,0.08392979
30587,0.07627363
30588,0.20609319
30589,0.08352173
30590,0.06202886
30591,0.1642843
30592,0.3925258
30593,0.06921411
30594,0.20202993
30595,0.07856682
30596,0.1625954
30597,0.3495769
30598,0.13909462
30599,0.24426855
30600,0.20927292
30601,0.27661812
30602,0.07568177
30603,0.33562827
30604,0.056945544
30605,0.06744011
30606,0.18194042
30607,0.069974326
30608,0.20265938
30609,0.43607214
30610,0.36269325
30611,0.23679744
30612,0.10823561
30613,0.35046786
30614,0.32191807
30615,0.118556455
30616,0.16996072
30617,0.2785252
30618,0.2495801
30619,0.21007636
30620,0.21951349
30621,0.07222747
30622,0.17958596
30623,0.06476792
30624,0.47199252
30625,0.21741436
30626,0.23350003
30627,0.39637685
30628,0.17520247
30629,0.30817077
30630,0.23479196
30631,0.08219004
30632,0.24876507
30633,0.36007985
30634,0.24039806
30635,0.08691129
30636,0.061537948
30637,0.32363752
30638,0.1688911
30639,0.4389324
30640,0.23764376
30641,0.09249022
30642,0.07298419
30643,0.08669074
30644,0.28197545
30645,0.017862445
30646,0.33607292
30647,0.15812069
30648,0.206415
30649,0.09409361
30650,0.28461164
30651,0.20535012
30652,0.15403673
30653,0.4175746
30654,0.40258992
30655,0.15004323
30656,0.12319454
30657,0.22797544
30658,0.11864447
30659,0.11374093
30660,0.0965767
30661,0.16636124
30662,0.16652563
30663,0.106061846
30664,0.16077706
30665,0.11689323
30666,0.11133595
30667,0.12158517
30668,0.08658227
30669,0.18813753
30670,0.47622228
30671,0.59564537
30672,0.22839399
30673,0.28013745
30674,0.38726723
30675,0.11512812
30676,0.12221956
30677,0.14665928
30678,0.17404723
30679,0.29695
30680,0.14580472
30681,0.11726993
30682,0.22664352
30683,0.22966476
30684,0.06592631
30685,0.30919218
30686,0.109019086
30687,0.06542543
30688,0.28589025
30689,0.08921066
30690,0.31477153
30691,0.22839758
30692,0.04208177
30693,0.21897356
30694,0.2176149
30695,0.36880776
30696,0.406502
30697,0.1679556
30698,0.16038373
30699,0.34269363
30700,0.024806527
30701,0.094119504
30702,0.29685625
30703,0.121593595
30704,0.27487925
30705,0.07937897
30706,0.10627753
30707,0.14966832
30708,0.23621424
30709,0.052964456
30710,0.28768325
30711,0.08584472
30712,0.24838878
30713,0.2656286
30714,0.3803733
30715,0.49102578
30716,0.35291064
30717,0.14946687
30718,0.2767715
30719,0.41241992
30720,0.2281882
30721,0.0994394
30722,0.5109068
30723,0.05118079
30724,0.24763389
30725,0.3264164
30726,0.04352152
30727,0.25243688
30728,0.22205876
30729,0.36609286
30730,0.069769174
30731,0.07108027
30732,0.1430538
30733,0.14317402
30734,0.3125987
30735,0.1071083
30736,0.162383
30737,0.066959344
30738,0.021078832
30739,0.15101123
30740,0.290793
30741,0.18625914
30742,0.2193292
30743,0.37764916
30744,0.25384977
30745,0.19975376
30746,0.088389456
30747,0.31159323
30748,0.19813138
30749,0.10154017
30750,0.14199756
30751,0.23752904
30752,0.07796158
30753,0.3024776
30754,0.17822766
30755,0.16826735
30756,0.099564925
30757,0.45740238
30758,0.06606444
30759,0.16989566
30760,0.15623209
30761,0.3671664
30762,0.03327394
30763,0.1472849
30764,0.09702727
30765,0.6642171
30766,0.16091092
30767,0.14306907
30768,0.37054282
30769,0.3621211
30770,0.19123976
30771,0.13812056
30772,0.3533105
30773,0.13619116
30774,0.47775578
30775,0.29212755
30776,0.22046813
30777,0.34384823
30778,0.2551077
30779,0.37827456
30780,0.2875615
30781,0.09931284
30782,0.77873254
30783,0.25652486
30784,0.1839212
30785,0.36591616
30786,0.25965747
30787,0.30335546
30788,0.33503476
30789,0.09012093
30790,0.12073668
30791,0.3631581
30792,0.24162391
30793,0.35423404
30794,0.1876829
30795,0.1611036
30796,0.109361865
30797,0.24350958
30798,0.13662545
30799,0.33658
30800,0.11814238
30801,0.17499456
30802,0.16430816
30803,0.38169226
30804,0.08696496
30805,0.21241581
30806,0.08956528
30807,0.36724508
30808,0.1639173
30809,0.23999037
30810,0.22688392
30811,0.061724033
30812,0.30068293
30813,0.07969045
30814,0.18519533
30815,0.2071253
30816,0.15717112
30817,0.070273705
30818,0.09233921
30819,0.23660941
30820,0.20098102
30821,0.14597301
30822,0.23340307
30823,0.1303846
30824,0.3739866
30825,0.28808174
30826,0.3105352
30827,0.17602688
30828,0.1455821
30829,0.1363718
30830,0.23297873
30831,0.23809922
30832,0.32746193
30833,0.22953638
30834,0.32413074
30835,0.09512193
30836,0.26464504
30837,0.3033423
30838,0.14807332
30839,0.4272514
30840,0.19654354
30841,0.18067515
30842,0.39840066
30843,0.33737892
30844,0.17105547
30845,0.25249714
30846,0.26616162
30847,0.20168476
30848,0.16179308
30849,0.27859077
30850,0.2193721
30851,0.19695319
30852,0.37347588
30853,0.15318246
30854,0.44445142
30855,0.07929632
30856,0.116890416
30857,0.1977105
30858,0.22984482
30859,0.042586867
30860,0.046894293
30861,0.17889002
30862,0.11989713
30863,0.56209683
30864,0.29021168
30865,0.16695867
30866,0.11095351
30867,0.38897175
30868,0.069622345
30869,0.041021127
30870,0.048222084
30871,0.12278583
30872,0.29340526
30873,0.24260485
30874,0.20071784
30875,0.17363906
30876,0.1632393
30877,0.41817397
30878,0.33138976
30879,0.08991277
30880,0.21529472
30881,0.12186294
30882,0.0280369
30883,0.14579101
30884,0.45824534
30885,0.20221317
30886,0.2207654
30887,0.26638874
30888,0.109318495
30889,0.1532398
30890,0.25804824
30891,0.1602776
30892,0.17131548
30893,0.45444277
30894,0.2523099
30895,0.16825204
30896,0.08367851
30897,0.49208838
30898,0.29238644
30899,0.3937032
30900,0.28558856
30901,0.24482997
30902,0.057782583
30903,0.18713936
30904,0.24748485
30905,0.13711333
30906,0.1701583
30907,0.41862062
30908,0.15545993
30909,0.059526037
30910,0.19048794
30911,0.37058938
30912,0.2014671
30913,0.3523289
30914,0.17550765
30915,0.15649097
30916,0.13243999
30917,0.080799796
30918,0.1379049
30919,0.15922539
30920,0.23355058
30921,0.11329172
30922,0.13524362
30923,0.11961426
30924,0.28040144
30925,0.28586543
30926,0.23957868
30927,0.21875277
30928,0.06025763
30929,0.37595743
30930,0.37667114
30931,0.2587896
30932,0.26268795
30933,0.08212553
30934,0.22700208
30935,0.10234487
30936,0.13072152
30937,0.08507619
30938,0.32250592
30939,0.21254197
30940,0.23192468
30941,0.13379243
30942,0.53688145
30943,0.32465672
30944,0.19257013
30945,0.6200585
30946,0.17238468
30947,0.17958434
30948,0.08463005
30949,0.012253309
30950,0.46502724
30951,0.15734579
30952,0.23392096
30953,0.03733843
30954,0.035499
30955,0.3125548
30956,0.12400466
30957,0.0738989
30958,0.33652085
30959,0.113919444
30960,0.10366273
30961,0.08760756
30962,0.41460043
30963,0.3722195
30964,0.32121632
30965,0.24950181
30966,0.3228239
30967,0.26307562
30968,0.11214385
30969,0.45747033
30970,0.06012644
30971,0.12160258
30972,0.17661794
30973,0.3969331
30974,0.36416787
30975,0.11586758
30976,0.18626449
30977,0.17615467
30978,0.01669062
30979,0.46313733
30980,0.048723195
30981,0.042079628
30982,0.16874237
30983,0.20452632
30984,0.08826565
30985,0.088702835
30986,0.37417603
30987,0.1178233
30988,0.6486088
30989,0.10286496
30990,0.106653206
30991,0.32644302
30992,0.23715243
30993,0.19181086
30994,0.48720196
30995,0.16094404
30996,0.7674294
30997,0.41075727
30998,0.35108685
30999,0.13227642
31000,0.18689534
31001,0.21118028
31002,0.08276575
31003,0.05535593
31004,0.31229714
31005,0.16021043
31006,0.39452937
31007,0.23074126
31008,0.24757455
31009,0.25195464
31010,0.056432735
31011,0.17756654
31012,0.10892711
31013,0.36355057
31014,0.17999947
31015,0.062633894
31016,0.17128202
31017,0.10002914
31018,0.15400775
31019,0.17961615
31020,0.1291168
31021,0.30220887
31022,0.20227192
31023,0.14216575
31024,0.1739015
31025,0.28558418
31026,0.11471163
31027,0.19923462
31028,0.20884636
31029,0.04774634
31030,0.5193012
31031,0.0859707
31032,0.058346547
31033,0.18129976
31034,0.23011513
31035,0.22380388
31036,0.0736599
31037,0.13921177
31038,0.06684658
31039,0.23117186
31040,0.119109586
31041,0.54529804
31042,0.078407705
31043,0.11131093
31044,0.6644724
31045,0.12911569
31046,0.33597687
31047,0.31164685
31048,0.07834739
31049,0.2931424
31050,0.17386587
31051,0.16134097
31052,0.06380825
31053,0.31919992
31054,0.20197837
31055,0.072088696
31056,0.25876817
31057,0.07680861
31058,0.4215591
31059,0.121887274
31060,0.09463285
31061,0.46470925
31062,0.3182288
31063,0.09289939
31064,0.079531804
31065,0.11624918
31066,0.22555168
31067,0.19663773
31068,0.33409005
31069,0.26825455
31070,0.29820836
31071,0.25541297
31072,0.15752868
31073,0.19096617
31074,0.06874237
31075,0.061343137
31076,0.25644284
31077,0.030189294
31078,0.23710415
31079,0.2329176
31080,0.09239472
31081,0.34456968
31082,0.48599893
31083,0.07846048
31084,0.2745835
31085,0.23461404
31086,0.11165823
31087,0.08842657
31088,0.056043092
31089,0.17796195
31090,0.2131158
31091,0.22146654
31092,0.26731113
31093,0.23349963
31094,0.34619722
31095,0.13509007
31096,0.07411902
31097,0.06920364
31098,0.21277633
31099,0.14256732
31100,0.33124667
31101,0.22932015
31102,0.20663522
31103,0.18566535
31104,0.18000554
31105,0.2088472
31106,0.3346867
31107,0.15446235
31108,0.24948753
31109,0.2790252
31110,0.069098696
31111,0.09192183
31112,0.2366398
31113,0.16523758
31114,0.19133653
31115,0.32479128
31116,0.23308474
31117,0.15470973
31118,0.39173535
31119,0.24367626
31120,0.14472008
31121,0.2641765
31122,0.15190406
31123,0.19574454
31124,0.49483994
31125,0.46709615
31126,0.19088544
31127,0.27518994
31128,0.2131187
31129,0.17681567
31130,0.1169587
31131,0.07226052
31132,0.2475991
31133,0.13229102
31134,0.09911417
31135,0.21285662
31136,0.15781806
31137,0.2032326
31138,0.15677904
31139,0.25841844
31140,0.2772937
31141,0.15112911
31142,0.19200559
31143,0.38794926
31144,0.04790093
31145,0.044049248
31146,0.09021877
31147,0.088150725
31148,0.1028946
31149,0.42883852
31150,0.30054474
31151,0.27047527
31152,0.29354984
31153,0.09031939
31154,0.12652057
31155,0.23291557
31156,0.060509756
31157,0.044980265
31158,0.16408727
31159,0.15026966
31160,0.4102345
31161,0.16205652
31162,0.2015026
31163,0.19282286
31164,0.07226495
31165,0.23031078
31166,0.124732144
31167,0.42406538
31168,0.18060914
31169,0.21895424
31170,0.09799815
31171,0.19349223
31172,0.19095951
31173,0.12767923
31174,0.07468317
31175,0.07481614
31176,0.49230996
31177,0.18712547
31178,0.29115468
31179,0.114989966
31180,0.08101801
31181,0.38095143
31182,0.19091253
31183,0.18344755
31184,0.09388204
31185,0.070752
31186,0.06030206
31187,0.19540036
31188,0.18795179
31189,0.41566345
31190,0.044182837
31191,0.095816895
31192,0.10633317
31193,0.09043553
31194,0.01800518
31195,0.031191725
31196,0.19921893
31197,0.40777022
31198,0.19218151
31199,0.25601485
31200,0.19582441
31201,0.22032402
31202,0.417274
31203,0.14960204
31204,0.19552949
31205,0.104231514
31206,0.20476297
31207,0.12143117
31208,0.13353777
31209,0.1097045
31210,0.120575055
31211,0.04390614
31212,0.30549598
31213,0.16460425
31214,0.39214745
31215,0.3136208
31216,0.16054769
31217,0.08234674
31218,0.37095162
31219,0.13265887
31220,0.22520931
31221,0.1178094
31222,0.4525083
31223,0.1398218
31224,0.17319602
31225,0.2849976
31226,0.06639512
31227,0.4961948
31228,0.3029504
31229,0.12284314
31230,0.08601824
31231,0.21683782
31232,0.05370938
31233,0.4712735
31234,0.2952165
31235,0.67049104
31236,0.20334654
31237,0.086853005
31238,0.29817024
31239,0.16889872
31240,0.164018
31241,0.18405494
31242,0.06351951
31243,0.41076893
31244,0.12443523
31245,0.18929029
31246,0.27706158
31247,0.122020885
31248,0.20815636
31249,0.39858648
31250,0.30281863
31251,0.48606607
31252,0.01930331
31253,0.14758408
31254,0.18171975
31255,0.077091135
31256,0.094019055
31257,0.07648947
31258,0.27230787
31259,0.17022736
31260,0.043265488
31261,0.11394216
31262,0.31453964
31263,0.0640339
31264,0.211189
31265,0.1615867
31266,0.2961278
31267,0.11892604
31268,0.3561265
31269,0.5619416
31270,0.098115265
31271,0.14791653
31272,0.35167518
31273,0.43736783
31274,0.21304537
31275,0.25388464
31276,0.14080042
31277,0.061571475
31278,0.19256179
31279,0.20504193
31280,0.18045084
31281,0.50093424
31282,0.24195506
31283,0.06769996
31284,0.16695857
31285,0.100003235
31286,0.12097227
31287,0.2963727
31288,0.24956547
31289,0.39747018
31290,0.26762173
31291,0.07088611
31292,0.1749403
31293,0.22012149
31294,0.09788974
31295,0.057736646
31296,0.1439892
31297,0.16103673
31298,0.08713335
31299,0.062930696
31300,0.07466652
31301,0.12664378
31302,0.5063882
31303,0.2040334
31304,0.03190152
31305,0.19604626
31306,0.08654363
31307,0.063956045
31308,0.0938944
31309,0.1540741
31310,0.33528242
31311,0.21758094
31312,0.11320522
31313,0.17199324
31314,0.053949147
31315,0.079044156
31316,0.16204318
31317,0.75290513
31318,0.38074407
31319,0.19624963
31320,0.12610647
31321,0.064228974
31322,0.32368258
31323,0.1563442
31324,0.47600508
31325,0.024317596
31326,0.09675045
31327,0.28062636
31328,0.18013783
31329,0.38736516
31330,0.19878912
31331,0.23800321
31332,0.26448625
31333,0.051924273
31334,0.2286971
31335,0.05253587
31336,0.11451139
31337,0.13772573
31338,0.46613172
31339,0.23464045
31340,0.2320515
31341,0.3721638
31342,0.3412696
31343,0.06488666
31344,0.13449161
31345,0.27754265
31346,0.13608816
31347,0.24843122
31348,0.31216785
31349,0.12233997
31350,0.2738631
31351,0.13620245
31352,0.10363412
31353,0.15755805
31354,0.553234
31355,0.2972955
31356,0.28339943
31357,0.34523576
31358,0.12271269
31359,0.06288758
31360,0.1918915
31361,0.27816498
31362,0.22102508
31363,0.69949615
31364,0.21135242
31365,0.30726585
31366,0.2647747
31367,0.23963927
31368,0.14062913
31369,0.17197585
31370,0.16036679
31371,0.12696262
31372,0.08343445
31373,0.09258907
31374,0.26278502
31375,0.086782865
31376,0.06129821
31377,0.06262349
31378,0.064125985
31379,0.15432803
31380,0.34478337
31381,0.09568676
31382,0.19234276
31383,0.19117412
31384,0.13612577
31385,0.09311336
31386,0.39879733
31387,0.13674377
31388,0.2895805
31389,0.17549331
31390,0.31910926
31391,0.32356036
31392,0.03019037
31393,0.14110681
31394,0.03495284
31395,0.3359904
31396,0.42073813
31397,0.09894329
31398,0.2658926
31399,0.11350972
31400,0.33803612
31401,0.49420825
31402,0.059871964
31403,0.023273315
31404,0.15242438
31405,0.85133255
31406,0.32107264
31407,0.054178607
31408,0.16349038
31409,0.1428548
31410,0.39607286
31411,0.26092014
31412,0.17389227
31413,0.344183
31414,0.17879796
31415,0.08899239
31416,0.46304518
31417,0.36316967
31418,0.2577983
31419,0.23067549
31420,0.2958213
31421,0.2574536
31422,0.053474072
31423,0.2286601
31424,0.45524082
31425,0.11201787
31426,0.13870724
31427,0.15114155
31428,0.39722052
31429,0.09954723
31430,0.17009509
31431,0.1877264
31432,0.2235558
31433,0.17534174
31434,0.17002296
31435,0.21197657
31436,0.27786127
31437,0.18339626
31438,0.16884196
31439,0.11515412
31440,0.40601748
31441,0.23201407
31442,0.27468354
31443,0.121437706
31444,0.09458227
31445,0.12471034
31446,0.16375802
31447,0.17888694
31448,0.15562169
31449,0.27650464
31450,0.16588247
31451,0.32545504
31452,0.39573744
31453,0.42919484
31454,0.11135068
31455,0.25508493
31456,0.27151537
31457,0.047473352
31458,0.2792608
31459,0.107447766
31460,0.30957913
31461,0.10208755
31462,0.09756375
31463,0.2074178
31464,0.14993861
31465,0.30778247
31466,0.16612971
31467,0.03756515
31468,0.14515172
31469,0.2931546
31470,0.10035229
31471,0.11426026
31472,0.30751696
31473,0.11373271
31474,0.04713494
31475,0.02433919
31476,0.50403845
31477,0.34005216
31478,0.13181476
31479,0.16000582
31480,0.34478012
31481,0.1940341
31482,0.054019984
31483,0.3094575
31484,0.19051829
31485,0.21375348
31486,0.1514241
31487,0.29976648
31488,0.05053096
31489,0.1972781
31490,0.16785084
31491,0.15506828
31492,0.3883411
31493,0.4065921
31494,0.16847207
31495,0.21620694
31496,0.032617223
31497,0.101188384
31498,0.20730941
31499,0.11044056
31500,0.15088
31501,0.13371332
31502,0.41127765
31503,0.26686978
31504,0.09451238
31505,0.23509642
31506,0.13382572
31507,0.23700655
31508,0.13410176
31509,0.124762155
31510,0.2908336
31511,0.1995019
31512,0.5665894
31513,0.10746914
31514,0.16141832
31515,0.03362435
31516,0.1871026
31517,0.12019593
31518,0.19990255
31519,0.15238005
31520,0.009835943
31521,0.06692787
31522,0.22086918
31523,0.114530474
31524,0.12616186
31525,0.10483401
31526,0.1891462
31527,0.29431078
31528,0.5715274
31529,0.30746755
31530,0.18959214
31531,0.09538149
31532,0.26346964
31533,0.0700161
31534,0.08645582
31535,0.062195983
31536,0.046174016
31537,0.4746321
31538,0.25540063
31539,0.25601634
31540,0.6614011
31541,0.121355854
31542,0.23646902
31543,0.30643985
31544,0.04111329
31545,0.33419853
31546,0.43398508
31547,0.1294357
31548,0.27697864
31549,0.024402335
31550,0.1663471
31551,0.19127013
31552,0.13257693
31553,0.13059197
31554,0.1247698
31555,0.2665674
31556,0.07072268
31557,0.07938031
31558,0.17341225
31559,0.2006604
31560,0.13130412
31561,0.20071816
31562,0.38404968
31563,0.2640522
31564,0.1464061
31565,0.13481025
31566,0.30907294
31567,0.48372278
31568,0.06296527
31569,0.3358932
31570,0.27225342
31571,0.38767287
31572,0.16974005
31573,0.072864056
31574,0.100146346
31575,0.18877015
31576,0.031155538
31577,0.26423958
31578,0.24346992
31579,0.061427828
31580,0.23374769
31581,0.1994285
31582,0.10807686
31583,0.14595471
31584,0.6844359
31585,0.14143008
31586,0.20302868
31587,0.22216538
31588,0.24018948
31589,0.24147268
31590,0.09842065
31591,0.17318527
31592,0.32075182
31593,0.1140573
31594,0.3612696
31595,0.10933865
31596,0.25725085
31597,0.16374962
31598,0.19166006
31599,0.234403
31600,0.14618194
31601,0.20019327
31602,0.18702331
31603,0.36709234
31604,0.6650892
31605,0.33314347
31606,0.40124846
31607,0.20385869
31608,0.015613434
31609,0.26100248
31610,0.5051355
31611,0.34605414
31612,0.106756054
31613,0.13465668
31614,0.48231983
31615,0.36455017
31616,0.34186706
31617,0.16926391
31618,0.27901557
31619,0.2375708
31620,0.25526574
31621,0.28015438
31622,0.09924071
31623,0.028140713
31624,0.28002164
31625,0.41646728
31626,0.22385749
31627,0.08940676
31628,0.19038658
31629,0.15937586
31630,0.27716923
31631,0.3027373
31632,0.11342242
31633,0.063908584
31634,0.1400786
31635,0.3944716
31636,0.34220454
31637,0.12527695
31638,0.081867695
31639,0.33741933
31640,0.3439853
31641,0.18017459
31642,0.28246057
31643,0.24709645
31644,0.1436755
31645,0.3620752
31646,0.050791506
31647,0.03511026
31648,0.33615747
31649,0.0880299
31650,0.11541034
31651,0.017964536
31652,0.019900026
31653,0.03619501
31654,0.16407001
31655,0.11654375
31656,0.105025485
31657,0.257237
31658,0.07468585
31659,0.22103935
31660,0.0760339
31661,0.2807456
31662,0.37607166
31663,0.18377206
31664,0.3513369
31665,0.17869887
31666,0.3304291
31667,0.28962746
31668,0.26202074
31669,0.20696051
31670,0.20572887
31671,0.21898907
31672,0.16990498
31673,0.0634308
31674,0.188868
31675,0.6467997
31676,0.13527723
31677,0.2222292
31678,0.29340973
31679,0.044222966
31680,0.112114646
31681,0.89030075
31682,0.12341065
31683,0.17850626
31684,0.13195395
31685,0.050967876
31686,0.09925278
31687,0.27046627
31688,0.017914971
31689,0.16678894
31690,0.31149694
31691,0.06843437
31692,0.12633528
31693,0.22287233
31694,0.4109288
31695,0.10059832
31696,0.21947417
31697,0.05740927
31698,0.17204978
31699,0.11258566
31700,0.25808066
31701,0.059083812
31702,0.23221189
31703,0.21196362
31704,0.05076181
31705,0.16852751
31706,0.32399318
31707,0.1959704
31708,0.09881182
31709,0.1656923
31710,0.5605496
31711,0.2768483
31712,0.114806555
31713,0.29441917
31714,0.123298466
31715,0.5387197
31716,0.24807791
31717,0.17608114
31718,0.25639167
31719,0.12753382
31720,0.34076214
31721,0.23819837
31722,0.15885696
31723,0.25066578
31724,0.35626662
31725,0.07845455
31726,0.20505264
31727,0.039157923
31728,0.19378118
31729,0.18152969
31730,0.09779575
31731,0.096859224
31732,0.5281605
31733,0.32068276
31734,0.19970918
31735,0.030445212
31736,0.077158995
31737,0.13552603
31738,0.10285233
31739,0.1477468
31740,0.13456789
31741,0.45556688
31742,0.20542452
31743,0.101085715
31744,0.06489416
31745,0.053844944
31746,0.5946553
31747,0.05650362
31748,0.102147974
31749,0.4671919
31750,0.47014642
31751,0.18579134
31752,0.030574301
31753,0.1128445
31754,0.14103152
31755,0.06502205
31756,0.15012099
31757,0.52007025
31758,0.13593256
31759,0.18879807
31760,0.06686086
31761,0.1288817
31762,0.22697742
31763,0.1404197
31764,0.093816064
31765,0.24681549
31766,0.19736236
31767,0.13793145
31768,0.021583298
31769,0.298931
31770,0.032823157
31771,0.21434076
31772,0.23288673
31773,0.67875266
31774,0.103746705
31775,0.30448148
31776,0.25905442
31777,0.25894898
31778,0.0734073
31779,0.24784777
31780,0.16477188
31781,0.34935963
31782,0.21796545
31783,0.15855856
31784,0.22725354
31785,0.15944774
31786,0.38110024
31787,0.12877424
31788,0.091786906
31789,0.06450572
31790,0.23884356
31791,0.11297898
31792,0.10169407
31793,0.16346525
31794,0.41342628
31795,0.14242576
31796,0.06771495
31797,0.15075278
31798,0.5302541
31799,0.12050215
31800,0.074323505
31801,0.21705939
31802,0.1863722
31803,0.25705254
31804,0.31330016
31805,0.29616255
31806,0.11809521
31807,0.23901539
31808,0.15359184
31809,0.2682367
31810,0.16519558
31811,0.23038259
31812,0.2427829
31813,0.34600878
31814,0.2931939
31815,0.44827184
31816,0.25388375
31817,0.1141281
31818,0.18331872
31819,0.031493243
31820,0.07635944
31821,0.04500024
31822,0.4544831
31823,0.38039228
31824,0.1150671
31825,0.06530893
31826,0.16876838
31827,0.096689016
31828,0.05256401
31829,0.34286344
31830,0.13665757
31831,0.32033297
31832,0.42611971
31833,0.6542001
31834,0.29701748
31835,0.23579977
31836,0.16770203
31837,0.19364506
31838,0.07195339
31839,0.11789217
31840,0.21068145
31841,0.12674265
31842,0.17187594
31843,0.49074635
31844,0.12726082
31845,0.068305224
31846,0.5221446
31847,0.13840234
31848,0.20629865
31849,0.2168413
31850,0.11625728
31851,0.22880709
31852,0.39379197
31853,0.33876464
31854,0.28194606
31855,0.14345619
31856,0.20236517
31857,0.17904574
31858,0.19871683
31859,0.086263075
31860,0.11333646
31861,0.5380794
31862,0.09265755
31863,0.115405716
31864,0.35152787
31865,0.36499655
31866,0.09907039
31867,0.08649432
31868,0.10478458
31869,0.4482476
31870,0.37733424
31871,0.09362411
31872,0.41588
31873,0.18042187
31874,0.13596597
31875,0.38479817
31876,0.6843385
31877,0.10381981
31878,0.09740931
31879,0.71122134
31880,0.09827967
31881,0.20032348
31882,0.26069227
31883,0.065223
31884,0.451748
31885,0.119684525
31886,0.52759963
31887,0.08980591
31888,0.24207574
31889,0.17024378
31890,0.21700664
31891,0.25039557
31892,0.1274632
31893,0.5267042
31894,0.21050164
31895,0.09960129
31896,0.08098896
31897,0.09631284
31898,0.22208048
31899,0.11782976
31900,0.11750561
31901,0.1357413
31902,0.32822505
31903,0.15384695
31904,0.060659982
31905,0.12636234
31906,0.13854755
31907,0.18194012
31908,0.2523073
31909,0.14820966
31910,0.3957777
31911,0.286695
31912,0.066097796
31913,0.16407125
31914,0.0706591
31915,0.19106342
31916,0.18798946
31917,0.12383566
31918,0.1716775
31919,0.3541588
31920,0.16457681
31921,0.36680993
31922,0.4314592
31923,0.1652364
31924,0.16367157
31925,0.46033716
31926,0.39233577
31927,0.10257401
31928,0.27629733
31929,0.50455266
31930,0.13806416
31931,0.19580016
31932,0.07364432
31933,0.113902025
31934,0.072878405
31935,0.14891359
31936,0.29066277
31937,0.18107274
31938,0.25512812
31939,0.09387391
31940,0.12041373
31941,0.20024452
31942,0.2865386
31943,0.19400968
31944,0.40746975
31945,0.20398535
31946,0.30462962
31947,0.29795688
31948,0.11470392
31949,0.4001389
31950,0.25324643
31951,0.25134617
31952,0.065204814
31953,0.15691137
31954,0.12545283
31955,0.19091602
31956,0.14968711
31957,0.117369965
31958,0.12304245
31959,0.27522978
31960,0.10516923
31961,0.14052223
31962,0.33435908
31963,0.22163495
31964,0.03749622
31965,0.3957255
31966,0.19706021
31967,0.05147969
31968,0.04198213
31969,0.044834405
31970,0.07713649
31971,0.15481053
31972,0.0881036
31973,0.08575828
31974,0.1727508
31975,0.11272593
31976,0.10273322
31977,0.29315135
31978,0.15427192
31979,0.23474209
31980,0.20442605
31981,0.20039909
31982,0.47381443
31983,0.08555821
31984,0.118483566
31985,0.36191377
31986,0.16833612
31987,0.36548135
31988,0.02382051
31989,0.23539844
31990,0.10420179
31991,0.114930145
31992,0.67906266
31993,0.3942058
31994,0.1972933
31995,0.22470851
31996,0.13407587
31997,0.09790305
31998,0.10775062
31999,0.032472253
32000,0.1135066
32001,0.12714505
32002,0.16939402
32003,0.31393334
32004,0.14371546
32005,0.50740975
32006,0.15688966
32007,0.16865921
32008,0.50024235
32009,0.074283816
32010,0.19207203
32011,0.28594604
32012,0.19374335
32013,0.16234596
32014,0.03691284
32015,0.056634054
32016,0.29222617
32017,0.24738611
32018,0.15073927
32019,0.119873755
32020,0.10435533
32021,0.1963172
32022,0.08742302
32023,0.10151986
32024,0.107848264
32025,0.25761572
32026,0.27345553
32027,0.09438553
32028,0.10378672
32029,0.22321521
32030,0.13458261
32031,0.335479
32032,0.050672505
32033,0.142262
32034,0.23363915
32035,0.43810886
32036,0.14073731
32037,0.12846677
32038,0.13631792
32039,0.07453222
32040,0.30558482
32041,0.12588052
32042,0.14911698
32043,0.11780556
32044,0.111303784
32045,0.16993791
32046,0.10209009
32047,0.60804
32048,0.21322176
32049,0.10994671
32050,0.15863721
32051,0.5676456
32052,0.062459808
32053,0.58931345
32054,0.12150362
32055,0.18926865
32056,0.20591013
32057,0.2839656
32058,0.22971368
32059,0.06644206
32060,0.16962774
32061,0.22285782
32062,0.07746544
32063,0.16579634
32064,0.34300363
32065,0.25036654
32066,0.14792776
32067,0.18824165
32068,0.24800904
32069,0.10962298
32070,0.15086755
32071,0.17899178
32072,0.075592756
32073,0.5206237
32074,0.1366838
32075,0.1335225
32076,0.09677521
32077,0.26975757
32078,0.15249176
32079,0.19230498
32080,0.36991984
32081,0.30514303
32082,0.095898844
32083,0.28027967
32084,0.13866207
32085,0.06420004
32086,0.22547147
32087,0.14691037
32088,0.22713621
32089,0.2925624
32090,0.059189722
32091,0.18379092
32092,0.22489569
32093,0.12393046
32094,0.1488029
32095,0.2178198
32096,0.14270864
32097,0.10329185
32098,0.15337028
32099,0.3117466
32100,0.11037239
32101,0.25306854
32102,0.038941853
32103,0.2860509
32104,0.09562555
32105,0.22099268
32106,0.443186
32107,0.13001195
32108,0.2607825
32109,0.17165568
32110,0.17369235
32111,0.2415037
32112,0.1816098
32113,0.12319544
32114,0.6275689
32115,0.27541214
32116,0.27201116
32117,0.12171944
32118,0.09793114
32119,0.15497833
32120,0.27343276
32121,0.47727764
32122,0.20236064
32123,0.30797485
32124,0.5268091
32125,0.14071473
32126,0.13184337
32127,0.10654509
32128,0.13554327
32129,0.20303954
32130,0.10280334
32131,0.39664674
32132,0.11348267
32133,0.08205513
32134,0.070215516
32135,0.20451663
32136,0.07363413
32137,0.09506764
32138,0.34092304
32139,0.13517614
32140,0.13788703
32141,0.13989419
32142,0.49404323
32143,0.3021321
32144,0.018080892
32145,0.123487435
32146,0.12250673
32147,0.15233637
32148,0.32971016
32149,0.24909142
32150,0.047291256
32151,0.20103472
32152,0.23894274
32153,0.25263706
32154,0.29224402
32155,0.60426867
32156,0.45646918
32157,0.17221516
32158,0.22149563
32159,0.10955536
32160,0.15389875
32161,0.24142948
32162,0.2648583
32163,0.34813517
32164,0.2914985
32165,0.17523257
32166,0.08099212
32167,0.08531438
32168,0.0859739
32169,0.46149522
32170,0.47733983
32171,0.25650698
32172,0.15531227
32173,0.08589815
32174,0.16663119
32175,0.15126163
32176,0.051472962
32177,0.204063
32178,0.080150336
32179,0.08827037
32180,0.1570611
32181,0.33019853
32182,0.43656743
32183,0.07970743
32184,0.094529524
32185,0.09188834
32186,0.20139374
32187,0.08359279
32188,0.28064984
32189,0.27143288
32190,0.08139844
32191,0.38310066
32192,0.014972121
32193,0.2142192
32194,0.22655904
32195,0.3082383
32196,0.31596863
32197,0.08570383
32198,0.049704403
32199,0.03702977
32200,0.23843612
32201,0.1219816
32202,0.32535952
32203,0.040905416
32204,0.15773997
32205,0.1654705
32206,0.06380734
32207,0.06492974
32208,0.045487173
32209,0.37219736
32210,0.1132626
32211,0.12608193
32212,0.106274135
32213,0.13138573
32214,0.14970456
32215,0.12457404
32216,0.07458761
32217,0.51368326
32218,0.13279349
32219,0.20378423
32220,0.108423196
32221,0.0576451
32222,0.08831386
32223,0.33295444
32224,0.19962864
32225,0.07875021
32226,0.21506763
32227,0.07591794
32228,0.11524313
32229,0.121338524
32230,0.15318412
32231,0.36093873
32232,0.2537305
32233,0.24906196
32234,0.22270542
32235,0.111170575
32236,0.30027997
32237,0.5010238
32238,0.30904135
32239,0.057629004
32240,0.09758227
32241,0.25447446
32242,0.42515114
32243,0.116250046
32244,0.26972914
32245,0.08679394
32246,0.52553934
32247,0.4899367
32248,0.11367708
32249,0.1405086
32250,0.094294325
32251,0.31396198
32252,0.14549485
32253,0.120066024
32254,0.13682434
32255,0.117487244
32256,0.34266382
32257,0.48050058
32258,0.20696697
32259,0.09734526
32260,0.053881332
32261,0.13612647
32262,0.047208946
32263,0.15863155
32264,0.20707451
32265,0.26631397
32266,0.10918413
32267,0.12192764
32268,0.2689513
32269,0.0729205
32270,0.20179655
32271,0.24080351
32272,0.4953148
32273,0.37298957
32274,0.09955099
32275,0.08799005
32276,0.08025045
32277,0.23759545
32278,0.6093423
32279,0.18516567
32280,0.6856547
32281,0.252889
32282,0.028378567
32283,0.1584318
32284,0.18259314
32285,0.122545615
32286,0.14055483
32287,0.11588142
32288,0.3314735
32289,0.0892553
32290,0.04935205
32291,0.24759717
32292,0.32457975
32293,0.1267517
32294,0.07155414
32295,0.3500654
32296,0.049454965
32297,0.38937846
32298,0.22132732
32299,0.30211473
32300,0.41681096
32301,0.21011998
32302,0.18000732
32303,0.054976966
32304,0.40088674
32305,0.45490626
32306,0.2158912
32307,0.18317191
32308,0.27780402
32309,0.07822965
32310,0.06653108
32311,0.0927524
32312,0.13951677
32313,0.122019455
32314,0.21546856
32315,0.12821434
32316,0.18885988
32317,0.17228599
32318,0.2551675
32319,0.17222258
32320,0.04025301
32321,0.09101634
32322,0.17992778
32323,0.101193964
32324,0.11767529
32325,0.28739023
32326,0.25004008
32327,0.3073519
32328,0.3402038
32329,0.38987967
32330,0.21237701
32331,0.091123894
32332,0.12972274
32333,0.045564372
32334,0.16524039
32335,0.04141374
32336,0.17862444
32337,0.648187
32338,0.1297329
32339,0.113025986
32340,0.4198385
32341,0.6170882
32342,0.20807911
32343,0.4606495
32344,0.08200288
32345,0.044624355
32346,0.2033236
32347,0.066022396
32348,0.12418424
32349,0.21415538
32350,0.030517872
32351,0.053725135
32352,0.17683114
32353,0.4722909
32354,0.10145151
32355,0.0705651
32356,0.15522827
32357,0.23014337
32358,0.48332256
32359,0.6711307
32360,0.20107451
32361,0.37316045
32362,0.050831288
32363,0.11760167
32364,0.4017795
32365,0.11889471
32366,0.03249085
32367,0.44111958
32368,0.23911949
32369,0.03821251
32370,0.120957546
32371,0.3272104
32372,0.11093277
32373,0.36825296
32374,0.20075749
32375,0.094156
32376,0.19030587
32377,0.21411343
32378,0.2098377
32379,0.1516844
32380,0.059188753
32381,0.2672494
32382,0.21456392
32383,0.23937698
32384,0.17499852
32385,0.1431062
32386,0.038089264
32387,0.06944093
32388,0.05638618
32389,0.44514132
32390,0.13004005
32391,0.3342136
32392,0.32847273
32393,0.19062953
32394,0.14377199
32395,0.14132956
32396,0.3944196
32397,0.33998618
32398,0.37073106
32399,0.010485163
32400,0.24036242
32401,0.14625558
32402,0.19134223
32403,0.10312287
32404,0.082647696
32405,0.11556355
32406,0.093579896
32407,0.19192533
32408,0.26069108
32409,0.18887366
32410,0.31644842
32411,0.18564247
32412,0.2780668
32413,0.4001557
32414,0.34622067
32415,0.13011296
32416,0.23788135
32417,0.072919466
32418,0.36851603
32419,0.36402795
32420,0.061373167
32421,0.18279482
32422,0.25312775
32423,0.51133066
32424,0.18910816
32425,0.23854813
32426,0.27084655
32427,0.149994
32428,0.09516462
32429,0.0954902
32430,0.23699541
32431,0.027964845
32432,0.33804983
32433,0.15698074
32434,0.12499604
32435,0.41389072
32436,0.31532454
32437,0.29852065
32438,0.31845492
32439,0.2583766
32440,0.33752427
32441,0.3004778
32442,0.05847336
32443,0.59617114
32444,0.15580949
32445,0.20099272
32446,0.116574116
32447,0.04122181
32448,0.25323382
32449,0.10127202
32450,0.54350895
32451,0.21738605
32452,0.035819605
32453,0.13853028
32454,0.058059163
32455,0.025629163
32456,0.44508445
32457,0.041989055
32458,0.027433116
32459,0.112799585
32460,0.07761566
32461,0.24079688
32462,0.24673055
32463,0.51476693
32464,0.26020142
32465,0.2002694
32466,0.21274784
32467,0.25577867
32468,0.021189855
32469,0.1088437
32470,0.46835873
32471,0.5112618
32472,0.16862573
32473,0.07706769
32474,0.16628346
32475,0.356278
32476,0.18099518
32477,0.48507693
32478,0.09998099
32479,0.17500924
32480,0.11194011
32481,0.20027427
32482,0.065856256
32483,0.5402701
32484,0.23674141
32485,0.21268038
32486,0.1640626
32487,0.2058965
32488,0.08860205
32489,0.23738225
32490,0.14961936
32491,0.089123055
32492,0.10961855
32493,0.5952983
32494,0.14121956
32495,0.14631163
32496,0.45716614
32497,0.13320367
32498,0.22753151
32499,0.24233264
32500,0.3193388
32501,0.18611662
32502,0.21535474
32503,0.24473028
32504,0.25527987
32505,0.2604781
32506,0.21372321
32507,0.028228506
32508,0.14979574
32509,0.19826521
32510,0.38784587
32511,0.16957898
32512,0.4192874
32513,0.21512963
32514,0.41603315
32515,0.12327604
32516,0.2833371
32517,0.44833204
32518,0.31030536
32519,0.30469838
32520,0.0784561
32521,0.35626304
32522,0.4823159
32523,0.64747256
32524,0.20820096
32525,0.40574667
32526,0.19640338
32527,0.093760885
32528,0.14266363
32529,0.21830688
32530,0.28774843
32531,0.15542766
32532,0.06424848
32533,0.18151662
32534,0.13116671
32535,0.0885204
32536,0.041067664
32537,0.13215548
32538,0.073707126
32539,0.06567377
32540,0.14098442
32541,0.028875627
32542,0.06479879
32543,0.16130638
32544,0.4682647
32545,0.11412707
32546,0.06990075
32547,0.07444125
32548,0.040132206
32549,0.14855713
32550,0.076787315
32551,0.09522492
32552,0.17389405
32553,0.15036671
32554,0.067460716
32555,0.05098459
32556,0.12064976
32557,0.2893855
32558,0.3735465
32559,0.3204998
32560,0.8141129
32561,0.094853826
32562,0.235453
32563,0.24599738
32564,0.12490247
32565,0.2591694
32566,0.30534485
32567,0.20139335
32568,0.07379886
32569,0.059953324
32570,0.08953914
32571,0.106235355
32572,0.111889996
32573,0.20214601
32574,0.24334872
32575,0.25937226
32576,0.089947514
32577,0.14963976
32578,0.10473401
32579,0.1652526
32580,0.28176287
32581,0.009890622
32582,0.07684576
32583,0.11918242
32584,0.07687895
32585,0.27985236
32586,0.22429226
32587,0.03360035
32588,0.23032811
32589,0.1255657
32590,0.0860333
32591,0.05969525
32592,0.13455622
32593,0.06056572
32594,0.20054615
32595,0.28679127
32596,0.22759287
32597,0.27889994
32598,0.091844164
32599,0.07649035
32600,0.20842291
32601,0.2013084
32602,0.09765374
32603,0.118823685
32604,0.5689287
32605,0.09832122
32606,0.3097282
32607,0.15954939
32608,0.16966714
32609,0.20781226
32610,0.17503034
32611,0.63732594
32612,0.117481686
32613,0.011735815
32614,0.14749548
32615,0.3186453
32616,0.34650332
32617,0.5269374
32618,0.036952034
32619,0.14099371
32620,0.3832016
32621,0.069619246
32622,0.09757576
32623,0.15034342
32624,0.20713311
32625,0.10616879
32626,0.2770177
32627,0.39273173
32628,0.12718022
32629,0.21241887
32630,0.24165899
32631,0.13103671
32632,0.29705206
32633,0.19770938
32634,0.13083412
32635,0.41858238
32636,0.10347077
32637,0.10616546
32638,0.17606023
32639,0.14181557
32640,0.26966676
32641,0.15571669
32642,0.22644715
32643,0.10461824
32644,0.5331285
32645,0.08290941
32646,0.18606892
32647,0.10560568
32648,0.19642153
32649,0.10914113
32650,0.13312224
32651,0.11659944
32652,0.085947976
32653,0.17241324
32654,0.102963835
32655,0.576805
32656,0.28849864
32657,0.24286963
32658,0.23421675
32659,0.05571517
32660,0.17674316
32661,0.19060093
32662,0.1969466
32663,0.03801835
32664,0.07756365
32665,0.10243692
32666,0.19575512
32667,0.31300876
32668,0.13040791
32669,0.20806529
32670,0.074732035
32671,0.13377327
32672,0.18665446
32673,0.12773548
32674,0.3122504
32675,0.25756153
32676,0.31841785
32677,0.25105837
32678,0.23366731
32679,0.09723979
32680,0.40766582
32681,0.029799897
32682,0.11712918
32683,0.26841912
32684,0.22049591
32685,0.21901862
32686,0.13484693
32687,0.22634216
32688,0.19989195
32689,0.083056614
32690,0.16234683
32691,0.10877383
32692,0.109699816
32693,0.08185539
32694,0.10379062
32695,0.19999538
32696,0.21472108
32697,0.03977086
32698,0.35934454
32699,0.12340552
32700,0.08334442
32701,0.26155758
32702,0.09153865
32703,0.12747934
32704,0.10348847
32705,0.25835937
32706,0.21926491
32707,0.29530525
32708,0.06743306
32709,0.3257515
32710,0.22213367
32711,0.26069617
32712,0.04954824
32713,0.28225526
32714,0.09404469
32715,0.26117563
32716,0.14179498
32717,0.2787084
32718,0.1905563
32719,0.25670597
32720,0.2850726
32721,0.23783231
32722,0.30095547
32723,0.25966334
32724,0.05427766
32725,0.14489456
32726,0.3284434
32727,0.32524168
32728,0.26553214
32729,0.30521053
32730,0.18586951
32731,0.09503204
32732,0.13829443
32733,0.37077722
32734,0.21350004
32735,0.24387303
32736,0.030308735
32737,0.2354588
32738,0.28975064
32739,0.28740036
32740,0.294281
32741,0.39616033
32742,0.20935906
32743,0.15461005
32744,0.18723485
32745,0.2311377
32746,0.080213994
32747,0.21034858
32748,0.31419793
32749,0.26423475
32750,0.04726252
32751,0.08533354
32752,0.13481082
32753,0.053057782
32754,0.11890809
32755,0.124234535
32756,0.24317224
32757,0.11708717
32758,0.10820563
32759,0.14278162
32760,0.12482773
32761,0.31017163
32762,0.56353223
32763,0.2625509
32764,0.044101335
32765,0.44120187
32766,0.09669467
32767,0.13621889
32768,0.16727015
32769,0.11897196
32770,0.53045565
32771,0.19195153
32772,0.13712767
32773,0.5734174
32774,0.08692565
32775,0.20700093
32776,0.39128378
32777,0.05866569
32778,0.12232634
32779,0.099831425
32780,0.23241998
32781,0.21182008
32782,0.047074325
32783,0.26187053
32784,0.23504975
32785,0.40662935
32786,0.118703455
32787,0.2345476
32788,0.04532309
32789,0.2186045
32790,0.039749898
32791,0.09740744
32792,0.15005137
32793,0.07235872
32794,0.07414332
32795,0.08191568
32796,0.080561325
32797,0.25300977
32798,0.09511045
32799,0.112357415
32800,0.2162655
32801,0.07160905
32802,0.13981993
32803,0.06383362
32804,0.26620507
32805,0.19259101
32806,0.3078431
32807,0.20596555
32808,0.39681938
32809,0.11048364
32810,0.54636884
32811,0.10766181
32812,0.08277663
32813,0.27275735
32814,0.37287295
32815,0.1836818
32816,0.33316487
32817,0.0495957
32818,0.48015606
32819,0.13340107
32820,0.06997617
32821,0.38979825
32822,0.28011385
32823,0.186536
32824,0.21566975
32825,0.41676474
32826,0.14933963
32827,0.44531307
32828,0.27008525
32829,0.24690421
32830,0.13979435
32831,0.1640059
32832,0.17774767
32833,0.18315195
32834,0.4098009
32835,0.2793925
32836,0.3095195
32837,0.15471928
32838,0.22959863
32839,0.12265039
32840,0.03360396
32841,0.26936254
32842,0.05181321
32843,0.17222443
32844,0.11908997
32845,0.41231704
32846,0.10282635
32847,0.10001527
32848,0.398757
32849,0.34084523
32850,0.10862816
32851,0.3753526
32852,0.079791576
32853,0.067426056
32854,0.47380352
32855,0.2939618
32856,0.17204165
32857,0.37576443
32858,0.059143662
32859,0.233682
32860,0.3634041
32861,0.10209901
32862,0.27382058
32863,0.3194122
32864,0.16392553
32865,0.37409213
32866,0.309607
32867,0.07807518
32868,0.17685986
32869,0.17430252
32870,0.115160376
32871,0.1930756
32872,0.11217254
32873,0.056421477
32874,0.21260566
32875,0.18160981
32876,0.2230068
32877,0.272386
32878,0.14828117
32879,0.10313682
32880,0.15905742
32881,0.05351201
32882,0.18746014
32883,0.2188627
32884,0.09919047
32885,0.55465823
32886,0.043061964
32887,0.25958082
32888,0.055544294
32889,0.5398112
32890,0.19514309
32891,0.090124585
32892,0.26089278
32893,0.078858264
32894,0.05130058
32895,0.028853798
32896,0.050638925
32897,0.04173908
32898,0.16953136
32899,0.14975195
32900,0.23074485
32901,0.15374182
32902,0.11585899
32903,0.13091618
32904,0.0147263175
32905,0.056167513
32906,0.018277578
32907,0.16613856
32908,0.058958627
32909,0.23032399
32910,0.51664627
32911,0.45614326
32912,0.42082283
32913,0.17185418
32914,0.07116972
32915,0.37248725
32916,0.56005037
32917,0.22502375
32918,0.03827644
32919,0.22690092
32920,0.36858714
32921,0.43291223
32922,0.49799073
32923,0.22300057
32924,0.16121586
32925,0.35679674
32926,0.36733347
32927,0.09710028
32928,0.048416536
32929,0.3475751
32930,0.3028357
32931,0.03846233
32932,0.18957278
32933,0.1317953
32934,0.081941865
32935,0.17568226
32936,0.24296828
32937,0.12566252
32938,0.11675308
32939,0.25146508
32940,0.33348227
32941,0.04098999
32942,0.25057912
32943,0.45792353
32944,0.8628126
32945,0.083138004
32946,0.092248715
32947,0.12473066
32948,0.19058187
32949,0.551552
32950,0.36039278
32951,0.12560825
32952,0.24025285
32953,0.045840114
32954,0.08933715
32955,0.28863862
32956,0.100956716
32957,0.03146405
32958,0.033172697
32959,0.15933374
32960,0.117426984
32961,0.24573562
32962,0.13415366
32963,0.25274754
32964,0.14414017
32965,0.32456538
32966,0.23764317
32967,0.27289212
32968,0.4018748
32969,0.13744655
32970,0.041209977
32971,0.08097359
32972,0.23581094
32973,0.45788845
32974,0.4123813
32975,0.16868946
32976,0.20520592
32977,0.117981166
32978,0.08718833
32979,0.084650755
32980,0.2178435
32981,0.070162706
32982,0.2863247
32983,0.17193076
32984,0.11810266
32985,0.093700655
32986,0.41492844
32987,0.15776397
32988,0.12042056
32989,0.28243682
32990,0.1009306
32991,0.16987163
32992,0.41323334
32993,0.27325046
32994,0.02101692
32995,0.077274576
32996,0.1638898
32997,0.20525111
32998,0.33617756
32999,0.27675182
33000,0.48299173
33001,0.26092282
33002,0.117372856
33003,0.15463664
33004,0.24352935
33005,0.3444607
33006,0.15221545
33007,0.16218023
33008,0.09569235
33009,0.44063064
33010,0.4988354
33011,0.13559364
33012,0.20588754
33013,0.28241786
33014,0.30578533
33015,0.14052561
33016,0.16949008
33017,0.14468494
33018,0.16252612
33019,0.2927495
33020,0.24618529
33021,0.29698873
33022,0.09289792
33023,0.22637764
33024,0.22064322
33025,0.18593505
33026,0.19419737
33027,0.17857786
33028,0.09531784
33029,0.3041406
33030,0.15248066
33031,0.104626894
33032,0.342075
33033,0.6255042
33034,0.24406472
33035,0.26355267
33036,0.35100523
33037,0.7381796
33038,0.07795901
33039,0.2797686
33040,0.15385896
33041,0.16453241
33042,0.28227
33043,0.31387278
33044,0.0071859523
33045,0.22971985
33046,0.07297267
33047,0.40539184
33048,0.09240702
33049,0.22907718
33050,0.26078928
33051,0.20381933
33052,0.055677228
33053,0.18564063
33054,0.084633894
33055,0.15484574
33056,0.2169817
33057,0.3293688
33058,0.19389471
33059,0.27017388
33060,0.29681164
33061,0.4388368
33062,0.17988655
33063,0.24730198
33064,0.06656553
33065,0.027764592
33066,0.1225122
33067,0.023103643
33068,0.0427639
33069,0.2695306
33070,0.13900487
33071,0.18589602
33072,0.44896576
33073,0.17267781
33074,0.021887718
33075,0.16676237
33076,0.19967416
33077,0.13638109
33078,0.30924717
33079,0.24029665
33080,0.24073093
33081,0.13569263
33082,0.038893603
33083,0.77415025
33084,0.10012763
33085,0.11745867
33086,0.2065796
33087,0.20319043
33088,0.25636113
33089,0.10806305
33090,0.3737926
33091,0.10365909
33092,0.16448016
33093,0.05444534
33094,0.08104189
33095,0.13024625
33096,0.1891675
33097,0.16749443
33098,0.121194765
33099,0.15107532
33100,0.2525954
33101,0.33848223
33102,0.13450883
33103,0.046221364
33104,0.04923614
33105,0.14466985
33106,0.1917111
33107,0.23138633
33108,0.1547803
33109,0.10250578
33110,0.07017655
33111,0.22778042
33112,0.15159163
33113,0.3287798
33114,0.35879448
33115,0.09758057
33116,0.108530916
33117,0.12616935
33118,0.1538836
33119,0.20667489
33120,0.1716551
33121,0.17566735
33122,0.077149756
33123,0.30931652
33124,0.10633527
33125,0.15977195
33126,0.27408305
33127,0.1643542
33128,0.21394908
33129,0.111588724
33130,0.15363057
33131,0.13655803
33132,0.1825112
33133,0.22440344
33134,0.19277197
33135,0.31723657
33136,0.21096972
33137,0.04695653
33138,0.0663389
33139,0.18759552
33140,0.31590378
33141,0.13465619
33142,0.13714483
33143,0.13404807
33144,0.328251
33145,0.2165179
33146,0.14453651
33147,0.1564496
33148,0.32284454
33149,0.16833578
33150,0.31276587
33151,0.13195167
33152,0.18252401
33153,0.1507846
33154,0.5266305
33155,0.2631996
33156,0.14340042
33157,0.1372434
33158,0.2549558
33159,0.15941595
33160,0.24558833
33161,0.20294411
33162,0.3518418
33163,0.25289446
33164,0.11719204
33165,0.2700096
33166,0.3205477
33167,0.121064655
33168,0.27400133
33169,0.09745551
33170,0.098937914
33171,0.13931473
33172,0.16031002
33173,0.2530089
33174,0.14988759
33175,0.079760306
33176,0.113457054
33177,0.16116394
33178,0.06298668
33179,0.12505458
33180,0.11248933
33181,0.029365346
33182,0.056630243
33183,0.3722992
33184,0.24095345
33185,0.13980772
33186,0.23741122
33187,0.25360867
33188,0.34981248
33189,0.08502631
33190,0.2824011
33191,0.33014873
33192,0.28373393
33193,0.24883907
33194,0.5486669
33195,0.118218526
33196,0.20442712
33197,0.059465803
33198,0.30956578
33199,0.25481817
33200,0.20515952
33201,0.23477378
33202,0.09685533
33203,0.062790684
33204,0.06726002
33205,0.2069351
33206,0.10695702
33207,0.1656108
33208,0.25895795
33209,0.14547068
33210,0.14379443
33211,0.1939569
33212,0.18285757
33213,0.093290314
33214,0.051525157
33215,0.20322819
33216,0.267666
33217,0.1923576
33218,0.114052914
33219,0.0840105
33220,0.21526174
33221,0.044639
33222,0.43841285
33223,0.14066608
33224,0.16041547
33225,0.11788034
33226,0.10482835
33227,0.32654804
33228,0.06239388
33229,0.27168742
33230,0.07903218
33231,0.037465308
33232,0.043834433
33233,0.24686828
33234,0.10949252
33235,0.2697132
33236,0.053682957
33237,0.62127686
33238,0.19079728
33239,0.17593946
33240,0.16700158
33241,0.3867619
33242,0.14127049
33243,0.5832359
33244,0.15324853
33245,0.13296896
33246,0.33560795
33247,0.092255495
33248,0.14070877
33249,0.036711432
33250,0.086443804
33251,0.035474796
33252,0.09962689
33253,0.051307138
33254,0.115706496
33255,0.28792286
33256,0.108553626
33257,0.17037222
33258,0.11449654
33259,0.4664203
33260,0.18384017
33261,0.2085753
33262,0.18824455
33263,0.40444106
33264,0.13231002
33265,0.099138185
33266,0.14833409
33267,0.2518687
33268,0.046235356
33269,0.08075077
33270,0.2169117
33271,0.2622158
33272,0.10808502
33273,0.09815
33274,0.12892818
33275,0.3343703
33276,0.045063257
33277,0.2392811
33278,0.12945738
33279,0.17411245
33280,0.2141943
33281,0.07137381
33282,0.27274308
33283,0.17559853
33284,0.22330023
33285,0.109416425
33286,0.23016661
33287,0.49552864
33288,0.20056412
33289,0.24270101
33290,0.0601628
33291,0.2036415
33292,0.256701
33293,0.31129956
33294,0.14381294
33295,0.31388107
33296,0.09112123
33297,0.14760719
33298,0.39614102
33299,0.45387408
33300,0.13955231
33301,0.37481052
33302,0.10274307
33303,0.16591372
33304,0.18674552
33305,0.21068543
33306,0.0815822
33307,0.112214014
33308,0.40379342
33309,0.2526479
33310,0.05346903
33311,0.06054756
33312,0.1414241
33313,0.21671131
33314,0.12506068
33315,0.19970647
33316,0.3969672
33317,0.094447576
33318,0.08800413
33319,0.3762141
33320,0.17615417
33321,0.13413803
33322,0.1814548
33323,0.18480359
33324,0.47523355
33325,0.4760356
33326,0.09774155
33327,0.3531296
33328,0.31276327
33329,0.12225805
33330,0.37353083
33331,0.13364358
33332,0.04210416
33333,0.17752309
33334,0.096183866
33335,0.40675002
33336,0.3560372
33337,0.124878764
33338,0.30593342
33339,0.06650606
33340,0.08400796
33341,0.18697526
33342,0.16838957
33343,0.19069684
33344,0.082748905
33345,0.07166718
33346,0.42314053
33347,0.13821062
33348,0.15981805
33349,0.06309682
33350,0.13160494
33351,0.10940277
33352,0.19287713
33353,0.015015877
33354,0.458006
33355,0.2970222
33356,0.10663834
33357,0.37749335
33358,0.07303474
33359,0.12373439
33360,0.116130814
33361,0.08980647
33362,0.16907972
33363,0.24307296
33364,0.27274486
33365,0.07596542
33366,0.2703453
33367,0.23442478
33368,0.2438153
33369,0.15219842
33370,0.27248606
33371,0.104003645
33372,0.085691385
33373,0.07273714
33374,0.13374752
33375,0.28968373
33376,0.36541227
33377,0.07550382
33378,0.35426047
33379,0.22011687
33380,0.32383674
33381,0.08862262
33382,0.53763825
33383,0.095823735
33384,0.2298338
33385,0.14161713
33386,0.08230932
33387,0.25613227
33388,0.17308468
33389,0.12933807
33390,0.0738261
33391,0.3111619
33392,0.24174747
33393,0.090153694
33394,0.13433488
33395,0.22835521
33396,0.19021884
33397,0.19545352
33398,0.022940857
33399,0.5910978
33400,0.11227659
33401,0.31493002
33402,0.44945624
33403,0.1502949
33404,0.41011682
33405,0.08244447
33406,0.45975786
33407,0.085923776
33408,0.28252533
33409,0.24466518
33410,0.036367532
33411,0.09437995
33412,0.24009043
33413,0.11119367
33414,0.21282211
33415,0.19661412
33416,0.19453117
33417,0.3584125
33418,0.17582859
33419,0.27111563
33420,0.23080046
33421,0.088813074
33422,0.15761378
33423,0.2831663
33424,0.046454925
33425,0.34757116
33426,0.20869873
33427,0.09468033
33428,0.45818526
33429,0.2457872
33430,0.39081356
33431,0.42423457
33432,0.33853427
33433,0.35919696
33434,0.2456766
33435,0.5261948
33436,0.41786575
33437,0.22092819
33438,0.14347476
33439,0.060939126
33440,0.1470543
33441,0.19426428
33442,0.32049102
33443,0.06280636
33444,0.14431684
33445,0.07413096
33446,0.21700533
33447,0.103097
33448,0.18210906
33449,0.20399836
33450,0.19368951
33451,0.23160712
33452,0.06619582
33453,0.22031783
33454,0.08749036
33455,0.22326116
33456,0.06302057
33457,0.04946727
33458,0.11507075
33459,0.28224972
33460,0.3415091
33461,0.07830244
33462,0.3913417
33463,0.88913685
33464,0.44257683
33465,0.01546006
33466,0.06348605
33467,0.16774365
33468,0.17912461
33469,0.119272545
33470,0.23747273
33471,0.028482916
33472,0.05210992
33473,0.26757908
33474,0.23346847
33475,0.22861496
33476,0.14490715
33477,0.4516364
33478,0.30618894
33479,0.3363683
33480,0.428749
33481,0.46037167
33482,0.37604237
33483,0.12260039
33484,0.1606434
33485,0.3081425
33486,0.31799048
33487,0.21400654
33488,0.27034175
33489,0.2749217
33490,0.15043622
33491,0.1028264
33492,0.14901102
33493,0.06277337
33494,0.17663257
33495,0.25425205
33496,0.2178331
33497,0.20223977
33498,0.33531803
33499,0.13091679
33500,0.071980715
33501,0.23366456
33502,0.35939535
33503,0.10344021
33504,0.2657535
33505,0.49447325
33506,0.04487156
33507,0.13507727
33508,0.23318265
33509,0.15845925
33510,0.08674954
33511,0.15983845
33512,0.51513183
33513,0.16676538
33514,0.19041127
33515,0.1522355
33516,0.2838472
33517,0.2679695
33518,0.25873268
33519,0.058637746
33520,0.16936842
33521,0.4759382
33522,0.13749105
33523,0.1427853
33524,0.18939324
33525,0.21546973
33526,0.16634761
33527,0.27534825
33528,0.16700964
33529,0.19701701
33530,0.14133902
33531,0.078852825
33532,0.17017443
33533,0.08430406
33534,0.17223369
33535,0.47645327
33536,0.22697438
33537,0.116421126
33538,0.14343052
33539,0.079441875
33540,0.22834788
33541,0.11091655
33542,0.1902968
33543,0.41386145
33544,0.4171816
33545,0.23375446
33546,0.11041494
33547,0.042672087
33548,0.08808406
33549,0.26591304
33550,0.65072227
33551,0.114501536
33552,0.045755886
33553,0.2129239
33554,0.09822226
33555,0.099866696
33556,0.10910994
33557,0.087801225
33558,0.41526815
33559,0.120040104
33560,0.076393455
33561,0.36983335
33562,0.12847395
33563,0.2949295
33564,0.27701423
33565,0.54328024
33566,0.31756598
33567,0.76346636
33568,0.12101935
33569,0.2951895
33570,0.28210327
33571,0.08172616
33572,0.27020836
33573,0.29710957
33574,0.07479534
33575,0.23853706
33576,0.26988676
33577,0.1007143
33578,0.1732726
33579,0.15578327
33580,0.3067474
33581,0.20500693
33582,0.075926684
33583,0.14352383
33584,0.08925096
33585,0.13542983
33586,0.08059503
33587,0.118507214
33588,0.17791764
33589,0.25719115
33590,0.2561217
33591,0.40588772
33592,0.08472189
33593,0.3691452
33594,0.2650525
33595,0.19365469
33596,0.23555365
33597,0.3231877
33598,0.11553113
33599,0.49432585
33600,0.017639885
33601,0.07198255
33602,0.30048117
33603,0.17011172
33604,0.068683326
33605,0.19608139
33606,0.161395
33607,0.036298048
33608,0.10680019
33609,0.25981042
33610,0.0977943
33611,0.540269
33612,0.21331039
33613,0.31997323
33614,0.29007807
33615,0.102063775
33616,0.17709273
33617,0.15993887
33618,0.17065853
33619,0.11078509
33620,0.41275558
33621,0.14230621
33622,0.13471216
33623,0.05171417
33624,0.23273136
33625,0.1867675
33626,0.095313706
33627,0.12958719
33628,0.29287323
33629,0.030850168
33630,0.044752937
33631,0.12603451
33632,0.15162538
33633,0.09010287
33634,0.07146987
33635,0.10264961
33636,0.08282139
33637,0.1972392
33638,0.29374033
33639,0.062845156
33640,0.49415383
33641,0.24693383
33642,0.098135814
33643,0.13197511
33644,0.11685581
33645,0.26314157
33646,0.2524808
33647,0.30314162
33648,0.14187591
33649,0.2513551
33650,0.2670123
33651,0.16469292
33652,0.13863602
33653,0.18554027
33654,0.120541826
33655,0.18443537
33656,0.3049995
33657,0.31494185
33658,0.2752464
33659,0.08916003
33660,0.24957803
33661,0.17797285
33662,0.06331396
33663,0.5318323
33664,0.18167359
33665,0.17071813
33666,0.19882381
33667,0.17817247
33668,0.2363117
33669,0.41651517
33670,0.29254782
33671,0.21384427
33672,0.17433372
33673,0.47079095
33674,0.10026671
33675,0.46955144
33676,0.19857459
33677,0.13130374
33678,0.23744121
33679,0.06370847
33680,0.13076192
33681,0.12923698
33682,0.25894517
33683,0.1357142
33684,0.21072994
33685,0.07843085
33686,0.05691982
33687,0.103097044
33688,0.09050993
33689,0.45213807
33690,0.027929042
33691,0.42376372
33692,0.121907055
33693,0.25684807
33694,0.047905795
33695,0.1785611
33696,0.09393213
33697,0.14097637
33698,0.17280716
33699,0.11776209
33700,0.075719535
33701,0.33811414
33702,0.41237208
33703,0.123234995
33704,0.3824888
33705,0.17397408
33706,0.31669983
33707,0.20761883
33708,0.010284742
33709,0.22590013
33710,0.30493852
33711,0.13049008
33712,0.28492925
33713,0.11022693
33714,0.23212317
33715,0.15527253
33716,0.0442599
33717,0.3651814
33718,0.21968724
33719,0.19795376
33720,0.42603323
33721,0.12822638
33722,0.16789569
33723,0.22022463
33724,0.7205901
33725,0.14993761
33726,0.1719533
33727,0.03904467
33728,0.14983937
33729,0.15991163
33730,0.11108997
33731,0.08425375
33732,0.15326247
33733,0.37071544
33734,0.19819419
33735,0.06484191
33736,0.08194416
33737,0.22151144
33738,0.06061809
33739,0.18640754
33740,0.3390421
33741,0.1301267
33742,0.10837204
33743,0.100285895
33744,0.56104237
33745,0.05012371
33746,0.22310792
33747,0.19529429
33748,0.3362338
33749,0.2073384
33750,0.31281227
33751,0.11099557
33752,0.19823089
33753,0.033180542
33754,0.2613643
33755,0.3406204
33756,0.18941972
33757,0.088258624
33758,0.16943057
33759,0.23934948
33760,0.16695315
33761,0.15554325
33762,0.10775089
33763,0.096940205
33764,0.41110986
33765,0.24221408
33766,0.21584241
33767,0.06802447
33768,0.19076207
33769,0.31536347
33770,0.013044845
33771,0.080318876
33772,0.067701
33773,0.1270965
33774,0.17367907
33775,0.031122861
33776,0.091131136
33777,0.104447864
33778,0.052127447
33779,0.080280244
33780,0.3836581
33781,0.16593446
33782,0.1785343
33783,0.088070355
33784,0.29165995
33785,0.088200554
33786,0.2810172
33787,0.16051748
33788,0.21032262
33789,0.18951541
33790,0.22466485
33791,0.0139817055
33792,0.24297768
33793,0.17614232
33794,0.25542703
33795,0.09664701
33796,0.12485209
33797,0.26832238
33798,0.43950915
33799,0.1923005
33800,0.34282175
33801,0.1722336
33802,0.2700882
33803,0.27374807
33804,0.17832808
33805,0.3554886
33806,0.08677744
33807,0.20725542
33808,0.21554935
33809,0.03086331
33810,0.13707598
33811,0.10502613
33812,0.28687274
33813,0.11936789
33814,0.10062699
33815,0.12370605
33816,0.14431472
33817,0.50453913
33818,0.57756495
33819,0.15671793
33820,0.14543062
33821,0.1047295
33822,0.097078174
33823,0.16948983
33824,0.4332744
33825,0.26587752
33826,0.35290706
33827,0.13666555
33828,0.16764379
33829,0.15818249
33830,0.12284884
33831,0.10387302
33832,0.23569274
33833,0.55579793
33834,0.20187315
33835,0.17013663
33836,0.23706946
33837,0.24695654
33838,0.1390958
33839,0.30421707
33840,0.13437472
33841,0.33572996
33842,0.31807747
33843,0.45161298
33844,0.17847653
33845,0.3019343
33846,0.08675904
33847,0.5501112
33848,0.18244162
33849,0.059248947
33850,0.068950266
33851,0.3556035
33852,0.21472666
33853,0.14512067
33854,0.15422775
33855,0.038927812
33856,0.056922723
33857,0.22588843
33858,0.2979012
33859,0.15189146
33860,0.33349434
33861,0.3531107
33862,0.13783923
33863,0.1901105
33864,0.27129138
33865,0.19658823
33866,0.1743695
33867,0.089720875
33868,0.23206753
33869,0.03917393
33870,0.18690424
33871,0.07791081
33872,0.41610935
33873,0.060544793
33874,0.18338491
33875,0.19378173
33876,0.38939077
33877,0.14006415
33878,0.12741028
33879,0.02057237
33880,0.26085275
33881,0.16532914
33882,0.46293274
33883,0.36216554
33884,0.09648476
33885,0.116194464
33886,0.2764713
33887,0.08360985
33888,0.18797107
33889,0.114927284
33890,0.05122863
33891,0.18884537
33892,0.30947426
33893,0.542212
33894,0.27562484
33895,0.17475392
33896,0.39493302
33897,0.3338616
33898,0.2666842
33899,0.06446087
33900,0.15715358
33901,0.20252705
33902,0.22219454
33903,0.1968928
33904,0.09914866
33905,0.2426945
33906,0.13663782
33907,0.282257
33908,0.06298751
33909,0.2821605
33910,0.39099273
33911,0.09021825
33912,0.08980472
33913,0.11705394
33914,0.14013061
33915,0.103197865
33916,0.03022583
33917,0.24935286
33918,0.82392406
33919,0.13257271
33920,0.19647402
33921,0.104455486
33922,0.24959944
33923,0.13584769
33924,0.3516303
33925,0.16015458
33926,0.48321185
33927,0.18202767
33928,0.13221216
33929,0.018062297
33930,0.45423433
33931,0.32795945
33932,0.17277846
33933,0.33253634
33934,0.30774465
33935,0.29089743
33936,0.12696761
33937,0.12497119
33938,0.05333485
33939,0.26722133
33940,0.14815202
33941,0.27262628
33942,0.33782783
33943,0.35710356
33944,0.06411934
33945,0.124656506
33946,0.253817
33947,0.1127782
33948,0.06901963
33949,0.072655946
33950,0.13506167
33951,0.25187814
33952,0.1891239
33953,0.23187783
33954,0.13364007
33955,0.37657884
33956,0.1490333
33957,0.09063962
33958,0.12711127
33959,0.22986281
33960,0.2598384
33961,0.1352167
33962,0.15975118
33963,0.15850796
33964,0.11394831
33965,0.15851237
33966,0.30833188
33967,0.0772523
33968,0.16617742
33969,0.087451
33970,0.11013322
33971,0.4493146
33972,0.2216144
33973,0.2614777
33974,0.18541373
33975,0.18272097
33976,0.22289832
33977,0.019400643
33978,0.14726783
33979,0.15000205
33980,0.15497716
33981,0.7298123
33982,0.1972081
33983,0.48254526
33984,0.07836528
33985,0.19173913
33986,0.233026
33987,0.03447201
33988,0.0864968
33989,0.087758884
33990,0.3572921
33991,0.16927351
33992,0.111045
33993,0.3100375
33994,0.25709906
33995,0.18386537
33996,0.24162464
33997,0.43973324
33998,0.15701397
33999,0.074799225
34000,0.14250414
34001,0.13673666
34002,0.14757316
34003,0.060020655
34004,0.13898417
34005,0.1286723
34006,0.11994939
34007,0.33051753
34008,0.22279462
34009,0.34267542
34010,0.13699898
34011,0.07924702
34012,0.24581206
34013,0.24931458
34014,0.27291757
34015,0.12824255
34016,0.3986759
34017,0.34490204
34018,0.1434681
34019,0.2316369
34020,0.03762558
34021,0.17852814
34022,0.058496464
34023,0.05530682
34024,0.09726665
34025,0.24628012
34026,0.12291598
34027,0.36623996
34028,0.12784535
34029,0.1688052
34030,0.3183744
34031,0.25477302
34032,0.37885326
34033,0.17772935
34034,0.2595362
34035,0.12854652
34036,0.028808042
34037,0.060156986
34038,0.44013616
34039,0.2569849
34040,0.09952635
34041,0.14551647
34042,0.14988011
34043,0.20034027
34044,0.09839875
34045,0.22414201
34046,0.25878543
34047,0.15664628
34048,0.024097554
34049,0.14790066
34050,0.36807147
34051,0.18553959
34052,0.13636819
34053,0.19193958
34054,0.17081992
34055,0.10727113
34056,0.20420095
34057,0.26349428
34058,0.22388439
34059,0.17681119
34060,0.22386207
34061,0.16518517
34062,0.11318225
34063,0.05173947
34064,0.87643754
34065,0.10445902
34066,0.28498203
34067,0.04642954
34068,0.095825896
34069,0.61423314
34070,0.09007851
34071,0.08504994
34072,0.40833166
34073,0.23297526
34074,0.31325552
34075,0.21497685
34076,0.28225592
34077,0.11864084
34078,0.058445208
34079,0.4352149
34080,0.26828802
34081,0.1149539
34082,0.19031642
34083,0.09774952
34084,0.10351527
34085,0.061342835
34086,0.21500665
34087,0.14462838
34088,0.13137975
34089,0.20295797
34090,0.110971555
34091,0.044396307
34092,0.23636852
34093,0.0074202763
34094,0.13845818
34095,0.3009968
34096,0.072610244
34097,0.23345506
34098,0.22079821
34099,0.14383812
34100,0.13426699
34101,0.23513752
34102,0.30562216
34103,0.099109165
34104,0.22799616
34105,0.16875982
34106,0.29800725
34107,0.0641129
34108,0.12564841
34109,0.13484818
34110,0.104619436
34111,0.66604596
34112,0.18336913
34113,0.18142132
34114,0.115130045
34115,0.11246455
34116,0.08931973
34117,0.039069347
34118,0.27182505
34119,0.022603128
34120,0.100593425
34121,0.067910746
34122,0.13189852
34123,0.16849676
34124,0.11647983
34125,0.24500579
34126,0.13725363
34127,0.15774456
34128,0.21113007
34129,0.040423337
34130,0.05134054
34131,0.2814455
34132,0.27407104
34133,0.07194163
34134,0.33790156
34135,0.04476528
34136,0.12988119
34137,0.27057323
34138,0.1918482
34139,0.11041699
34140,0.1075026
34141,0.05426754
34142,0.3121631
34143,0.55817074
34144,0.0750122
34145,0.22846226
34146,0.09305499
34147,0.17888929
34148,0.070563406
34149,0.05869732
34150,0.2144422
34151,0.256515
34152,0.08475835
34153,0.27700502
34154,0.15476447
34155,0.016728453
34156,0.02858848
34157,0.57991594
34158,0.05388453
34159,0.12912552
34160,0.19282961
34161,0.14268184
34162,0.17835946
34163,0.31620353
34164,0.09693433
34165,0.15581493
34166,0.047085878
34167,0.22997181
34168,0.16296144
34169,0.21833943
34170,0.20945556
34171,0.15075567
34172,0.26974508
34173,0.30659908
34174,0.19918595
34175,0.33454257
34176,0.3694976
34177,0.24345909
34178,0.078369774
34179,0.2359138
34180,0.32144892
34181,0.51760036
34182,0.13829604
34183,0.14287943
34184,0.16180171
34185,0.2710312
34186,0.09161121
34187,0.27004057
34188,0.20722203
34189,0.20647852
34190,0.17519225
34191,0.12398018
34192,0.18557365
34193,0.11284667
34194,0.6925289
34195,0.2574606
34196,0.14114973
34197,0.154671
34198,0.19256312
34199,0.24721785
34200,0.3806769
34201,0.3995382
34202,0.0283258
34203,0.08168294
34204,0.4308292
34205,0.26534563
34206,0.22791618
34207,0.30369288
34208,0.09418524
34209,0.20645876
34210,0.2438379
34211,0.20231064
34212,0.050293367
34213,0.041634053
34214,0.14211446
34215,0.48754087
34216,0.07116683
34217,0.09731835
34218,0.25461107
34219,0.4719189
34220,0.18519342
34221,0.033031914
34222,0.1324654
34223,0.08706297
34224,0.117601894
34225,0.2244765
34226,0.6261194
34227,0.16206641
34228,0.24190077
34229,0.20870711
34230,0.16437149
34231,0.11504179
34232,0.12921083
34233,0.5123593
34234,0.13254179
34235,0.10768323
34236,0.13954039
34237,0.18865685
34238,0.21744771
34239,0.15888037
34240,0.04671628
34241,0.06789906
34242,0.20604047
34243,0.38912633
34244,0.22855319
34245,0.2505587
34246,0.07436051
34247,0.27772227
34248,0.3869737
34249,0.25213268
34250,0.2108868
34251,0.07233209
34252,0.13334425
34253,0.25084516
34254,0.17387576
34255,0.11106739
34256,0.16028419
34257,0.04694313
34258,0.11128731
34259,0.212804
34260,0.08869713
34261,0.11997149
34262,0.14163378
34263,0.25200868
34264,0.23639646
34265,0.3090089
34266,0.17084259
34267,0.076001175
34268,0.45795116
34269,0.27881575
34270,0.11810673
34271,0.12575667
34272,0.640438
34273,0.277737
34274,0.29499874
34275,0.03366802
34276,0.08810111
34277,0.1980143
34278,0.33384353
34279,0.6431715
34280,0.11477452
34281,0.086685754
34282,0.15614866
34283,0.1563828
34284,0.107245214
34285,0.1622213
34286,0.11167666
34287,0.032726616
34288,0.09490259
34289,0.09324644
34290,0.22280484
34291,0.17632198
34292,0.12422154
34293,0.096170604
34294,0.057331227
34295,0.19748479
34296,0.054689407
34297,0.22030245
34298,0.22546884
34299,0.19968867
34300,0.12915057
34301,0.30881113
34302,0.4358452
34303,0.4044656
34304,0.242002
34305,0.08374163
34306,0.029821355
34307,0.15636341
34308,0.13047554
34309,0.024402319
34310,0.36639532
34311,0.10078747
34312,0.082995236
34313,0.11039026
34314,0.2343966
34315,0.2747664
34316,0.1353408
34317,0.27596807
34318,0.07042367
34319,0.16630694
34320,0.18210284
34321,0.2550611
34322,0.37264985
34323,0.17615247
34324,0.15379855
34325,0.20139907
34326,0.09685537
34327,0.20244972
34328,0.38150063
34329,0.13700502
34330,0.32641813
34331,0.08572815
34332,0.036866654
34333,0.14581704
34334,0.36928236
34335,0.18984553
34336,0.18743226
34337,0.3942138
34338,0.079979874
34339,0.09394189
34340,0.14384682
34341,0.07554587
34342,0.2559737
34343,0.117010094
34344,0.33443967
34345,0.23653634
34346,0.24325046
34347,0.10912423
34348,0.09660893
34349,0.22052939
34350,0.2420302
34351,0.087855175
34352,0.18717024
34353,0.2954652
34354,0.044127192
34355,0.2699555
34356,0.29115605
34357,0.027931973
34358,0.09315043
34359,0.26101387
34360,0.21165866
34361,0.37377578
34362,0.11473121
34363,0.1447697
34364,0.10135643
34365,0.20247298
34366,0.31604376
34367,0.123993024
34368,0.30466738
34369,0.09363374
34370,0.047234636
34371,0.17066936
34372,0.068417266
34373,0.64561
34374,0.15988319
34375,0.3886566
34376,0.06536044
34377,0.034107104
34378,0.33770534
34379,0.26171896
34380,0.22861813
34381,0.22067024
34382,0.3283268
34383,0.063428275
34384,0.104294196
34385,0.2500028
34386,0.06389421
34387,0.10973185
34388,0.070335254
34389,0.13234513
34390,0.111041054
34391,0.4121471
34392,0.23846716
34393,0.13415651
34394,0.13292797
34395,0.11655292
34396,0.27094308
34397,0.29157075
34398,0.11721735
34399,0.14754261
34400,0.067039475
34401,0.14543305
34402,0.2087558
34403,0.51884186
34404,0.15657066
34405,0.21351567
34406,0.11722432
34407,0.288897
34408,0.030659761
34409,0.07588285
34410,0.04942386
34411,0.3301312
34412,0.06402477
34413,0.20399061
34414,0.021983031
34415,0.12243229
34416,0.08023408
34417,0.1323982
34418,0.12722258
34419,0.453626
34420,0.19903418
34421,0.06907128
34422,0.162278
34423,0.16918847
34424,0.29473218
34425,0.1473803
34426,0.12472298
34427,0.20498799
34428,0.06276497
34429,0.08247645
34430,0.20949322
34431,0.07126519
34432,0.19932766
34433,0.07216602
34434,0.02488035
34435,0.06325362
34436,0.17241056
34437,0.10865135
34438,0.27792192
34439,0.14165737
34440,0.19739449
34441,0.22799622
34442,0.50294876
34443,0.2447438
34444,0.23719704
34445,0.09409077
34446,0.19796938
34447,0.13228685
34448,0.12290468
34449,0.13832928
34450,0.03204194
34451,0.1955084
34452,0.11624826
34453,0.10625038
34454,0.1496316
34455,0.24462537
34456,0.3645986
34457,0.29617885
34458,0.051614553
34459,0.13451143
34460,0.17060675
34461,0.11596321
34462,0.07007852
34463,0.11143368
34464,0.17075333
34465,0.15012273
34466,0.1619806
34467,0.08707905
34468,0.06635167
34469,0.1721908
34470,0.14343344
34471,0.40526286
34472,0.3776552
34473,0.21779577
34474,0.18553188
34475,0.33564082
34476,0.3283392
34477,0.38427514
34478,0.26534286
34479,0.3065154
34480,0.16544461
34481,0.16206513
34482,0.20500857
34483,0.20324233
34484,0.22098923
34485,0.3238724
34486,0.08230167
34487,0.04725827
34488,0.41654664
34489,0.11746726
34490,0.1241911
34491,0.19178034
34492,0.3342009
34493,0.19118576
34494,0.59456724
34495,0.14707346
34496,0.31737903
34497,0.15414757
34498,0.16692312
34499,0.08761014
34500,0.14096034
34501,0.16615294
34502,0.22921628
34503,0.06254161
34504,0.22867104
34505,0.19452715
34506,0.4780788
34507,0.062131274
34508,0.23511401
34509,0.24716225
34510,0.10893647
34511,0.10190415
34512,0.16472618
34513,0.28890646
34514,0.09911233
34515,0.21132743
34516,0.18880008
34517,0.28430706
34518,0.20723948
34519,0.38793132
34520,0.13366622
34521,0.06318062
34522,0.20084827
34523,0.39423507
34524,0.03864841
34525,0.035779536
34526,0.3014748
34527,0.15376332
34528,0.32795295
34529,0.18131498
34530,0.114682235
34531,0.19109593
34532,0.114731155
34533,0.3267044
34534,0.44688186
34535,0.3156295
34536,0.1413348
34537,0.114148736
34538,0.32487488
34539,0.022360038
34540,0.15839972
34541,0.06290942
34542,0.2174758
34543,0.18222676
34544,0.3430977
34545,0.2773325
34546,0.14238198
34547,0.29960504
34548,0.10345983
34549,0.2809019
34550,0.3820294
34551,0.16919746
34552,0.044897664
34553,0.26275524
34554,0.3593491
34555,0.15243226
34556,0.30808365
34557,0.063380666
34558,0.17142084
34559,0.1657237
34560,0.021394694
34561,0.09783726
34562,0.06394241
34563,0.24535793
34564,0.094581105
34565,0.27602807
34566,0.20786487
34567,0.11689925
34568,0.43314213
34569,0.08162891
34570,0.23448451
34571,0.06622812
34572,0.15671691
34573,0.17797707
34574,0.2540442
34575,0.14789927
34576,0.10193111
34577,0.10783691
34578,0.07806464
34579,0.2133155
34580,0.18442194
34581,0.47874346
34582,0.123141795
34583,0.17490011
34584,0.33382776
34585,0.27354008
34586,0.11717538
34587,0.26440158
34588,0.113551036
34589,0.23696475
34590,0.17762753
34591,0.08970736
34592,0.39015415
34593,0.07143218
34594,0.16886756
34595,0.10392729
34596,0.13334262
34597,0.22135687
34598,0.032699708
34599,0.14365989
34600,0.17779958
34601,0.41874123
34602,0.03307277
34603,0.21212165
34604,0.11076612
34605,0.21538535
34606,0.37686652
34607,0.09912992
34608,0.20161523
34609,0.42257452
34610,0.1401385
34611,0.08820749
34612,0.12511095
34613,0.092692874
34614,0.6188976
34615,0.2132016
34616,0.25915533
34617,0.0812158
34618,0.2981248
34619,0.3039827
34620,0.05625327
34621,0.050211895
34622,0.16387498
34623,0.10754157
34624,0.14004944
34625,0.7417819
34626,0.11789576
34627,0.22886425
34628,0.19065559
34629,0.18158402
34630,0.09470597
34631,0.42398578
34632,0.1699372
34633,0.16540259
34634,0.16923255
34635,0.1028503
34636,0.24486063
34637,0.13759209
34638,0.35933623
34639,0.13751899
34640,0.059682455
34641,0.1628734
34642,0.20955577
34643,0.48504698
34644,0.44911212
34645,0.252207
34646,0.38078243
34647,0.081178255
34648,0.18550742
34649,0.08608565
34650,0.08630392
34651,0.26620772
34652,0.24796411
34653,0.17019631
34654,0.023597576
34655,0.17107533
34656,0.3347695
34657,0.4447378
34658,0.054878093
34659,0.09711017
34660,0.21939504
34661,0.42610267
34662,0.14118573
34663,0.17981714
34664,0.2559542
34665,0.2681858
34666,0.06691089
34667,0.23837763
34668,0.24854672
34669,0.04098104
34670,0.2156658
34671,0.3081346
34672,0.037609033
34673,0.31070602
34674,0.24185748
34675,0.18598808
34676,0.069686405
34677,0.42651558
34678,0.112188265
34679,0.33420587
34680,0.07945447
34681,0.14410056
34682,0.11833098
34683,0.055445213
34684,0.21538189
34685,0.49695805
34686,0.37756616
34687,0.32083276
34688,0.055827543
34689,0.36196825
34690,0.083502546
34691,0.5228911
34692,0.02307643
34693,0.0119571425
34694,0.16180834
34695,0.06895877
34696,0.1084612
34697,0.24977888
34698,0.2057885
34699,0.16655634
34700,0.07470834
34701,0.19356877
34702,0.45133603
34703,0.40350503
34704,0.10596259
34705,0.32772258
34706,0.26598522
34707,0.3166221
34708,0.22496083
34709,0.09441313
34710,0.05615882
34711,0.20453498
34712,0.47267592
34713,0.1999748
34714,0.18873909
34715,0.1655205
34716,0.09381379
34717,0.12723035
34718,0.2533123
34719,0.29409066
34720,0.2283198
34721,0.41378284
34722,0.10655865
34723,0.057458844
34724,0.33101958
34725,0.031752978
34726,0.324749
34727,0.12958741
34728,0.117866956
34729,0.27342775
34730,0.3212393
34731,0.13031593
34732,0.16565214
34733,0.32898143
34734,0.36807945
34735,0.30623767
34736,0.27791616
34737,0.12157183
34738,0.09579188
34739,0.48567823
34740,0.19512141
34741,0.14192964
34742,0.14987749
34743,0.046579592
34744,0.15588735
34745,0.23252495
34746,0.20872219
34747,0.19151078
34748,0.0358254
34749,0.09608849
34750,0.1625365
34751,0.20001255
34752,0.27470663
34753,0.35057148
34754,0.58396107
34755,0.46208876
34756,0.17270042
34757,0.06354212
34758,0.117398456
34759,0.06863424
34760,0.029205138
34761,0.22936389
34762,0.31664422
34763,0.39811295
34764,0.28991285
34765,0.10918433
34766,0.17325567
34767,0.18712887
34768,0.2376054
34769,0.21910451
34770,0.5459862
34771,0.5176562
34772,0.25036877
34773,0.048713494
34774,0.15468377
34775,0.28603435
34776,0.16444652
34777,0.14197868
34778,0.3078721
34779,0.3232179
34780,0.086835824
34781,0.23052649
34782,0.1597997
34783,0.12735261
34784,0.29506293
34785,0.63933593
34786,0.18298718
34787,0.113467015
34788,0.26570502
34789,0.074094266
34790,0.06616154
34791,0.19762833
34792,0.04579862
34793,0.11240518
34794,0.11981512
34795,0.47477716
34796,0.17644723
34797,0.07929251
34798,0.32285747
34799,0.16292861
34800,0.31148377
34801,0.10073495
34802,0.2642489
34803,0.10312908
34804,0.36196548
34805,0.08159924
34806,0.0393693
34807,0.21068057
34808,0.1802192
34809,0.18455084
34810,0.31920224
34811,0.19357511
34812,0.11029979
34813,0.104945794
34814,0.099679664
34815,0.18866466
34816,0.2906447
34817,0.09880714
34818,0.43581337
34819,0.28373843
34820,0.11700795
34821,0.43116707
34822,0.15688121
34823,0.34390923
34824,0.30424938
34825,0.085286416
34826,0.45005184
34827,0.42632025
34828,0.035760213
34829,0.18985088
34830,0.21366468
34831,0.27899513
34832,0.3142691
34833,0.0857133
34834,0.22445357
34835,0.13357706
34836,0.19076438
34837,0.040209997
34838,0.30520412
34839,0.3000062
34840,0.29681808
34841,0.122379296
34842,0.009453595
34843,0.08907998
34844,0.1353441
34845,0.34465462
34846,0.28864652
34847,0.23714691
34848,0.2614598
34849,0.1429215
34850,0.22626299
34851,0.12797794
34852,0.2756051
34853,0.03364583
34854,0.12868793
34855,0.094759114
34856,0.13242319
34857,0.23440504
34858,0.13053973
34859,0.20643093
34860,0.11352089
34861,0.19284949
34862,0.22026344
34863,0.14431512
34864,0.15471567
34865,0.30301803
34866,0.42138326
34867,0.19273643
34868,0.19138747
34869,0.52180964
34870,0.09378093
34871,0.15294832
34872,0.120654285
34873,0.020951565
34874,0.042161316
34875,0.26742864
34876,0.12283563
34877,0.23747893
34878,0.26139298
34879,0.15536585
34880,0.25054657
34881,0.1375295
34882,0.0896222
34883,0.14034237
34884,0.38024896
34885,0.06738032
34886,0.29724544
34887,0.49524122
34888,0.65469694
34889,0.23880444
34890,0.17375639
34891,0.21400072
34892,0.12831691
34893,0.38559097
34894,0.052990988
34895,0.17451642
34896,0.102995895
34897,0.34638306
34898,0.46045905
34899,0.07305702
34900,0.04425433
34901,0.031980194
34902,0.09743497
34903,0.29039586
34904,0.659602
34905,0.1480652
34906,0.3398646
34907,0.23115985
34908,0.2264138
34909,0.3807774
34910,0.41933864
34911,0.10605441
34912,0.07216718
34913,0.12020959
34914,0.32045248
34915,0.4686469
34916,0.19388182
34917,0.2879424
34918,0.50127965
34919,0.10695892
34920,0.23939775
34921,0.34957328
34922,0.2652206
34923,0.082073495
34924,0.47743732
34925,0.2173618
34926,0.16385524
34927,0.5865952
34928,0.2650781
34929,0.032320358
34930,0.063782275
34931,0.19640593
34932,0.16292559
34933,0.10484261
34934,0.11029196
34935,0.36078644
34936,0.10491886
34937,0.20390376
34938,0.22048348
34939,0.5373164
34940,0.28387928
34941,0.13617188
34942,0.09981958
34943,0.088358484
34944,0.09062406
34945,0.033272292
34946,0.08714336
34947,0.23703302
34948,0.12644269
34949,0.35315716
34950,0.22938907
34951,0.25582778
34952,0.45475128
34953,0.24767062
34954,0.09595424
34955,0.42270508
34956,0.055372402
34957,0.50947344
34958,0.0793231
34959,0.05203178
34960,0.09143572
34961,0.027312664
34962,0.095875286
34963,0.106029905
34964,0.327387
34965,0.099481985
34966,0.4005056
34967,0.3269317
34968,0.19360334
34969,0.15963654
34970,0.20491627
34971,0.29956555
34972,0.09922166
34973,0.106537245
34974,0.36867964
34975,0.32592493
34976,0.42470697
34977,0.36423132
34978,0.06565588
34979,0.49954462
34980,0.11271543
34981,0.16106911
34982,0.054672375
34983,0.1646021
34984,0.12020514
34985,0.1172802
34986,0.8326308
34987,0.15936837
34988,0.46569335
34989,0.32463926
34990,0.14235605
34991,0.44336858
34992,0.57809544
34993,0.27501693
34994,0.21304202
34995,0.08829365
34996,0.5256353
34997,0.349496
34998,0.16056402
34999,0.09395212
35000,0.20211332
35001,0.22976825
35002,0.36248213
35003,0.32869565
35004,0.22420944
35005,0.085939795
35006,0.09502898
35007,0.20490493
35008,0.07611289
35009,0.1662496
35010,0.16602376
35011,0.20232283
35012,0.26254243
35013,0.15686613
35014,0.13169901
35015,0.26735762
35016,0.18519755
35017,0.13160625
35018,0.09111972
35019,0.12194758
35020,0.28669113
35021,0.17700166
35022,0.09643553
35023,0.12125167
35024,0.09557259
35025,0.2472484
35026,0.20743285
35027,0.06353214
35028,0.3835326
35029,0.14814901
35030,0.11343595
35031,0.07172755
35032,0.13063583
35033,0.39228517
35034,0.16821848
35035,0.07783803
35036,0.18774228
35037,0.5000205
35038,0.17746289
35039,0.16698532
35040,0.10830975
35041,0.1790938
35042,0.55650604
35043,0.18228772
35044,0.15098436
35045,0.2897159
35046,0.37526894
35047,0.2769252
35048,0.06837223
35049,0.08766674
35050,0.12589611
35051,0.12859082
35052,0.17846838
35053,0.22309373
35054,0.22282422
35055,0.14658381
35056,0.13074589
35057,0.061013453
35058,0.22492966
35059,0.23390056
35060,0.5123697
35061,0.11712355
35062,0.32426456
35063,0.13560432
35064,0.053160083
35065,0.06826186
35066,0.42692375
35067,0.27993923
35068,0.16620265
35069,0.26568794
35070,0.29589516
35071,0.11056843
35072,0.052408308
35073,0.14610538
35074,0.108270235
35075,0.18777856
35076,0.13236032
35077,0.11829864
35078,0.4955469
35079,0.53210574
35080,0.060665935
35081,0.34829423
35082,0.16223688
35083,0.16710754
35084,0.38568774
35085,0.1524506
35086,0.09302723
35087,0.5179402
35088,0.15794393
35089,0.21116132
35090,0.09653939
35091,0.044970445
35092,0.19141303
35093,0.35401395
35094,0.22623673
35095,0.1216553
35096,0.11552764
35097,0.3323281
35098,0.08804854
35099,0.16209736
35100,0.16867551
35101,0.14841583
35102,0.30463466
35103,0.12667713
35104,0.25018665
35105,0.135713
35106,0.32019928
35107,0.35218403
35108,0.14334667
35109,0.13242365
35110,0.3885744
35111,0.12859678
35112,0.22695458
35113,0.25519753
35114,0.1778834
35115,0.323009
35116,0.44902107
35117,0.39688426
35118,0.37949762
35119,0.39075354
35120,0.08503193
35121,0.16622546
35122,0.07781089
35123,0.15161467
35124,0.16855104
35125,0.18554497
35126,0.3363227
35127,0.23060563
35128,0.20979622
35129,0.3598204
35130,0.13962662
35131,0.041217532
35132,0.07447534
35133,0.2571864
35134,0.37260392
35135,0.07196123
35136,0.12686026
35137,0.16750163
35138,0.4979963
35139,0.34132528
35140,0.41329893
35141,0.2107951
35142,0.23711975
35143,0.18815883
35144,0.19168068
35145,0.28756085
35146,0.19781637
35147,0.055255104
35148,0.21097317
35149,0.4317041
35150,0.7702299
35151,0.11457468
35152,0.23239319
35153,0.28571978
35154,0.24511492
35155,0.35586712
35156,0.071670264
35157,0.19765961
35158,0.19564535
35159,0.14053388
35160,0.19261082
35161,0.3492916
35162,0.1592347
35163,0.09051485
35164,0.015699986
35165,0.21689342
35166,0.1606824
35167,0.4769515
35168,0.23310335
35169,0.30382916
35170,0.34212896
35171,0.12086161
35172,0.087079294
35173,0.28774533
35174,0.42862302
35175,0.17384468
35176,0.26513162
35177,0.082200706
35178,0.5408785
35179,0.22740938
35180,0.18506092
35181,0.07853714
35182,0.26436797
35183,0.07705041
35184,0.07590794
35185,0.16382149
35186,0.1832754
35187,0.11502453
35188,0.29044315
35189,0.073404476
35190,0.12262201
35191,0.24394262
35192,0.15746062
35193,0.3071937
35194,0.08160673
35195,0.13009077
35196,0.08130008
35197,0.052119695
35198,0.079457395
35199,0.1816577
35200,0.1328166
35201,0.07269104
35202,0.20487547
35203,0.18029115
35204,0.2163613
35205,0.07590931
35206,0.18563129
35207,0.22905092
35208,0.1678529
35209,0.08183424
35210,0.028569682
35211,0.12745042
35212,0.20118538
35213,0.258452
35214,0.37743944
35215,0.265707
35216,0.14684519
35217,0.19824094
35218,0.16346605
35219,0.23288849
35220,0.099476665
35221,0.2704001
35222,0.091182455
35223,0.44631213
35224,0.28905
35225,0.15978542
35226,0.090203166
35227,0.33666566
35228,0.15943041
35229,0.17181759
35230,0.06531282
35231,0.38630262
35232,0.092324145
35233,0.17356205
35234,0.24773169
35235,0.53939337
35236,0.045263004
35237,0.19041172
35238,0.40335783
35239,0.308914
35240,0.20846148
35241,0.47184628
35242,0.10737585
35243,0.2176198
35244,0.25188702
35245,0.2699583
35246,0.036054973
35247,0.06480384
35248,0.28827327
35249,0.27508387
35250,0.29223698
35251,0.14110576
35252,0.2697691
35253,0.24807394
35254,0.15883736
35255,0.11486926
35256,0.37315354
35257,0.3391183
35258,0.2126185
35259,0.037196126
35260,0.19789493
35261,0.16822505
35262,0.052837823
35263,0.36927578
35264,0.23197855
35265,0.2555674
35266,0.07985766
35267,0.1336623
35268,0.30243614
35269,0.14402114
35270,0.19998783
35271,0.24589832
35272,0.07046142
35273,0.06762852
35274,0.5875469
35275,0.44139946
35276,0.118083216
35277,0.27447492
35278,0.4194642
35279,0.3676556
35280,0.18059938
35281,0.21623467
35282,0.1864147
35283,0.27282342
35284,0.2722838
35285,0.10014081
35286,0.24255092
35287,0.31953567
35288,0.14697589
35289,0.24693799
35290,0.107113026
35291,0.072477326
35292,0.20602885
35293,0.23654787
35294,0.16322307
35295,0.18903936
35296,0.16880703
35297,0.1473998
35298,0.06725494
35299,0.3203243
35300,0.177669
35301,0.12237751
35302,0.095898576
35303,0.5745252
35304,0.06459385
35305,0.14283286
35306,0.116937056
35307,0.08993149
35308,0.2763527
35309,0.045834117
35310,0.049481835
35311,0.3764176
35312,0.043086383
35313,0.09001887
35314,0.089385316
35315,0.2974215
35316,0.14283645
35317,0.07815998
35318,0.2234976
35319,0.606442
35320,0.07094326
35321,0.12127383
35322,0.4130672
35323,0.1257157
35324,0.04870146
35325,0.22745372
35326,0.3083549
35327,0.1881022
35328,0.3124796
35329,0.24205948
35330,0.3124847
35331,0.28843373
35332,0.43287265
35333,0.34457222
35334,0.07807194
35335,0.04708915
35336,0.18589222
35337,0.1495285
35338,0.08564578
35339,0.30465254
35340,0.06720138
35341,0.18455343
35342,0.1824881
35343,0.2150159
35344,0.112738565
35345,0.17122258
35346,0.057960473
35347,0.48709038
35348,0.17742503
35349,0.09281263
35350,0.09373652
35351,0.0795586
35352,0.2788203
35353,0.36913922
35354,0.10466451
35355,0.026188541
35356,0.30557215
35357,0.3797632
35358,0.03057512
35359,0.124768645
35360,0.1563274
35361,0.19176932
35362,0.10209347
35363,0.02736679
35364,0.16810618
35365,0.059520986
35366,0.13636748
35367,0.10180714
35368,0.06757206
35369,0.17558663
35370,0.17748421
35371,0.05563075
35372,0.3209729
35373,0.25934154
35374,0.26958618
35375,0.070233256
35376,0.17793468
35377,0.39607698
35378,0.1334242
35379,0.2585488
35380,0.7115743
35381,0.18959208
35382,0.16129239
35383,0.15954322
35384,0.120392725
35385,0.2068605
35386,0.066602886
35387,0.08735401
35388,0.34026143
35389,0.2434147
35390,0.2978964
35391,0.40282103
35392,0.36870733
35393,0.06321273
35394,0.05351967
35395,0.16468675
35396,0.0759477
35397,0.49089983
35398,0.065838054
35399,0.1957933
35400,0.27900642
35401,0.14460036
35402,0.19295403
35403,0.45921174
35404,0.079754226
35405,0.07398407
35406,0.033097718
35407,0.09547719
35408,0.17423956
35409,0.24388437
35410,0.2602382
35411,0.19186579
35412,0.17636962
35413,0.18152522
35414,0.24193075
35415,0.111936465
35416,0.1907632
35417,0.11280235
35418,0.091564886
35419,0.32593513
35420,0.08818492
35421,0.170858
35422,0.06149902
35423,0.18554252
35424,0.06915767
35425,0.06688699
35426,0.22200255
35427,0.3336758
35428,0.11714873
35429,0.0063120644
35430,0.45248625
35431,0.40248615
35432,0.09243275
35433,0.2191285
35434,0.24257226
35435,0.18636028
35436,0.207506
35437,0.2084423
35438,0.15206833
35439,0.12858543
35440,0.21012513
35441,0.10414264
35442,0.17553513
35443,0.36599874
35444,0.109262906
35445,0.22101416
35446,0.23243874
35447,0.14686589
35448,0.36909688
35449,0.34693494
35450,0.08069567
35451,0.10040807
35452,0.36471403
35453,0.04719194
35454,0.193847
35455,0.13061786
35456,0.10212639
35457,0.050189342
35458,0.119980834
35459,0.20929113
35460,0.13310753
35461,0.11911073
35462,0.0843259
35463,0.4165218
35464,0.032763075
35465,0.20623016
35466,0.40501538
35467,0.22744556
35468,0.021806011
35469,0.14576222
35470,0.15674765
35471,0.25531968
35472,0.5039261
35473,0.20556569
35474,0.16858077
35475,0.48183984
35476,0.28112683
35477,0.4031079
35478,0.14181192
35479,0.13813461
35480,0.50964314
35481,0.19682036
35482,0.28450897
35483,0.40465826
35484,0.1887133
35485,0.06953792
35486,0.13018575
35487,0.235916
35488,0.39108846
35489,0.40942636
35490,0.16371392
35491,0.14234951
35492,0.26929963
35493,0.09243895
35494,0.44094127
35495,0.13342896
35496,0.15854985
35497,0.090056926
35498,0.08766704
35499,0.20877002
35500,0.17948322
35501,0.11404429
35502,0.10118904
35503,0.117942706
35504,0.19902353
35505,0.12550081
35506,0.1623474
35507,0.30095077
35508,0.13394243
35509,0.5268247
35510,0.47199896
35511,0.08321555
35512,0.0305006
35513,0.12270133
35514,0.3883817
35515,0.169646
35516,0.18472973
35517,0.20582397
35518,0.08172126
35519,0.31941685
35520,0.48429415
35521,0.50080216
35522,0.13992721
35523,0.16781965
35524,0.7974665
35525,0.14845163
35526,0.10247569
35527,0.35671416
35528,0.20317745
35529,0.18765807
35530,0.3378963
35531,0.36425343
35532,0.17126755
35533,0.12219177
35534,0.05520869
35535,0.09357959
35536,0.19861321
35537,0.14900896
35538,0.04566651
35539,0.47474235
35540,0.065329835
35541,0.11515314
35542,0.28003848
35543,0.26444885
35544,0.12991333
35545,0.31491718
35546,0.15073834
35547,0.36079234
35548,0.29259714
35549,0.07357649
35550,0.1015281
35551,0.42038682
35552,0.11144484
35553,0.202175
35554,0.30999607
35555,0.09631822
35556,0.5463812
35557,0.044117108
35558,0.09682776
35559,0.22928454
35560,0.35232568
35561,0.02601042
35562,0.09438606
35563,0.18765669
35564,0.19069117
35565,0.28616336
35566,0.11956288
35567,0.24168277
35568,0.24303728
35569,0.13368586
35570,0.027825655
35571,0.37577552
35572,0.29834217
35573,0.037233856
35574,0.40186
35575,0.2019781
35576,0.050300308
35577,0.06239909
35578,0.40399155
35579,0.5987215
35580,0.319661
35581,0.23847988
35582,0.042529453
35583,0.19955553
35584,0.23641
35585,0.71490854
35586,0.13417763
35587,0.113583
35588,0.32358104
35589,0.3122829
35590,0.24643911
35591,0.14774832
35592,0.49428868
35593,0.15016964
35594,0.19258031
35595,0.05614818
35596,0.25158483
35597,0.19276278
35598,0.13782854
35599,0.13376474
35600,0.3397399
35601,0.15037088
35602,0.48181835
35603,0.09614723
35604,0.21306695
35605,0.07447406
35606,0.17486756
35607,0.29670668
35608,0.26097566
35609,0.27011186
35610,0.2244311
35611,0.3749246
35612,0.24679954
35613,0.16851778
35614,0.12247389
35615,0.11340103
35616,0.27324614
35617,0.053520247
35618,0.11025319
35619,0.18921526
35620,0.05534517
35621,0.13827717
35622,0.0691551
35623,0.11453095
35624,0.1150973
35625,0.24657542
35626,0.13406903
35627,0.15108022
35628,0.19724639
35629,0.44636932
35630,0.09651837
35631,0.26276928
35632,0.119296685
35633,0.11527365
35634,0.22693112
35635,0.18920697
35636,0.24008922
35637,0.11617578
35638,0.21804187
35639,0.086605564
35640,0.10518466
35641,0.052081794
35642,0.11942121
35643,0.6545025
35644,0.21002215
35645,0.24214631
35646,0.027532404
35647,0.16198404
35648,0.17925464
35649,0.028448155
35650,0.4332147
35651,0.042954177
35652,0.25922573
35653,0.32939655
35654,0.08125221
35655,0.39625266
35656,0.027894903
35657,0.57714117
35658,0.6122301
35659,0.072916664
35660,0.08187888
35661,0.37802416
35662,0.18728666
35663,0.21462357
35664,0.06109996
35665,0.13240314
35666,0.09396915
35667,0.09510139
35668,0.18414524
35669,0.3084779
35670,0.23005745
35671,0.08125678
35672,0.122597426
35673,0.57782215
35674,0.27534178
35675,0.29537156
35676,0.21082842
35677,0.123509005
35678,0.17083834
35679,0.31215543
35680,0.0924723
35681,0.1658347
35682,0.28494832
35683,0.10360532
35684,0.024256164
35685,0.22035754
35686,0.118056744
35687,0.056029413
35688,0.17660986
35689,0.27518523
35690,0.1993917
35691,0.1234831
35692,0.40820035
35693,0.14868912
35694,0.10938398
35695,0.47936416
35696,0.07526122
35697,0.057986178
35698,0.09323489
35699,0.16375802
35700,0.20236643
35701,0.27957398
35702,0.028018257
35703,0.23023432
35704,0.2001313
35705,0.108126014
35706,0.25590095
35707,0.462189
35708,0.06653678
35709,0.24782805
35710,0.34288076
35711,0.18238765
35712,0.16395034
35713,0.02317398
35714,0.08018812
35715,0.10170629
35716,0.20270252
35717,0.31374148
35718,0.22682334
35719,0.28109694
35720,0.050444804
35721,0.5123488
35722,0.14790839
35723,0.29608285
35724,0.21992615
35725,0.4290526
35726,0.105833575
35727,0.019030917
35728,0.13748553
35729,0.19486439
35730,0.3910806
35731,0.092071734
35732,0.32265157
35733,0.32237664
35734,0.1537185
35735,0.34226412
35736,0.14699143
35737,0.03622468
35738,0.33046547
35739,0.29797632
35740,0.18843035
35741,0.19695733
35742,0.05725096
35743,0.37763795
35744,0.30798697
35745,0.04199693
35746,0.37135875
35747,0.1124528
35748,0.13722955
35749,0.16429749
35750,0.25920886
35751,0.07503641
35752,0.16340517
35753,0.02674309
35754,0.028614402
35755,0.05965228
35756,0.18879864
35757,0.28695548
35758,0.15121144
35759,0.21304034
35760,0.21029617
35761,0.2361793
35762,0.09994092
35763,0.07276429
35764,0.41599602
35765,0.14782903
35766,0.38340834
35767,0.6190659
35768,0.08021278
35769,0.27087602
35770,0.4989643
35771,0.23836534
35772,0.08025982
35773,0.3549175
35774,0.765126
35775,0.29824492
35776,0.21847415
35777,0.22697026
35778,0.13070445
35779,0.21837795
35780,0.27557725
35781,0.16496359
35782,0.15276705
35783,0.060009144
35784,0.078213714
35785,0.2184796
35786,0.202445
35787,0.27574688
35788,0.03163966
35789,0.080161706
35790,0.05629387
35791,0.07205502
35792,0.16543722
35793,0.23246878
35794,0.05667046
35795,0.31736857
35796,0.40399325
35797,0.20822068
35798,0.09711991
35799,0.20684206
35800,0.27033812
35801,0.0622954
35802,0.22760285
35803,0.0043336414
35804,0.28629124
35805,0.17702964
35806,0.07457241
35807,0.16399859
35808,0.2574553
35809,0.24297509
35810,0.050269425
35811,0.7107249
35812,0.13346429
35813,0.24571045
35814,0.053702097
35815,0.20926236
35816,0.2986768
35817,0.12671989
35818,0.16618091
35819,0.20359339
35820,0.21905985
35821,0.16568594
35822,0.26578355
35823,0.050768644
35824,0.25660455
35825,0.18876377
35826,0.15067248
35827,0.1477937
35828,0.1436983
35829,0.3821475
35830,0.24875787
35831,0.026200723
35832,0.17341645
35833,0.015080566
35834,0.07561687
35835,0.11873374
35836,0.3818534
35837,0.23961703
35838,0.15604992
35839,0.21119575
35840,0.31557196
35841,0.20776004
35842,0.3223533
35843,0.20387658
35844,0.044451278
35845,0.118886225
35846,0.12131789
35847,0.1628293
35848,0.31170422
35849,0.15767571
35850,0.37427703
35851,0.57714397
35852,0.18356383
35853,0.13907595
35854,0.1253886
35855,0.27760446
35856,0.060268115
35857,0.2610537
35858,0.17585796
35859,0.23470709
35860,0.055517264
35861,0.22965859
35862,0.041369766
35863,0.14369968
35864,0.12158032
35865,0.18708526
35866,0.2920036
35867,0.17807396
35868,0.7607549
35869,0.44351757
35870,0.32827163
35871,0.5652973
35872,0.1543825
35873,0.0520983
35874,0.094053075
35875,0.36934304
35876,0.14872068
35877,0.14199916
35878,0.40843254
35879,0.37943748
35880,0.34210682
35881,0.48038414
35882,0.3019914
35883,0.13785814
35884,0.17121501
35885,0.24138938
35886,0.14070405
35887,0.21662824
35888,0.23095307
35889,0.15191142
35890,0.054901924
35891,0.3159978
35892,0.021371372
35893,0.27349186
35894,0.21516164
35895,0.26037517
35896,0.009296445
35897,0.28792515
35898,0.14907604
35899,0.2186375
35900,0.26932475
35901,0.9367238
35902,0.12237168
35903,0.5178119
35904,0.09580194
35905,0.09843169
35906,0.3770687
35907,0.057679694
35908,0.13830242
35909,0.21352176
35910,0.44751206
35911,0.17671622
35912,0.18618569
35913,0.35507542
35914,0.14547868
35915,0.21713771
35916,0.48055938
35917,0.31548548
35918,0.29631868
35919,0.15845922
35920,0.1629192
35921,0.26778463
35922,0.27428392
35923,0.19870195
35924,0.20509201
35925,0.11246517
35926,0.16025563
35927,0.16050963
35928,0.26806554
35929,0.17949888
35930,0.26339152
35931,0.09094524
35932,0.14887717
35933,0.0853679
35934,0.31061172
35935,0.04530718
35936,0.14323638
35937,0.1777728
35938,0.062750444
35939,0.14632331
35940,0.46655267
35941,0.08422506
35942,0.18600133
35943,0.24756236
35944,0.20015354
35945,0.099298105
35946,0.1369328
35947,0.2649855
35948,0.124895304
35949,0.2571798
35950,0.30446267
35951,0.36291295
35952,0.04162728
35953,0.29454985
35954,0.24577208
35955,0.23644817
35956,0.27042785
35957,0.21847695
35958,0.0684254
35959,0.17898902
35960,0.12796453
35961,0.21424913
35962,0.19440447
35963,0.14857377
35964,0.687394
35965,0.1380568
35966,0.374038
35967,0.3495219
35968,0.15755649
35969,0.1449021
35970,0.09396842
35971,0.15163536
35972,0.24577254
35973,0.15778989
35974,0.36418876
35975,0.4262476
35976,0.14328274
35977,0.028665783
35978,0.30619285
35979,0.06386712
35980,0.1592521
35981,0.39831802
35982,0.09783086
35983,0.20010148
35984,0.1398083
35985,0.264288
35986,0.42769545
35987,0.29214886
35988,0.23122847
35989,0.13344163
35990,0.09892807
35991,0.08944029
35992,0.4581543
35993,0.319309
35994,0.1039233
35995,0.18957044
35996,0.22748826
35997,0.18911807
35998,0.09849794
35999,0.27710968
36000,0.115787014
36001,0.09807316
36002,0.19704035
36003,0.18950993
36004,0.1235686
36005,0.47236142
36006,0.18475004
36007,0.22434539
36008,0.07261095
36009,0.10538697
36010,0.107499406
36011,0.44268593
36012,0.047117423
36013,0.039762057
36014,0.28719836
36015,0.19471377
36016,0.3545301
36017,0.21598607
36018,0.23251295
36019,0.141254
36020,0.13573733
36021,0.024896545
36022,0.32356086
36023,0.25088057
36024,0.33144128
36025,0.06691141
36026,0.49215034
36027,0.1855255
36028,0.42912441
36029,0.33990645
36030,0.07908869
36031,0.29129347
36032,0.17136952
36033,0.057196032
36034,0.16277477
36035,0.16638014
36036,0.06480777
36037,0.04473603
36038,0.30830213
36039,0.37206358
36040,0.21850605
36041,0.11323485
36042,0.1620652
36043,0.19812907
36044,0.22996223
36045,0.0735228
36046,0.21989423
36047,0.19551845
36048,0.38251677
36049,0.15000398
36050,0.13665485
36051,0.12768114
36052,0.24028657
36053,0.10168648
36054,0.21595621
36055,0.2502699
36056,0.30991405
36057,0.17006634
36058,0.2009689
36059,0.23827639
36060,0.12269339
36061,0.03667087
36062,0.3312312
36063,0.26533538
36064,0.14639528
36065,0.2726518
36066,0.2040579
36067,0.056511283
36068,0.06619363
36069,0.045305263
36070,0.06846131
36071,0.3952401
36072,0.14243741
36073,0.20381892
36074,0.25144747
36075,0.19699185
36076,0.18089552
36077,0.20867126
36078,0.13242662
36079,0.5670732
36080,0.24686868
36081,0.08872266
36082,0.02769347
36083,0.4157698
36084,0.29824957
36085,0.16548276
36086,0.26508704
36087,0.2222161
36088,0.25968593
36089,0.21835625
36090,0.373034
36091,0.28193745
36092,0.19462337
36093,0.20537445
36094,0.70315206
36095,0.18829317
36096,0.05937968
36097,0.1735934
36098,0.16858406
36099,0.21589911
36100,0.3525999
36101,0.16864091
36102,0.44813392
36103,0.13722703
36104,0.25054574
36105,0.18326269
36106,0.5801646
36107,0.17027552
36108,0.20581028
36109,0.28609905
36110,0.22918935
36111,0.26508114
36112,0.21986535
36113,0.15162651
36114,0.13357243
36115,0.2530045
36116,0.43901485
36117,0.20222853
36118,0.14512576
36119,0.115690336
36120,0.102190815
36121,0.16565059
36122,0.17728028
36123,0.06548511
36124,0.2503366
36125,0.2893695
36126,0.22020143
36127,0.47528398
36128,0.15098444
36129,0.30370814
36130,0.1954611
36131,0.097574085
36132,0.21422789
36133,0.14981616
36134,0.3251729
36135,0.48953465
36136,0.2347855
36137,0.44368684
36138,0.023493996
36139,0.12109107
36140,0.20982882
36141,0.25296688
36142,0.11580849
36143,0.16411698
36144,0.035089396
36145,0.20662607
36146,0.09200583
36147,0.357487
36148,0.14858568
36149,0.27779108
36150,0.22465849
36151,0.10434291
36152,0.06454236
36153,0.121159025
36154,0.29659155
36155,0.25701684
36156,0.19499248
36157,0.0926537
36158,0.032355938
36159,0.053517472
36160,0.21917687
36161,0.21239074
36162,0.10400249
36163,0.072981946
36164,0.192628
36165,0.42330313
36166,0.4418251
36167,0.109652504
36168,0.33179975
36169,0.31094202
36170,0.22323407
36171,0.7560483
36172,0.16598314
36173,0.09368493
36174,0.19146065
36175,0.19941975
36176,0.16690826
36177,0.082886375
36178,0.27736893
36179,0.50025105
36180,0.027581075
36181,0.24095748
36182,0.1234992
36183,0.26977345
36184,0.42084292
36185,0.059230987
36186,0.3134497
36187,0.2925221
36188,0.18845709
36189,0.48269925
36190,0.30666664
36191,0.19365944
36192,0.1970379
36193,0.17949939
36194,0.027282802
36195,0.24854755
36196,0.0058405283
36197,0.085113525
36198,0.1620376
36199,0.34785962
36200,0.12250404
36201,0.31472313
36202,0.16662784
36203,0.14030424
36204,0.08929582
36205,0.31298384
36206,0.027640125
36207,0.14219746
36208,0.35019118
36209,0.060993914
36210,0.47627658
36211,0.16998291
36212,0.11367333
36213,0.33650658
36214,0.3258914
36215,0.1830397
36216,0.32365227
36217,0.061052345
36218,0.6379334
36219,0.16711737
36220,0.1712842
36221,0.061137836
36222,0.7480972
36223,0.42964327
36224,0.12303435
36225,0.08332528
36226,0.28817692
36227,0.18701532
36228,0.07740637
36229,0.28004974
36230,0.08249849
36231,0.12007289
36232,0.15684873
36233,0.075131185
36234,0.1822496
36235,0.23517029
36236,0.35674855
36237,0.10582971
36238,0.18645503
36239,0.056301825
36240,0.09152724
36241,0.30037066
36242,0.06585482
36243,0.15547392
36244,0.24226819
36245,0.10656329
36246,0.40057907
36247,0.18243076
36248,0.15038502
36249,0.054085787
36250,0.31786537
36251,0.121661685
36252,0.3651678
36253,0.31767562
36254,0.046659194
36255,0.07318671
36256,0.040597763
36257,0.13253571
36258,0.016959222
36259,0.14726987
36260,0.26264784
36261,0.14252794
36262,0.10845486
36263,0.41427654
36264,0.15371414
36265,0.093067124
36266,0.42881557
36267,0.19903122
36268,0.1010899
36269,0.027207218
36270,0.19917746
36271,0.21580571
36272,0.07908804
36273,0.15382116
36274,0.22762133
36275,0.16186787
36276,0.08612205
36277,0.12806542
36278,0.098232314
36279,0.18207161
36280,0.57941616
36281,0.20220043
36282,0.62892574
36283,0.40588787
36284,0.13347727
36285,0.12607904
36286,0.18829103
36287,0.1749507
36288,0.1953589
36289,0.25672048
36290,0.20024976
36291,0.1786316
36292,0.38161072
36293,0.1243064
36294,0.027349431
36295,0.18227962
36296,0.051931333
36297,0.15744354
36298,0.190693
36299,0.070311986
36300,0.04024843
36301,0.20242783
36302,0.2778591
36303,0.047185883
36304,0.09567824
36305,0.45744628
36306,0.16731857
36307,0.07115795
36308,0.083535805
36309,0.11635925
36310,0.082294464
36311,0.41410494
36312,0.35991618
36313,0.38868052
36314,0.026827985
36315,0.35054788
36316,0.14504738
36317,0.19522724
36318,0.23718062
36319,0.23882538
36320,0.3770939
36321,0.3605138
36322,0.18288845
36323,0.3284936
36324,0.29807705
36325,0.19084154
36326,0.2807522
36327,0.29366267
36328,0.14689022
36329,0.13681322
36330,0.29356095
36331,0.093780585
36332,0.5884444
36333,0.115473084
36334,0.089212656
36335,0.116889544
36336,0.06747538
36337,0.31693137
36338,0.16636272
36339,0.2398647
36340,0.19571967
36341,0.13173263
36342,0.06195576
36343,0.43566954
36344,0.12148428
36345,0.30806968
36346,0.19517364
36347,0.0845079
36348,0.07894367
36349,0.2733301
36350,0.22283508
36351,0.1127726
36352,0.043628514
36353,0.2254782
36354,0.18480743
36355,0.097279735
36356,0.17655157
36357,0.39220586
36358,0.31920892
36359,0.051373225
36360,0.12232423
36361,0.21891806
36362,0.16331019
36363,0.33552697
36364,0.09867331
36365,0.2374165
36366,0.2113904
36367,0.3587965
36368,0.36258945
36369,0.17451017
36370,0.3178213
36371,0.40929088
36372,0.3513346
36373,0.16195123
36374,0.21170782
36375,0.08940822
36376,0.060654342
36377,0.29406148
36378,0.1286216
36379,0.22389895
36380,0.31327963
36381,0.3250169
36382,0.043222874
36383,0.46948114
36384,0.15397537
36385,0.47932535
36386,0.13414334
36387,0.1844419
36388,0.3181025
36389,0.17498873
36390,0.16200097
36391,0.38891163
36392,0.16522832
36393,0.25893646
36394,0.18501404
36395,0.13003758
36396,0.28737545
36397,0.10631155
36398,0.18435569
36399,0.58497155
36400,0.18753992
36401,0.24080788
36402,0.48274246
36403,0.13574073
36404,0.11330976
36405,0.37301224
36406,0.30256528
36407,0.10523833
36408,0.09394435
36409,0.07598204
36410,0.07075464
36411,0.13330778
36412,0.36107677
36413,0.034110174
36414,0.41243017
36415,0.143519
36416,0.12427042
36417,0.07632869
36418,0.44928885
36419,0.0727596
36420,0.39739132
36421,0.18340555
36422,0.36460865
36423,0.17955378
36424,0.11022474
36425,0.2016649
36426,0.17720042
36427,0.31347618
36428,0.12459111
36429,0.3957012
36430,0.14124307
36431,0.12780577
36432,0.13698442
36433,0.046063144
36434,0.0961876
36435,0.11886797
36436,0.14456767
36437,0.08248315
36438,0.23805001
36439,0.14386839
36440,0.101234496
36441,0.19476949
36442,0.10671202
36443,0.15475072
36444,0.078255445
36445,0.38093066
36446,0.091894485
36447,0.107273936
36448,0.18550591
36449,0.09177795
36450,0.100573175
36451,0.16941643
36452,0.32430464
36453,0.2285234
36454,0.14925341
36455,0.21765134
36456,0.15108764
36457,0.099414505
36458,0.04921368
36459,0.18107854
36460,0.27899578
36461,0.15680803
36462,0.12523843
36463,0.042068716
36464,0.038287457
36465,0.08507603
36466,0.16109347
36467,0.4501285
36468,0.16305345
36469,0.06562714
36470,0.059682693
36471,0.3142906
36472,0.051122725
36473,0.2823204
36474,0.22889645
36475,0.14048205
36476,0.24589795
36477,0.11134312
36478,0.33137625
36479,0.14264558
36480,0.34949034
36481,0.2718268
36482,0.13554542
36483,0.12422971
36484,0.24773686
36485,0.16609748
36486,0.23455909
36487,0.26893327
36488,0.35857654
36489,0.048052724
36490,0.037482988
36491,0.123067215
36492,0.13759445
36493,0.4089543
36494,0.20468107
36495,0.11747574
36496,0.15688975
36497,0.24846222
36498,0.46305233
36499,0.19938739
36500,0.12334122
36501,0.21344686
36502,0.11341362
36503,0.110446796
36504,0.28411233
36505,0.07824413
36506,0.16282067
36507,0.17896561
36508,0.28730565
36509,0.29574075
36510,0.04866709
36511,0.16409804
36512,0.11725198
36513,0.10594122
36514,0.09640385
36515,0.07854243
36516,0.07375617
36517,0.12245368
36518,0.3840652
36519,0.19413754
36520,0.44670278
36521,0.033402693
36522,0.37694216
36523,0.27261746
36524,0.06767327
36525,0.34409657
36526,0.17184429
36527,0.11866313
36528,0.27186677
36529,0.44367644
36530,0.07036045
36531,0.06303531
36532,0.29942602
36533,0.18345697
36534,0.18342966
36535,0.29683742
36536,0.1455536
36537,0.2928134
36538,0.13497433
36539,0.3202015
36540,0.2826529
36541,0.23188326
36542,0.16178255
36543,0.4017079
36544,0.14821824
36545,0.25650734
36546,0.19409518
36547,0.20775141
36548,0.11702611
36549,0.16262533
36550,0.07633131
36551,0.15145928
36552,0.26336816
36553,0.106471784
36554,0.20595343
36555,0.25714415
36556,0.1461554
36557,0.14388667
36558,0.24139346
36559,0.16050215
36560,0.6089577
36561,0.53246474
36562,0.03892496
36563,0.123540655
36564,0.08985304
36565,0.12823467
36566,0.26912308
36567,0.120866515
36568,0.12927158
36569,0.17435604
36570,0.34863994
36571,0.12587123
36572,0.11511711
36573,0.5558334
36574,0.23136958
36575,0.2562588
36576,0.20735416
36577,0.12345071
36578,0.28530258
36579,0.047965106
36580,0.20625438
36581,0.36534572
36582,0.17473659
36583,0.08110244
36584,0.19296426
36585,0.08799659
36586,0.2337531
36587,0.19816253
36588,0.17807348
36589,0.50721294
36590,0.20440687
36591,0.2347378
36592,0.5663012
36593,0.27437434
36594,0.1658313
36595,0.040340465
36596,0.23433505
36597,0.07382228
36598,0.1772611
36599,0.045588247
36600,0.17899904
36601,0.32869568
36602,0.10750213
36603,0.10375071
36604,0.2186714
36605,0.20116605
36606,0.2792594
36607,0.13040814
36608,0.10983198
36609,0.09880419
36610,0.4863444
36611,0.078832865
36612,0.07267555
36613,0.2671381
36614,0.41042775
36615,0.12488572
36616,0.36226606
36617,0.22160617
36618,0.03400905
36619,0.13568127
36620,0.039624628
36621,0.2042731
36622,0.23541129
36623,0.371172
36624,0.09441606
36625,0.047076624
36626,0.08203807
36627,0.67528564
36628,0.18395726
36629,0.27933645
36630,0.034376144
36631,0.26363012
36632,0.22204451
36633,0.062705904
36634,0.15058392
36635,0.16943553
36636,0.09183667
36637,0.07196244
36638,0.24345376
36639,0.13242897
36640,0.3248357
36641,0.35915187
36642,0.28669724
36643,0.2627527
36644,0.10196898
36645,0.10730524
36646,0.18445805
36647,0.12083736
36648,0.14254645
36649,0.11170313
36650,0.1615285
36651,0.2196514
36652,0.22871932
36653,0.14863971
36654,0.036544748
36655,0.29047224
36656,0.40475512
36657,0.41426182
36658,0.22664122
36659,0.13158785
36660,0.23377018
36661,0.09254193
36662,0.03806438
36663,0.3210166
36664,0.13762023
36665,0.1484073
36666,0.1546552
36667,0.084381856
36668,0.10701483
36669,0.122740656
36670,0.16511443
36671,0.18208641
36672,0.20557393
36673,0.0908105
36674,0.29054868
36675,0.08616422
36676,0.33576703
36677,0.2585386
36678,0.19693032
36679,0.118430816
36680,0.14840014
36681,0.26965144
36682,0.24080011
36683,0.051936552
36684,0.16261326
36685,0.1382764
36686,0.25571167
36687,0.1934656
36688,0.2795364
36689,0.22104408
36690,0.3224672
36691,0.074452564
36692,0.10451414
36693,0.26301327
36694,0.0657708
36695,0.104296036
36696,0.046074636
36697,0.085314505
36698,0.30237952
36699,0.30021584
36700,0.23213005
36701,0.07747177
36702,0.15355407
36703,0.12995413
36704,0.19594805
36705,0.034025233
36706,0.4494579
36707,0.05762191
36708,0.43954006
36709,0.05147764
36710,0.3776245
36711,0.045366943
36712,0.121561766
36713,0.31363887
36714,0.09719633
36715,0.30050653
36716,0.24307606
36717,0.11794552
36718,0.18815795
36719,0.2453852
36720,0.17554064
36721,0.26876396
36722,0.40706128
36723,0.41211066
36724,0.20361651
36725,0.13747835
36726,0.37109405
36727,0.11805249
36728,0.21655813
36729,0.0931319
36730,0.26461738
36731,0.057733614
36732,0.0966077
36733,0.21315521
36734,0.14870082
36735,0.14418449
36736,0.18235348
36737,0.20849124
36738,0.049091432
36739,0.49552354
36740,0.43294156
36741,0.17259575
36742,0.31726056
36743,0.3106143
36744,0.35806018
36745,0.032686744
36746,0.21220663
36747,0.12180459
36748,0.24367963
36749,0.14293303
36750,0.20076014
36751,0.066263326
36752,0.32726875
36753,0.12974289
36754,0.4170265
36755,0.12545823
36756,0.31605545
36757,0.15916795
36758,0.36798945
36759,0.14382301
36760,0.025257723
36761,0.15407231
36762,0.24959926
36763,0.07828181
36764,0.22780353
36765,0.12723033
36766,0.1508126
36767,0.35834298
36768,0.20208932
36769,0.20027752
36770,0.25028944
36771,0.1267911
36772,0.3067085
36773,0.06446952
36774,0.21980317
36775,0.18178947
36776,0.40282753
36777,0.18408538
36778,0.38521615
36779,0.42850214
36780,0.0983015
36781,0.12291512
36782,0.13772802
36783,0.08718255
36784,0.1391835
36785,0.19124416
36786,0.080797404
36787,0.046112135
36788,0.22257987
36789,0.52400064
36790,0.14595757
36791,0.10039301
36792,0.18579085
36793,0.26614875
36794,0.043513373
36795,0.32732666
36796,0.15874991
36797,0.27129966
36798,0.11254617
36799,0.10169519
36800,0.5020134
36801,0.3152603
36802,0.16438678
36803,0.20905083
36804,0.49315557
36805,0.1312992
36806,0.09837962
36807,0.51670337
36808,0.18632692
36809,0.2236932
36810,0.38332742
36811,0.26378608
36812,0.13170117
36813,0.38730192
36814,0.20192893
36815,0.2040242
36816,0.10209456
36817,0.10645625
36818,0.13223407
36819,0.123917
36820,0.3437399
36821,0.23791282
36822,0.22188732
36823,0.19940978
36824,0.09346598
36825,0.24192628
36826,0.2481523
36827,0.12585331
36828,0.04439981
36829,0.32536834
36830,0.086397424
36831,0.42176002
36832,0.08944397
36833,0.36025786
36834,0.17446291
36835,0.15922643
36836,0.25550038
36837,0.4339318
36838,0.19293778
36839,0.41765434
36840,0.27531785
36841,0.09337688
36842,0.089059174
36843,0.20806502
36844,0.03854181
36845,0.308545
36846,0.1717907
36847,0.074423656
36848,0.14232786
36849,0.280688
36850,0.17190126
36851,0.1809697
36852,0.09549008
36853,0.2291177
36854,0.28739205
36855,0.08948057
36856,0.088363625
36857,0.12992784
36858,0.66720116
36859,0.24900314
36860,0.1139279
36861,0.28964534
36862,0.05510089
36863,0.10243735
36864,0.11172551
36865,0.21111989
36866,0.13043918
36867,0.05333116
36868,0.15569082
36869,0.47017372
36870,0.16434284
36871,0.27042994
36872,0.5286676
36873,0.22071153
36874,0.12591125
36875,0.24260476
36876,0.3121185
36877,0.095190264
36878,0.3257748
36879,0.20660782
36880,0.35356808
36881,0.115411066
36882,0.2372395
36883,0.11454752
36884,0.16207656
36885,0.4873154
36886,0.22087188
36887,0.12799805
36888,0.187346
36889,0.50741756
36890,0.15650174
36891,0.22766286
36892,0.4864317
36893,0.32157028
36894,0.113152005
36895,0.21944219
36896,0.16110456
36897,0.21261868
36898,0.524763
36899,0.19067144
36900,0.26974112
36901,0.10188806
36902,0.27482104
36903,0.20120333
36904,0.2187376
36905,0.21696931
36906,0.18803051
36907,0.08633488
36908,0.0686249
36909,0.16585693
36910,0.13555706
36911,0.14036152
36912,0.030198587
36913,0.14247604
36914,0.20025316
36915,0.14338112
36916,0.18584172
36917,0.17256784
36918,0.09418309
36919,0.1465752
36920,0.13466871
36921,0.25575623
36922,0.2041813
36923,0.08413795
36924,0.19935355
36925,0.12554833
36926,0.12798359
36927,0.15785247
36928,0.25701723
36929,0.37085244
36930,0.21576229
36931,0.21335717
36932,0.3391183
36933,0.2270773
36934,0.26092792
36935,0.20708285
36936,0.20417894
36937,0.32462138
36938,0.041316595
36939,0.18624848
36940,0.164925
36941,0.32968313
36942,0.21275945
36943,0.14694378
36944,0.26001683
36945,0.10354118
36946,0.36470565
36947,0.6818611
36948,0.5506466
36949,0.3674745
36950,0.24933071
36951,0.104837924
36952,0.14014064
36953,0.16766804
36954,0.08773675
36955,0.20163016
36956,0.091146864
36957,0.17594859
36958,0.15355164
36959,0.078074664
36960,0.25650114
36961,0.29652795
36962,0.41813463
36963,0.21831682
36964,0.16717839
36965,0.07444761
36966,0.096098095
36967,0.15818341
36968,0.5187911
36969,0.11403133
36970,0.28958184
36971,0.10047483
36972,0.16663864
36973,0.16016553
36974,0.5438424
36975,0.14243549
36976,0.20484917
36977,0.34526816
36978,0.05910998
36979,0.36065662
36980,0.314769
36981,0.27111864
36982,0.20033097
36983,0.456105
36984,0.23960634
36985,0.08598149
36986,0.17485362
36987,0.23555963
36988,0.32201964
36989,0.45226455
36990,0.19390313
36991,0.23142022
36992,0.09743964
36993,0.11290514
36994,0.23773687
36995,0.21076426
36996,0.23889081
36997,0.09940727
36998,0.1828582
36999,0.15263368
37000,0.27381602
37001,0.15196614
37002,0.18354397
37003,0.034222443
37004,0.28978845
37005,0.113723695
37006,0.15641743
37007,0.11198892
37008,0.35483918
37009,0.18252851
37010,0.15403832
37011,0.1660251
37012,0.26601523
37013,0.13021728
37014,0.13420323
37015,0.19524133
37016,0.3121506
37017,0.33914375
37018,0.266858
37019,0.024951126
37020,0.39228225
37021,0.22465704
37022,0.18593208
37023,0.15424813
37024,0.07155475
37025,0.51706135
37026,0.22509071
37027,0.03832137
37028,0.08340553
37029,0.20561478
37030,0.12099601
37031,0.4111999
37032,0.24263977
37033,0.08212947
37034,0.22625239
37035,0.12248721
37036,0.08893111
37037,0.12300136
37038,0.061480682
37039,0.27347583
37040,0.49762136
37041,0.16850488
37042,0.0662552
37043,0.61651415
37044,0.32883197
37045,0.07726474
37046,0.22922362
37047,0.39374986
37048,0.14518423
37049,0.24894284
37050,0.30031773
37051,0.17397264
37052,0.109983146
37053,0.22781897
37054,0.11154931
37055,0.053238284
37056,0.30874148
37057,0.07995028
37058,0.4394684
37059,0.09651107
37060,0.13150576
37061,0.28132012
37062,0.10124476
37063,0.16873904
37064,0.05636029
37065,0.40470645
37066,0.25124866
37067,0.31447703
37068,0.1249257
37069,0.17837197
37070,0.34275728
37071,0.21130276
37072,0.1746027
37073,0.13795671
37074,0.19553581
37075,0.10084954
37076,0.3062969
37077,0.41022608
37078,0.39742678
37079,0.12583251
37080,0.12937114
37081,0.11154198
37082,0.23106863
37083,0.21594028
37084,0.07661204
37085,0.058274332
37086,0.2897554
37087,0.17910936
37088,0.26719543
37089,0.052081406
37090,0.2885831
37091,0.025625087
37092,0.20587513
37093,0.10087373
37094,0.13107622
37095,0.31648836
37096,0.3173315
37097,0.1281067
37098,0.08242345
37099,0.31866214
37100,0.2025142
37101,0.24154846
37102,0.12173856
37103,0.13119851
37104,0.05559788
37105,0.20921952
37106,0.218255
37107,0.24592489
37108,0.27173987
37109,0.40804446
37110,0.2701169
37111,0.04362681
37112,0.13560398
37113,0.053283174
37114,0.1346008
37115,0.3619903
37116,0.43888316
37117,0.3015692
37118,0.14192031
37119,0.18096143
37120,0.2871646
37121,0.22061472
37122,0.10620919
37123,0.31302986
37124,0.14592484
37125,0.13775693
37126,0.07148453
37127,0.4543372
37128,0.080562495
37129,0.33293027
37130,0.29673168
37131,0.265764
37132,0.07637575
37133,0.21614009
37134,0.36896193
37135,0.06384168
37136,0.10250021
37137,0.17371175
37138,0.34451687
37139,0.10808665
37140,0.16800395
37141,0.1382062
37142,0.43803567
37143,0.17137869
37144,0.023409951
37145,0.22682056
37146,0.13849819
37147,0.30893487
37148,0.1488553
37149,0.22243986
37150,0.35519576
37151,0.23318867
37152,0.3385389
37153,0.13015257
37154,0.4814891
37155,0.19524294
37156,0.075623564
37157,0.118436806
37158,0.39036196
37159,0.05725372
37160,0.06264848
37161,0.3454039
37162,0.19428915
37163,0.28793812
37164,0.15665236
37165,0.14700462
37166,0.059398234
37167,0.10468644
37168,0.28405523
37169,0.16649368
37170,0.13817954
37171,0.14642265
37172,0.019288264
37173,0.11620124
37174,0.17780717
37175,0.06009358
37176,0.31846192
37177,0.22958545
37178,0.18099762
37179,0.25901273
37180,0.242576
37181,0.19816536
37182,0.16427515
37183,0.20097499
37184,0.3773875
37185,0.16773546
37186,0.20069157
37187,0.041170552
37188,0.18624145
37189,0.26748052
37190,0.046381634
37191,0.14199738
37192,0.56717265
37193,0.21659683
37194,0.19678591
37195,0.18829386
37196,0.08307909
37197,0.33990648
37198,0.0352241
37199,0.18856032
37200,0.27896738
37201,0.33861777
37202,0.49949577
37203,0.11485607
37204,0.056676757
37205,0.22316039
37206,0.06965589
37207,0.049140505
37208,0.19288859
37209,0.24691035
37210,0.09034178
37211,0.15614292
37212,0.15913728
37213,0.05653608
37214,0.0949311
37215,0.16974738
37216,0.36883235
37217,0.11166361
37218,0.15371877
37219,0.2066528
37220,0.064202555
37221,0.18631975
37222,0.18368167
37223,0.08943189
37224,0.18333766
37225,0.619716
37226,0.12686741
37227,0.10599001
37228,0.42099756
37229,0.17470808
37230,0.23930405
37231,0.13097024
37232,0.15840527
37233,0.37894323
37234,0.050429765
37235,0.40599144
37236,0.30445483
37237,0.21038376
37238,0.41593638
37239,0.034780324
37240,0.07380761
37241,0.25447387
37242,0.18406609
37243,0.287293
37244,0.11174939
37245,0.042634044
37246,0.074419126
37247,0.25337473
37248,0.2732058
37249,0.1408765
37250,0.050138347
37251,0.14362629
37252,0.04619085
37253,0.04186272
37254,0.28405264
37255,0.18239737
37256,0.5506359
37257,0.0893506
37258,0.15598026
37259,0.22896352
37260,0.12304961
37261,0.1454162
37262,0.1227221
37263,0.11949938
37264,0.07803647
37265,0.20413671
37266,0.16764428
37267,0.08296857
37268,0.114557266
37269,0.16527379
37270,0.22639328
37271,0.15767314
37272,0.051039416
37273,0.14708203
37274,0.15340893
37275,0.13397929
37276,0.32667464
37277,0.04572756
37278,0.5157332
37279,0.26637432
37280,0.19412053
37281,0.26280972
37282,0.27706236
37283,0.17402819
37284,0.09494339
37285,0.10812872
37286,0.02296093
37287,0.14966512
37288,0.16089351
37289,0.21257775
37290,0.22117387
37291,0.16608764
37292,0.19096707
37293,0.21564318
37294,0.31783673
37295,0.2515279
37296,0.3010076
37297,0.19255055
37298,0.15867296
37299,0.20756999
37300,0.16720659
37301,0.1912144
37302,0.24393864
37303,0.11081779
37304,0.15066566
37305,0.09836232
37306,0.32373267
37307,0.3216072
37308,0.10030924
37309,0.2237724
37310,0.13575634
37311,0.36819157
37312,0.25638843
37313,0.5890139
37314,0.11216091
37315,0.11495057
37316,0.2251908
37317,0.06651034
37318,0.16419597
37319,0.07571983
37320,0.18267943
37321,0.3683788
37322,0.3392741
37323,0.20629808
37324,0.41327924
37325,0.22879101
37326,0.26745194
37327,0.51060194
37328,0.24114254
37329,0.16565906
37330,0.14361164
37331,0.18351804
37332,0.12516801
37333,0.26047757
37334,0.11653675
37335,0.15488946
37336,0.10452324
37337,0.3484842
37338,0.17952943
37339,0.021150814
37340,0.22051422
37341,0.47135264
37342,0.09667283
37343,0.05962999
37344,0.08939546
37345,0.2519522
37346,0.041453507
37347,0.1397052
37348,0.09798587
37349,0.27258325
37350,0.3061946
37351,0.21468435
37352,0.1947728
37353,0.05447333
37354,0.101041816
37355,0.2520658
37356,0.23617579
37357,0.030461714
37358,0.19564049
37359,0.107020885
37360,0.2520944
37361,0.12644145
37362,0.4094981
37363,0.283596
37364,0.08948531
37365,0.17333983
37366,0.3271486
37367,0.19071434
37368,0.17163089
37369,0.35116392
37370,0.42482725
37371,0.011055314
37372,0.22597033
37373,0.053060118
37374,0.16338392
37375,0.32478866
37376,0.18033029
37377,0.3190899
37378,0.42692184
37379,0.030005652
37380,0.19185074
37381,0.07866541
37382,0.20329465
37383,0.21585143
37384,0.15835796
37385,0.3218552
37386,0.3421624
37387,0.05633135
37388,0.054292753
37389,0.34004244
37390,0.110704675
37391,0.11588338
37392,0.38376635
37393,0.11760667
37394,0.09366011
37395,0.046740282
37396,0.122076035
37397,0.10973618
37398,0.22889012
37399,0.088107966
37400,0.5448633
37401,0.20238355
37402,0.04556404
37403,0.49538103
37404,0.10950499
37405,0.3836135
37406,0.38203827
37407,0.4073073
37408,0.07440366
37409,0.17228924
37410,0.061296992
37411,0.3438912
37412,0.15660359
37413,0.49618238
37414,0.11178844
37415,0.035539594
37416,0.19489323
37417,0.20105326
37418,0.26425532
37419,0.2672816
37420,0.18219517
37421,0.12686756
37422,0.12048796
37423,0.3159516
37424,0.075671844
37425,0.10206081
37426,0.13609464
37427,0.31804296
37428,0.08231964
37429,0.27711272
37430,0.38131943
37431,0.33623984
37432,0.08032737
37433,0.10473688
37434,0.31506586
37435,0.30317235
37436,0.35246077
37437,0.21056035
37438,0.072209276
37439,0.31074208
37440,0.28323433
37441,0.23597433
37442,0.3530361
37443,0.08780346
37444,0.26765415
37445,0.12625566
37446,0.24960814
37447,0.19829552
37448,0.29116082
37449,0.13876171
37450,0.14113161
37451,0.07412814
37452,0.11667346
37453,0.10918119
37454,0.120764814
37455,0.23225808
37456,0.107394546
37457,0.1980612
37458,0.22747979
37459,0.04603047
37460,0.10591913
37461,0.13759103
37462,0.072157815
37463,0.07847713
37464,0.11423044
37465,0.038286798
37466,0.40034178
37467,0.17992383
37468,0.045164917
37469,0.49314427
37470,0.26076552
37471,0.42735898
37472,0.17328931
37473,0.1154009
37474,0.07882178
37475,0.34386003
37476,0.16385008
37477,0.37793067
37478,0.4659676
37479,0.6458871
37480,0.087949336
37481,0.12452861
37482,0.11369702
37483,0.24849024
37484,0.25101146
37485,0.06173624
37486,0.12054033
37487,0.091730565
37488,0.083995104
37489,0.2780705
37490,0.054876443
37491,0.13749471
37492,0.0635494
37493,0.26342106
37494,0.046064872
37495,0.28345653
37496,0.031956688
37497,0.5151922
37498,0.19080013
37499,0.4029894
37500,0.28802967
37501,0.10514654
37502,0.15429585
37503,0.17119378
37504,0.078993104
37505,0.06444428
37506,0.19763148
37507,0.25858203
37508,0.06272715
37509,0.12076868
37510,0.1798735
37511,0.12863745
37512,0.27266642
37513,0.30145139
37514,0.22838707
37515,0.08156738
37516,0.27910522
37517,0.27105746
37518,0.0066469787
37519,0.14562048
37520,0.017388353
37521,0.22753255
37522,0.21787655
37523,0.09941218
37524,0.15393645
37525,0.3047341
37526,0.19944614
37527,0.18742813
37528,0.15724182
37529,0.23158103
37530,0.45743462
37531,0.6176304
37532,0.19365805
37533,0.20073037
37534,0.17510985
37535,0.028690698
37536,0.3124295
37537,0.2867117
37538,0.052926928
37539,0.22595222
37540,0.1583019
37541,0.2803794
37542,0.12845011
37543,0.38845086
37544,0.19826576
37545,0.28731868
37546,0.36991683
37547,0.55451274
37548,0.13865846
37549,0.28107208
37550,0.13587412
37551,0.11876966
37552,0.181009
37553,0.16548276
37554,0.17988427
37555,0.13976198
37556,0.084288895
37557,0.064859726
37558,0.103684135
37559,0.067329034
37560,0.07574687
37561,0.2967729
37562,0.22011179
37563,0.10291531
37564,0.18011044
37565,0.18042497
37566,0.1314937
37567,0.08131883
37568,0.32420126
37569,0.06486254
37570,0.15354086
37571,0.29594028
37572,0.6238527
37573,0.049758412
37574,0.2840682
37575,0.25620526
37576,0.12089154
37577,0.08750275
37578,0.30920726
37579,0.17463093
37580,0.21976142
37581,0.1165387
37582,0.25824147
37583,0.20911318
37584,0.18835856
37585,0.22760211
37586,0.21031463
37587,0.16484822
37588,0.21699758
37589,0.32272145
37590,0.05046659
37591,0.17827256
37592,0.27396503
37593,0.06262937
37594,0.015500272
37595,0.1256125
37596,0.23179512
37597,0.09626801
37598,0.10294098
37599,0.14985184
37600,0.26958823
37601,0.36942562
37602,0.13957293
37603,0.117959104
37604,0.119961165
37605,0.27007866
37606,0.38500834
37607,0.16703664
37608,0.19130282
37609,0.37799993
37610,0.21377443
37611,0.14990531
37612,0.18182047
37613,0.35155007
37614,0.19014855
37615,0.43472525
37616,0.10771416
37617,0.028380683
37618,0.4927
37619,0.16739087
37620,0.14877525
37621,0.18291138
37622,0.32778543
37623,0.02955104
37624,0.037984528
37625,0.17104243
37626,0.21467118
37627,0.07004943
37628,0.26774907
37629,0.09569579
37630,0.32305965
37631,0.21042237
37632,0.2470011
37633,0.1106389
37634,0.23397698
37635,0.04597696
37636,0.13627398
37637,0.24896568
37638,0.22555949
37639,0.1708025
37640,0.073013395
37641,0.07853243
37642,0.3181421
37643,0.01395525
37644,0.066819355
37645,0.22885998
37646,0.09822709
37647,0.46599546
37648,0.110348
37649,0.399515
37650,0.23260781
37651,0.05085177
37652,0.22913319
37653,0.03360783
37654,0.21935561
37655,0.11373725
37656,0.43467048
37657,0.14520259
37658,0.30669248
37659,0.14922103
37660,0.2587619
37661,0.1834427
37662,0.090310805
37663,0.15212466
37664,0.13290052
37665,0.36523303
37666,0.23698352
37667,0.3154413
37668,0.13770749
37669,0.15401076
37670,0.29374427
37671,0.02839589
37672,0.1830776
37673,0.049390197
37674,0.16224249
37675,0.1900933
37676,0.13990416
37677,0.08688589
37678,0.13243584
37679,0.08997782
37680,0.27961975
37681,0.03706352
37682,0.48529536
37683,0.42360413
37684,0.25340697
37685,0.17179991
37686,0.24430813
37687,0.17906426
37688,0.26586434
37689,0.18933031
37690,0.54908997
37691,0.2727037
37692,0.16383792
37693,0.30944005
37694,0.24816921
37695,0.10578246
37696,0.32196817
37697,0.19262008
37698,0.10448562
37699,0.28679666
37700,0.15576693
37701,0.29221362
37702,0.4251939
37703,0.07497047
37704,0.26381868
37705,0.08926478
37706,0.45638105
37707,0.12598959
37708,0.29932058
37709,0.05840653
37710,0.21269487
37711,0.33464736
37712,0.1252208
37713,0.0842273
37714,0.09216234
37715,0.118175104
37716,0.17216985
37717,0.19287577
37718,0.081791975
37719,0.06906723
37720,0.35631186
37721,0.22943164
37722,0.09045558
37723,0.25731286
37724,0.09455805
37725,0.19330393
37726,0.13939172
37727,0.08130728
37728,0.2905744
37729,0.14556652
37730,0.20199324
37731,0.37535995
37732,0.2932656
37733,0.10575736
37734,0.05091155
37735,0.076190166
37736,0.21646962
37737,0.1904727
37738,0.13693799
37739,0.05807142
37740,0.12723072
37741,0.08363641
37742,0.21145022
37743,0.13073511
37744,0.1294376
37745,0.14955202
37746,0.12222818
37747,0.281097
37748,0.06569287
37749,0.12400135
37750,0.21602534
37751,0.21359085
37752,0.08234214
37753,0.17371342
37754,0.037401546
37755,0.26885033
37756,0.27376974
37757,0.18831636
37758,0.22299491
37759,0.11073871
37760,0.12193984
37761,0.29092926
37762,0.16361429
37763,0.14634354
37764,0.11219002
37765,0.09363273
37766,0.20006083
37767,0.2962505
37768,0.32959276
37769,0.1328955
37770,0.18058155
37771,0.14113697
37772,0.04750331
37773,0.25781974
37774,0.080363564
37775,0.093988575
37776,0.077883005
37777,0.21853547
37778,0.032605685
37779,0.3449593
37780,0.13709518
37781,0.17220555
37782,0.27897397
37783,0.120563835
37784,0.16172521
37785,0.0762994
37786,0.28935876
37787,0.040343437
37788,0.15571411
37789,0.30504707
37790,0.24584618
37791,0.1612285
37792,0.19321321
37793,0.028369745
37794,0.21438497
37795,0.39945447
37796,0.113387145
37797,0.2038949
37798,0.03264248
37799,0.05084092
37800,0.09704152
37801,0.08356355
37802,0.07098708
37803,0.09250817
37804,0.14971575
37805,0.36391866
37806,0.09219415
37807,0.06273313
37808,0.28034237
37809,0.05061634
37810,0.084029615
37811,0.18526879
37812,0.22762622
37813,0.19979592
37814,0.0813289
37815,0.6323705
37816,0.38008973
37817,0.16117926
37818,0.0715546
37819,0.17485696
37820,0.37310842
37821,0.19405077
37822,0.16072802
37823,0.2980313
37824,0.11332121
37825,0.16046402
37826,0.5547329
37827,0.10232871
37828,0.20428048
37829,0.15131755
37830,0.090257734
37831,0.08172092
37832,0.17206056
37833,0.09913133
37834,0.2590692
37835,0.18834938
37836,0.24294913
37837,0.08393725
37838,0.31163993
37839,0.24909364
37840,0.16555978
37841,0.18588701
37842,0.11952706
37843,0.22109461
37844,0.21071097
37845,0.05453589
37846,0.24840082
37847,0.23871268
37848,0.1355732
37849,0.38019332
37850,0.11774594
37851,0.11675908
37852,0.4343891
37853,0.18106753
37854,0.24546249
37855,0.106397256
37856,0.32982734
37857,0.02889424
37858,0.33983475
37859,0.24895653
37860,0.26425993
37861,0.16600904
37862,0.4281467
37863,0.0561833
37864,0.21219708
37865,0.35242906
37866,0.0456181
37867,0.22103311
37868,0.26811525
37869,0.081560075
37870,0.2814506
37871,0.014035238
37872,0.2564348
37873,0.15405656
37874,0.24374741
37875,0.18479747
37876,0.4342146
37877,0.015367989
37878,0.028264867
37879,0.027485128
37880,0.106616266
37881,0.22047083
37882,0.07071881
37883,0.35962448
37884,0.28090402
37885,0.30548957
37886,0.092070945
37887,0.1693698
37888,0.124060415
37889,0.20673026
37890,0.09171658
37891,0.23757307
37892,0.31694546
37893,0.23187906
37894,0.07314925
37895,0.056197513
37896,0.1815566
37897,0.3418409
37898,0.19396164
37899,0.041978303
37900,0.16907637
37901,0.13511246
37902,0.17925122
37903,0.1945871
37904,0.10892223
37905,0.105856106
37906,0.13330945
37907,0.18375301
37908,0.15100734
37909,0.09805437
37910,0.13297337
37911,0.03587263
37912,0.29014415
37913,0.034363687
37914,0.20674534
37915,0.15067488
37916,0.5164142
37917,0.1153504
37918,0.11433852
37919,0.2015475
37920,0.085121416
37921,0.1794358
37922,0.16224116
37923,0.16355936
37924,0.414956
37925,0.3147175
37926,0.15234262
37927,0.26810497
37928,0.19267869
37929,0.21997754
37930,0.12059662
37931,0.09116841
37932,0.2431055
37933,0.06529549
37934,0.34774348
37935,0.07661435
37936,0.119385
37937,0.1325213
37938,0.01584774
37939,0.1995135
37940,0.31596342
37941,0.3144588
37942,0.08496768
37943,0.37294453
37944,0.18814063
37945,0.06529915
37946,0.21318677
37947,0.14756398
37948,0.10724106
37949,0.29823333
37950,0.09273465
37951,0.20758924
37952,0.19594264
37953,0.19527355
37954,0.113129005
37955,0.3748443
37956,0.15407692
37957,0.12717123
37958,0.48412487
37959,0.22103411
37960,0.262247
37961,0.06448985
37962,0.07179673
37963,0.23536634
37964,0.1437789
37965,0.24028015
37966,0.28387776
37967,0.30313417
37968,0.16762222
37969,0.035567902
37970,0.074552424
37971,0.09288665
37972,0.16851413
37973,0.12578131
37974,0.22968487
37975,0.057498433
37976,0.09025431
37977,0.24119717
37978,0.31380075
37979,0.09057531
37980,0.17624907
37981,0.20601861
37982,0.46193182
37983,0.28003335
37984,0.04404917
37985,0.020394336
37986,0.20308721
37987,0.27816853
37988,0.22531459
37989,0.3377717
37990,0.42472953
37991,0.1910889
37992,0.09713011
37993,0.078918
37994,0.14798154
37995,0.16773431
37996,0.07385353
37997,0.4041266
37998,0.221962
37999,0.29344937
38000,0.03135585
38001,0.1126104
38002,0.2958293
38003,0.31656238
38004,0.09564747
38005,0.12880082
38006,0.0877695
38007,0.13931513
38008,0.2097676
38009,0.2795016
38010,0.40990692
38011,0.16258173
38012,0.1305286
38013,0.28638807
38014,0.06504469
38015,0.2821759
38016,0.2044795
38017,0.2882145
38018,0.12564138
38019,0.17894967
38020,0.12836619
38021,0.20139988
38022,0.12273883
38023,0.20969662
38024,0.07117698
38025,0.030360708
38026,0.060605388
38027,0.07078204
38028,0.045670517
38029,0.43108422
38030,0.1276467
38031,0.1583233
38032,0.03203792
38033,0.12992464
38034,0.06481254
38035,0.11519615
38036,0.26191187
38037,0.073838495
38038,0.021556513
38039,0.27746007
38040,0.19351198
38041,0.06832146
38042,0.4782262
38043,0.2605039
38044,0.35119766
38045,0.4001534
38046,0.10380904
38047,0.04160309
38048,0.055830307
38049,0.1175676
38050,0.37249017
38051,0.061112396
38052,0.21157277
38053,0.13760017
38054,0.18909618
38055,0.1155572
38056,0.057688776
38057,0.104428016
38058,0.57185495
38059,0.14426495
38060,0.04975887
38061,0.09136389
38062,0.046412278
38063,0.4090719
38064,0.120703205
38065,0.12534142
38066,0.32943982
38067,0.099127345
38068,0.11301597
38069,0.08162364
38070,0.050944738
38071,0.063584186
38072,0.326006
38073,0.06804608
38074,0.1978499
38075,0.16642906
38076,0.1110632
38077,0.02557375
38078,0.14143226
38079,0.13280824
38080,0.08470113
38081,0.08808772
38082,0.08723801
38083,0.17254242
38084,0.22014594
38085,0.11810539
38086,0.35719723
38087,0.0550587
38088,0.2081048
38089,0.22070736
38090,0.34360242
38091,0.21544954
38092,0.3771435
38093,0.24286805
38094,0.21472369
38095,0.21530057
38096,0.229117
38097,0.077558376
38098,0.28327817
38099,0.09915023
38100,0.10789544
38101,0.1880136
38102,0.16514127
38103,0.24175744
38104,0.1833653
38105,0.38664913
38106,0.06841865
38107,0.12556241
38108,0.37011516
38109,0.08009038
38110,0.2768636
38111,0.18958706
38112,0.04841334
38113,0.15510896
38114,0.2495913
38115,0.5240955
38116,0.08930815
38117,0.08111168
38118,0.4016685
38119,0.16132142
38120,0.22581284
38121,0.061648704
38122,0.07118879
38123,0.028611518
38124,0.2094549
38125,0.25536653
38126,0.19131774
38127,0.07332836
38128,0.13277555
38129,0.3349679
38130,0.41611058
38131,0.14090528
38132,0.058615003
38133,0.20807517
38134,0.23069304
38135,0.18296358
38136,0.118993804
38137,0.05304892
38138,0.2960947
38139,0.08891354
38140,0.21368748
38141,0.17053983
38142,0.2959757
38143,0.24449033
38144,0.107461095
38145,0.3979837
38146,0.20215788
38147,0.3878283
38148,0.41310376
38149,0.31995666
38150,0.023824802
38151,0.2527874
38152,0.30031368
38153,0.04509765
38154,0.2644135
38155,0.18787502
38156,0.08725103
38157,0.20560016
38158,0.3559565
38159,0.18198434
38160,0.15721588
38161,0.3685079
38162,0.07273381
38163,0.4282786
38164,0.32012743
38165,0.38761804
38166,0.09836308
38167,0.14125001
38168,0.09202875
38169,0.36790973
38170,0.17112978
38171,0.017943509
38172,0.026544925
38173,0.2641257
38174,0.10401919
38175,0.08746695
38176,0.19378291
38177,0.16990957
38178,0.43404108
38179,0.11323118
38180,0.09117469
38181,0.20906097
38182,0.2685982
38183,0.55879295
38184,0.14014077
38185,0.24785855
38186,0.11398244
38187,0.35619727
38188,0.33846042
38189,0.24418925
38190,0.46783286
38191,0.109840155
38192,0.16003034
38193,0.2634906
38194,0.09529966
38195,0.17744602
38196,0.1523468
38197,0.11551434
38198,0.29624885
38199,0.16555148
38200,0.04890013
38201,0.48852265
38202,0.23850906
38203,0.13262616
38204,0.14387323
38205,0.57992184
38206,0.09781516
38207,0.15904693
38208,0.1287538
38209,0.35786682
38210,0.35164756
38211,0.100823
38212,0.13856108
38213,0.14239419
38214,0.18393391
38215,0.118834294
38216,0.38409132
38217,0.85795784
38218,0.2505242
38219,0.19238836
38220,0.028485062
38221,0.042927295
38222,0.15301558
38223,0.19674096
38224,0.28806722
38225,0.11573366
38226,0.07241787
38227,0.38426661
38228,0.16211006
38229,0.07949615
38230,0.13379511
38231,0.21126041
38232,0.09797894
38233,0.081208974
38234,0.6113823
38235,0.16602571
38236,0.2814497
38237,0.05795323
38238,0.42082942
38239,0.17283277
38240,0.44943368
38241,0.07163176
38242,0.24445215
38243,0.047251906
38244,0.19187434
38245,0.13582946
38246,0.27107877
38247,0.2852401
38248,0.09677692
38249,0.15916933
38250,0.28420627
38251,0.09100253
38252,0.1472242
38253,0.2601968
38254,0.26481995
38255,0.16469349
38256,0.26771888
38257,0.09730517
38258,0.17548664
38259,0.23340672
38260,0.10271186
38261,0.15864334
38262,0.20556015
38263,0.06128421
38264,0.07392393
38265,0.07731356
38266,0.16130705
38267,0.11374417
38268,0.22958718
38269,0.3077168
38270,0.06885279
38271,0.103191
38272,0.13240854
38273,0.23551343
38274,0.50958115
38275,0.20832871
38276,0.10629551
38277,0.30658662
38278,0.18082108
38279,0.15020242
38280,0.3495395
38281,0.16082656
38282,0.042454336
38283,0.16478768
38284,0.08406928
38285,0.028830113
38286,0.11759412
38287,0.28118625
38288,0.109997846
38289,0.427679
38290,0.20720758
38291,0.19214559
38292,0.122600086
38293,0.038030915
38294,0.13910906
38295,0.20789108
38296,0.14758085
38297,0.06742696
38298,0.13028657
38299,0.07331984
38300,0.14148404
38301,0.30404112
38302,0.35589334
38303,0.028181735
38304,0.07762981
38305,0.17778952
38306,0.18953535
38307,0.15499155
38308,0.42481175
38309,0.18817209
38310,0.19204977
38311,0.12631388
38312,0.15476242
38313,0.048974603
38314,0.23339662
38315,0.29668677
38316,0.43010914
38317,0.27647135
38318,0.13145933
38319,0.21325858
38320,0.24757116
38321,0.19467723
38322,0.1607671
38323,0.044677444
38324,0.20204559
38325,0.36053157
38326,0.04011759
38327,0.22166006
38328,0.15344934
38329,0.058532663
38330,0.18228431
38331,0.37994623
38332,0.057200413
38333,0.18515345
38334,0.062495515
38335,0.16076373
38336,0.39718726
38337,0.24430487
38338,0.13840972
38339,0.34421512
38340,0.07891295
38341,0.23070131
38342,0.144891
38343,0.07210831
38344,0.092365235
38345,0.14011194
38346,0.09504635
38347,0.1458163
38348,0.2586931
38349,0.16274235
38350,0.15256578
38351,0.39316782
38352,0.15954271
38353,0.15677325
38354,0.092497714
38355,0.40318686
38356,0.09118036
38357,0.1823645
38358,0.16168208
38359,0.036623634
38360,0.1377193
38361,0.11200414
38362,0.19481939
38363,0.084663816
38364,0.35317147
38365,0.18215562
38366,0.16358002
38367,0.21616563
38368,0.32467252
38369,0.31338087
38370,0.18215844
38371,0.27600443
38372,0.043178644
38373,0.13251378
38374,0.08016297
38375,0.2944419
38376,0.12537435
38377,0.10180224
38378,0.10014128
38379,0.23708884
38380,0.23406978
38381,0.19402881
38382,0.18117116
38383,0.16103095
38384,0.17977169
38385,0.37756392
38386,0.18553917
38387,0.12454018
38388,0.28032655
38389,0.45025843
38390,0.258688
38391,0.1896695
38392,0.20032853
38393,0.13437498
38394,0.06659547
38395,0.20305943
38396,0.109361194
38397,0.20100336
38398,0.183063
38399,0.19962114
38400,0.103822425
38401,0.34527802
38402,0.04139361
38403,0.09184307
38404,0.34883106
38405,0.31759316
38406,0.15124568
38407,0.09815701
38408,0.10832586
38409,0.22097018
38410,0.16529416
38411,0.37491003
38412,0.417079
38413,0.107422724
38414,0.11418943
38415,0.14427847
38416,0.071996935
38417,0.08917227
38418,0.12936924
38419,0.07342592
38420,0.20511557
38421,0.1661137
38422,0.2736401
38423,0.10048547
38424,0.38426718
38425,0.033994954
38426,0.19479123
38427,0.13270326
38428,0.23992631
38429,0.07455661
38430,0.28985766
38431,0.11546349
38432,0.09267096
38433,0.19889992
38434,0.18736893
38435,0.27540973
38436,0.22354409
38437,0.33463138
38438,0.35617694
38439,0.22103353
38440,0.054220747
38441,0.42665425
38442,0.13074812
38443,0.12586588
38444,0.3395303
38445,0.13751471
38446,0.07619785
38447,0.13818596
38448,0.19239658
38449,0.060524322
38450,0.0978741
38451,0.24721764
38452,0.15149665
38453,0.12175168
38454,0.42837653
38455,0.19164813
38456,0.14496346
38457,0.37390032
38458,0.5938989
38459,0.16301171
38460,0.4237944
38461,0.16187619
38462,0.0953912
38463,0.11486575
38464,0.11022022
38465,0.08968891
38466,0.21404648
38467,0.18428355
38468,0.07767561
38469,0.1847503
38470,0.06200157
38471,0.15968157
38472,0.27986917
38473,0.17905845
38474,0.47040352
38475,0.3133398
38476,0.06137709
38477,0.14218298
38478,0.22880839
38479,0.24745502
38480,0.27837297
38481,0.08254912
38482,0.10547513
38483,0.1889905
38484,0.46088478
38485,0.16394514
38486,0.2850791
38487,0.27332243
38488,0.16212814
38489,0.19805512
38490,0.2687481
38491,0.3145875
38492,0.3400032
38493,0.08217578
38494,0.1681074
38495,0.21402188
38496,0.10351637
38497,0.289991
38498,0.10766376
38499,0.15679045
38500,0.57330096
38501,0.029701421
38502,0.06933049
38503,0.21374491
38504,0.10578661
38505,0.060987335
38506,0.2969025
38507,0.117580675
38508,0.46217895
38509,0.054925445
38510,0.2844038
38511,0.15745008
38512,0.1593626
38513,0.08924414
38514,0.5301093
38515,0.09803059
38516,0.15377691
38517,0.2568663
38518,0.21093802
38519,0.30227688
38520,0.16316438
38521,0.30928034
38522,0.14246695
38523,0.22444534
38524,0.33238548
38525,0.102371745
38526,0.6434596
38527,0.12596643
38528,0.13783108
38529,0.20754346
38530,0.10621218
38531,0.170389
38532,0.1350301
38533,0.2073637
38534,0.14239335
38535,0.21399407
38536,0.117312476
38537,0.12707679
38538,0.13064942
38539,0.5559435
38540,0.14189479
38541,0.07081192
38542,0.06659605
38543,0.041489657
38544,0.11500918
38545,0.17503633
38546,0.33356094
38547,0.124264404
38548,0.14813973
38549,0.04798417
38550,0.21411596
38551,0.2069233
38552,0.036722083
38553,0.12754083
38554,0.16448516
38555,0.33139288
38556,0.09247655
38557,0.059052855
38558,0.18392088
38559,0.5721339
38560,0.7144929
38561,0.30660266
38562,0.29949725
38563,0.055330276
38564,0.14065658
38565,0.09116264
38566,0.13837904
38567,0.044256136
38568,0.18627222
38569,0.1672945
38570,0.4434194
38571,0.24032104
38572,0.13915347
38573,0.29377648
38574,0.060536537
38575,0.14538877
38576,0.2857854
38577,0.2387367
38578,0.11570274
38579,0.13872637
38580,0.17725123
38581,0.15398297
38582,0.07189233
38583,0.11384385
38584,0.114357084
38585,0.11864283
38586,0.07909386
38587,0.18876329
38588,0.23486026
38589,0.120952
38590,0.22881947
38591,0.13892283
38592,0.12148281
38593,0.1966222
38594,0.22073333
38595,0.055996295
38596,0.21600367
38597,0.11831835
38598,0.31753877
38599,0.3368893
38600,0.19412783
38601,0.051826328
38602,0.078117765
38603,0.07893337
38604,0.13883519
38605,0.19067173
38606,0.1146244
38607,0.20589547
38608,0.12883413
38609,0.15352459
38610,0.19152516
38611,0.24746552
38612,0.39771873
38613,0.25971094
38614,0.113639034
38615,0.05503439
38616,0.24656974
38617,0.18894981
38618,0.0076483344
38619,0.20453526
38620,0.23489332
38621,0.033792533
38622,0.16915233
38623,0.15332848
38624,0.018516421
38625,0.17941844
38626,0.043314848
38627,0.15784928
38628,0.14427999
38629,0.18866482
38630,0.30959734
38631,0.17193282
38632,0.10675562
38633,0.12625019
38634,0.33829778
38635,0.15195185
38636,0.22121322
38637,0.19695358
38638,0.31412655
38639,0.20516044
38640,0.08235023
38641,0.12387866
38642,0.095041946
38643,0.060088627
38644,0.34320736
38645,0.21003163
38646,0.15456507
38647,0.09056111
38648,0.11119784
38649,0.18364793
38650,0.0984802
38651,0.2767394
38652,0.20004903
38653,0.15536001
38654,0.33347985
38655,0.27667794
38656,0.24419835
38657,0.099904805
38658,0.3067122
38659,0.1785507
38660,0.40582883
38661,0.09476573
38662,0.16256444
38663,0.111593805
38664,0.14722551
38665,0.34508467
38666,0.14838275
38667,0.052528474
38668,0.038272053
38669,0.09995767
38670,0.29841888
38671,0.44546437
38672,0.12709562
38673,0.20812751
38674,0.44751415
38675,0.21172228
38676,0.22264117
38677,0.09997917
38678,0.097800694
38679,0.10078388
38680,0.14348587
38681,0.23315601
38682,0.11991946
38683,0.122610666
38684,0.17360035
38685,0.090780005
38686,0.30261353
38687,0.22292471
38688,0.67211765
38689,0.24999404
38690,0.02980492
38691,0.15897371
38692,0.092553206
38693,0.28732818
38694,0.14913625
38695,0.2016848
38696,0.09388076
38697,0.16938257
38698,0.16828828
38699,0.14360157
38700,0.1440007
38701,0.34625918
38702,0.21814738
38703,0.17051584
38704,0.13145009
38705,0.19919173
38706,0.08524796
38707,0.048592325
38708,0.17849934
38709,0.2628163
38710,0.29465383
38711,0.13028659
38712,0.32282528
38713,0.34222656
38714,0.15818638
38715,0.14385247
38716,0.2144521
38717,0.065995395
38718,0.15194193
38719,0.37193468
38720,0.11351321
38721,0.12537242
38722,0.5734417
38723,0.2571315
38724,0.2402548
38725,0.1218305
38726,0.072795406
38727,0.12493459
38728,0.2058381
38729,0.13754703
38730,0.27260372
38731,0.055728387
38732,0.24985714
38733,0.31872216
38734,0.23950563
38735,0.06503466
38736,0.13623656
38737,0.06964306
38738,0.11032341
38739,0.11745094
38740,0.12996806
38741,0.11686173
38742,0.20467679
38743,0.06418065
38744,0.032446988
38745,0.07225868
38746,0.095881775
38747,0.21052152
38748,0.10510563
38749,0.037660524
38750,0.17825887
38751,0.08840737
38752,0.2781467
38753,0.24002981
38754,0.24921824
38755,0.100208044
38756,0.18526544
38757,0.17184518
38758,0.2654547
38759,0.25308254
38760,0.10998387
38761,0.18298964
38762,0.102417246
38763,0.32759237
38764,0.33647597
38765,0.08344867
38766,0.17486256
38767,0.081557915
38768,0.20364213
38769,0.37855414
38770,0.024529288
38771,0.32023692
38772,0.08110219
38773,0.4351242
38774,0.35952893
38775,0.17787594
38776,0.12654105
38777,0.21323463
38778,0.12877606
38779,0.15707226
38780,0.3785499
38781,0.04345502
38782,0.061003402
38783,0.1875736
38784,0.08440623
38785,0.15027279
38786,0.03251929
38787,0.11256666
38788,0.26491994
38789,0.18757635
38790,0.12302858
38791,0.21344346
38792,0.3849288
38793,0.14820139
38794,0.15846579
38795,0.06832444
38796,0.13750623
38797,0.008768327
38798,0.15673025
38799,0.10898704
38800,0.11138647
38801,0.11450089
38802,0.07354305
38803,0.19014435
38804,0.05940336
38805,0.18241186
38806,0.24051723
38807,0.25667915
38808,0.57646525
38809,0.12666662
38810,0.16247517
38811,0.10899259
38812,0.12934048
38813,0.1422368
38814,0.20970006
38815,0.12876318
38816,0.2101626
38817,0.105362855
38818,0.13544187
38819,0.20916414
38820,0.17582135
38821,0.051813316
38822,0.2642579
38823,0.10796554
38824,0.24859104
38825,0.38557243
38826,0.33815402
38827,0.20288323
38828,0.10819494
38829,0.060520247
38830,0.22716966
38831,0.37214324
38832,0.14081265
38833,0.13240449
38834,0.12350806
38835,0.23291454
38836,0.15598905
38837,0.12157022
38838,0.27093747
38839,0.08206245
38840,0.15969492
38841,0.16005751
38842,0.1363186
38843,0.17178588
38844,0.24873823
38845,0.39205715
38846,0.23509455
38847,0.097483955
38848,0.24891503
38849,0.123191126
38850,0.06589687
38851,0.07129412
38852,0.1374162
38853,0.2018528
38854,0.08589418
38855,0.26491308
38856,0.26874283
38857,0.27924547
38858,0.17999315
38859,0.03602734
38860,0.17155102
38861,0.05039254
38862,0.1358818
38863,0.10982704
38864,0.06454934
38865,0.16801144
38866,0.24185452
38867,0.20579772
38868,0.22454534
38869,0.13768667
38870,0.13548578
38871,0.26565516
38872,0.2304391
38873,0.16104998
38874,0.108132534
38875,0.08939682
38876,0.1914814
38877,0.1537445
38878,0.104598686
38879,0.10162314
38880,0.5142082
38881,0.15797925
38882,0.20779303
38883,0.17139389
38884,0.13511167
38885,0.27891177
38886,0.20423846
38887,0.13746111
38888,0.33477044
38889,0.07284109
38890,0.37038472
38891,0.22636688
38892,0.20560595
38893,0.25607628
38894,0.1664281
38895,0.15295242
38896,0.20790063
38897,0.36559078
38898,0.0894107
38899,0.08153011
38900,0.12608123
38901,0.08399824
38902,0.083158895
38903,0.11520361
38904,0.09527901
38905,0.15105946
38906,0.35907218
38907,0.3282669
38908,0.17432746
38909,0.17444998
38910,0.12992366
38911,0.1844657
38912,0.235202
38913,0.13956861
38914,0.08186892
38915,0.1337048
38916,0.38112125
38917,0.17023799
38918,0.31521088
38919,0.06752971
38920,0.09102253
38921,0.14341268
38922,0.045286365
38923,0.17565838
38924,0.45505205
38925,0.2797625
38926,0.1470347
38927,0.2649225
38928,0.27646363
38929,0.30883718
38930,0.1268182
38931,0.16577707
38932,0.21722227
38933,0.14763786
38934,0.017034136
38935,0.104115896
38936,0.29122788
38937,0.25179717
38938,0.06297486
38939,0.24131607
38940,0.22156367
38941,0.11967413
38942,0.23461998
38943,0.5206104
38944,0.09067754
38945,0.25625992
38946,0.37783128
38947,0.106656805
38948,0.19146684
38949,0.05829009
38950,0.025389606
38951,0.17736177
38952,0.2633426
38953,0.1452253
38954,0.31190765
38955,0.10016268
38956,0.039339826
38957,0.37173155
38958,0.2548978
38959,0.114008464
38960,0.40884548
38961,0.17450748
38962,0.2868738
38963,0.15097626
38964,0.11832804
38965,0.34916544
38966,0.26670003
38967,0.32477677
38968,0.28131127
38969,0.36590973
38970,0.27443415
38971,0.29040214
38972,0.14870586
38973,0.3188977
38974,0.088039376
38975,0.03748494
38976,0.11826169
38977,0.13390169
38978,0.19121774
38979,0.15113702
38980,0.15143895
38981,0.22263147
38982,0.492538
38983,0.06118542
38984,0.22296964
38985,0.06991267
38986,0.2708375
38987,0.29894817
38988,0.44882408
38989,0.10382118
38990,0.037028197
38991,0.087910205
38992,0.15936778
38993,0.09990264
38994,0.20599574
38995,0.07978725
38996,0.07738107
38997,0.18692107
38998,0.17471993
38999,0.04382725
39000,0.26687205
39001,0.15262124
39002,0.16531111
39003,0.2830788
39004,0.10687955
39005,0.3569703
39006,0.24838307
39007,0.392043
39008,0.083129264
39009,0.17755666
39010,0.23950842
39011,0.13661525
39012,0.44924048
39013,0.29218015
39014,0.45083037
39015,0.12897654
39016,0.2668185
39017,0.15835401
39018,0.33534658
39019,0.24335374
39020,0.34467596
39021,0.16497064
39022,0.05936463
39023,0.17092784
39024,0.040811375
39025,0.13810684
39026,0.3273745
39027,0.06385203
39028,0.29345083
39029,0.4254753
39030,0.115528636
39031,0.1733427
39032,0.23702256
39033,0.061475243
39034,0.044963524
39035,0.40300596
39036,0.062240314
39037,0.26456594
39038,0.20761871
39039,0.07705899
39040,0.12069794
39041,0.07906158
39042,0.1600712
39043,0.19720316
39044,0.113122314
39045,0.12854187
39046,0.12948376
39047,0.30237606
39048,0.1124364
39049,0.10300338
39050,0.19710831
39051,0.06839716
39052,0.17259614
39053,0.25844496
39054,0.32063463
39055,0.14409906
39056,0.22038177
39057,0.29798728
39058,0.08212605
39059,0.10493017
39060,0.41614023
39061,0.015948933
39062,0.21717691
39063,0.13279809
39064,0.086004525
39065,0.07852623
39066,0.22182366
39067,0.15423673
39068,0.09217096
39069,0.23283768
39070,0.5077796
39071,0.19862804
39072,0.3888657
39073,0.12686497
39074,0.1903165
39075,0.27991146
39076,0.085481115
39077,0.081824295
39078,0.08355081
39079,0.18138866
39080,0.28025466
39081,0.31928033
39082,0.13032393
39083,0.076010235
39084,0.11549188
39085,0.40322855
39086,0.2201133
39087,0.2556685
39088,0.30335584
39089,0.16011393
39090,0.5480994
39091,0.14122795
39092,0.21380338
39093,0.34163395
39094,0.14807971
39095,0.15088834
39096,0.29281354
39097,0.03193846
39098,0.23683476
39099,0.07975881
39100,0.096427575
39101,0.16751999
39102,0.24865608
39103,0.10215958
39104,0.16068843
39105,0.22410838
39106,0.12899566
39107,0.504683
39108,0.2750503
39109,0.54038525
39110,0.16891274
39111,0.17304225
39112,0.46507686
39113,0.06682898
39114,0.22908583
39115,0.21417993
39116,0.07814361
39117,0.14648849
39118,0.380629
39119,0.0998232
39120,0.06651666
39121,0.14139356
39122,0.055202767
39123,0.1007971
39124,0.19980271
39125,0.17541035
39126,0.39512223
39127,0.09987767
39128,0.17852475
39129,0.13073179
39130,0.06489195
39131,0.17120032
39132,0.26527205
39133,0.07185242
39134,0.17056124
39135,0.2727199
39136,0.35712174
39137,0.36773193
39138,0.033471208
39139,0.23197979
39140,0.21685758
39141,0.05034253
39142,0.1571816
39143,0.08617218
39144,0.14359798
39145,0.1020349
39146,0.10729001
39147,0.05959795
39148,0.25675642
39149,0.17832805
39150,0.025704307
39151,0.18025224
39152,0.6143932
39153,0.2467172
39154,0.19634695
39155,0.08577537
39156,0.12938036
39157,0.18025833
39158,0.18165821
39159,0.19442852
39160,0.073372714
39161,0.2139028
39162,0.15870115
39163,0.2782094
39164,0.22534858
39165,0.13579269
39166,0.17976294
39167,0.10089294
39168,0.26305088
39169,0.27789286
39170,0.10765015
39171,0.28450683
39172,0.2644954
39173,0.20626277
39174,0.31022012
39175,0.25254983
39176,0.0652407
39177,0.15652853
39178,0.09901922
39179,0.10570848
39180,0.1337597
39181,0.18070683
39182,0.1632931
39183,0.03987591
39184,0.33596584
39185,0.16192628
39186,0.12856914
39187,0.21921593
39188,0.20691934
39189,0.20532961
39190,0.07408776
39191,0.027846793
39192,0.09221119
39193,0.27716303
39194,0.067595705
39195,0.10582867
39196,0.25957108
39197,0.15848573
39198,0.10533681
39199,0.20463023
39200,0.20032437
39201,0.13371404
39202,0.35831866
39203,0.32032815
39204,0.22721021
39205,0.273796
39206,0.2975485
39207,0.4145152
39208,0.3720278
39209,0.25228095
39210,0.28874254
39211,0.13612176
39212,0.3207476
39213,0.07492946
39214,0.22459546
39215,0.45074394
39216,0.3394692
39217,0.08307838
39218,0.07051686
39219,0.28612992
39220,0.13241132
39221,0.27679154
39222,0.2319128
39223,0.20202997
39224,0.061600145
39225,0.29736164
39226,0.021058088
39227,0.35233068
39228,0.23664385
39229,0.3324717
39230,0.20571007
39231,0.20558512
39232,0.094699405
39233,0.2224081
39234,0.38965344
39235,0.08587655
39236,0.07137186
39237,0.119562276
39238,0.1383196
39239,0.14770797
39240,0.32226545
39241,0.097452685
39242,0.32582253
39243,0.28764316
39244,0.10448556
39245,0.3255281
39246,0.35277754
39247,0.101752676
39248,0.029973311
39249,0.263433
39250,0.058094777
39251,0.56946635
39252,0.15471023
39253,0.5276855
39254,0.27195796
39255,0.2228039
39256,0.19598469
39257,0.17489845
39258,0.07165545
39259,0.0977924
39260,0.24456942
39261,0.13804618
39262,0.14182335
39263,0.13108025
39264,0.29858825
39265,0.14101654
39266,0.10549662
39267,0.39514664
39268,0.2658748
39269,0.47717226
39270,0.19324195
39271,0.13112746
39272,0.3178876
39273,0.30377835
39274,0.20772134
39275,0.058727637
39276,0.13797235
39277,0.16247056
39278,0.018879803
39279,0.1752968
39280,0.12745321
39281,0.17163852
39282,0.07451159
39283,0.14047824
39284,0.15079613
39285,0.26050916
39286,0.18274535
39287,0.20076837
39288,0.1975759
39289,0.074830204
39290,0.11439024
39291,0.1585309
39292,0.092178896
39293,0.058385585
39294,0.20584595
39295,0.028856933
39296,0.21087022
39297,0.049294647
39298,0.22669007
39299,0.060443528
39300,0.25142196
39301,0.19510853
39302,0.067229845
39303,0.24946284
39304,0.08562132
39305,0.11482961
39306,0.32005757
39307,0.05309902
39308,0.06699547
39309,0.020448789
39310,0.06170199
39311,0.1922927
39312,0.1836405
39313,0.34229043
39314,0.3268266
39315,0.0341142
39316,0.11298602
39317,0.35041127
39318,0.17185922
39319,0.22128962
39320,0.35431728
39321,0.58946747
39322,0.2895253
39323,0.24069081
39324,0.13524888
39325,0.08567612
39326,0.1462998
39327,0.17123292
39328,0.039915625
39329,0.29436004
39330,0.248678
39331,0.11244288
39332,0.08684777
39333,0.16728677
39334,0.15577638
39335,0.14182983
39336,0.178254
39337,0.33642054
39338,0.0956876
39339,0.13815333
39340,0.17268331
39341,0.3198202
39342,0.048872426
39343,0.07267138
39344,0.11222895
39345,0.12728898
39346,0.337056
39347,0.38166448
39348,0.16539277
39349,0.07869792
39350,0.117179126
39351,0.24395429
39352,0.11504511
39353,0.053671625
39354,0.07798719
39355,0.106454276
39356,0.12007403
39357,0.14418638
39358,0.252953
39359,0.06368855
39360,0.04064631
39361,0.04862957
39362,0.25586003
39363,0.20152092
39364,0.18822935
39365,0.16231386
39366,0.16834827
39367,0.21285696
39368,0.049401306
39369,0.3725163
39370,0.40996164
39371,0.07838268
39372,0.22179969
39373,0.09863394
39374,0.105811104
39375,0.09063636
39376,0.24101838
39377,0.114272535
39378,0.12165287
39379,0.19624907
39380,0.281942
39381,0.02419314
39382,0.124772415
39383,0.12122444
39384,0.13553557
39385,0.181739
39386,0.27785128
39387,0.12239646
39388,0.054433018
39389,0.3859718
39390,0.12689862
39391,0.078970045
39392,0.59882903
39393,0.054614063
39394,0.16229558
39395,0.22531463
39396,0.31847653
39397,0.13148978
39398,0.11905928
39399,0.09184209
39400,0.17457299
39401,0.18527292
39402,0.050528135
39403,0.045133088
39404,0.13859896
39405,0.39471343
39406,0.09538036
39407,0.24324405
39408,0.24078354
39409,0.26382342
39410,0.23806384
39411,0.050524477
39412,0.3274872
39413,0.36724323
39414,0.17742094
39415,0.22591116
39416,0.16497065
39417,0.28000996
39418,0.019777868
39419,0.17695424
39420,0.1121767
39421,0.38430575
39422,0.03645695
39423,0.13694237
39424,0.25093696
39425,0.12154418
39426,0.07701126
39427,0.4206258
39428,0.1771791
39429,0.13978028
39430,0.10130383
39431,0.15510456
39432,0.050004613
39433,0.4931528
39434,0.30338684
39435,0.38480762
39436,0.26465493
39437,0.2203362
39438,0.09001715
39439,0.027833981
39440,0.02760288
39441,0.027775561
39442,0.22361189
39443,0.2571526
39444,0.4496788
39445,0.1534926
39446,0.0874632
39447,0.2113042
39448,0.21837662
39449,0.16231796
39450,0.15005751
39451,0.42201033
39452,0.1034484
39453,0.375009
39454,0.3041273
39455,0.28477064
39456,0.25871626
39457,0.37431082
39458,0.14401154
39459,0.15302476
39460,0.24989448
39461,0.14573956
39462,0.13287729
39463,0.33097595
39464,0.12770759
39465,0.24561544
39466,0.28180438
39467,0.39766583
39468,0.1706297
39469,0.20929928
39470,0.033945348
39471,0.24011396
39472,0.12501201
39473,0.23250973
39474,0.084398635
39475,0.09602673
39476,0.3310934
39477,0.040069297
39478,0.26115206
39479,0.3547889
39480,0.15237114
39481,0.2102537
39482,0.21789299
39483,0.17274271
39484,0.05599696
39485,0.43639943
39486,0.098875955
39487,0.20778099
39488,0.17414977
39489,0.12632407
39490,0.12691759
39491,0.31575716
39492,0.16853404
39493,0.17122683
39494,0.28198308
39495,0.07795897
39496,0.06396315
39497,0.16556543
39498,0.09485605
39499,0.55926096
39500,0.08363827
39501,0.13302262
39502,0.22448045
39503,0.17671837
39504,0.11385296
39505,0.26380026
39506,0.4803489
39507,0.0743595
39508,0.04449064
39509,0.13488969
39510,0.16436617
39511,0.26246282
39512,0.103861056
39513,0.12931913
39514,0.31519243
39515,0.13136353
39516,0.103732795
39517,0.2526382
39518,0.20709017
39519,0.35213637
39520,0.3807181
39521,0.1702508
39522,0.15936218
39523,0.15720621
39524,0.28062227
39525,0.3017485
39526,0.12574968
39527,0.17144857
39528,0.29852438
39529,0.086476915
39530,0.07781156
39531,0.29561904
39532,0.10805818
39533,0.18580967
39534,0.085948974
39535,0.14883092
39536,0.26873633
39537,0.1687795
39538,0.28448704
39539,0.1598786
39540,0.24895047
39541,0.09437935
39542,0.4289421
39543,0.2973412
39544,0.21700078
39545,0.071896024
39546,0.28261432
39547,0.28571218
39548,0.4378011
39549,0.241981
39550,0.44006255
39551,0.26882142
39552,0.09876304
39553,0.16946931
39554,0.26544666
39555,0.15995495
39556,0.1731496
39557,0.07548804
39558,0.20276172
39559,0.18556339
39560,0.13567658
39561,0.11101829
39562,0.119362615
39563,0.21957536
39564,0.77768993
39565,0.38234508
39566,0.04851666
39567,0.11843403
39568,0.14159606
39569,0.15462665
39570,0.056505598
39571,0.0627779
39572,0.15978786
39573,0.15976897
39574,0.17930903
39575,0.4410887
39576,0.13899358
39577,0.07246885
39578,0.18826172
39579,0.1792996
39580,0.05319838
39581,0.35647106
39582,0.18712257
39583,0.40785292
39584,0.28445703
39585,0.014336613
39586,0.09036999
39587,0.07624078
39588,0.057419993
39589,0.12976894
39590,0.08234609
39591,0.53646123
39592,0.25088328
39593,0.17392135
39594,0.25570285
39595,0.263093
39596,0.2626762
39597,0.11587046
39598,0.18885061
39599,0.13918433
39600,0.3313548
39601,0.5261559
39602,0.13342854
39603,0.10038838
39604,0.27623287
39605,0.7046256
39606,0.33982322
39607,0.36161152
39608,0.09960735
39609,0.10910874
39610,0.27861905
39611,0.1933979
39612,0.15303168
39613,0.13143656
39614,0.2760419
39615,0.13813509
39616,0.065245695
39617,0.11190511
39618,0.091242984
39619,0.11460356
39620,0.22121203
39621,0.25329542
39622,0.03647955
39623,0.25803939
39624,0.4322254
39625,0.07749753
39626,0.14644246
39627,0.16567996
39628,0.20444277
39629,0.18366723
39630,0.20864074
39631,0.1376622
39632,0.15817836
39633,0.2694128
39634,0.15649322
39635,0.19729972
39636,0.25589508
39637,0.11339826
39638,0.042512543
39639,0.47981334
39640,0.15625134
39641,0.18407325
39642,0.26218668
39643,0.32443726
39644,0.06881011
39645,0.12686193
39646,0.05485168
39647,0.047181122
39648,0.12013978
39649,0.14879537
39650,0.09691703
39651,0.3713086
39652,0.065242656
39653,0.10414335
39654,0.1561233
39655,0.2893742
39656,0.3995921
39657,0.03940542
39658,0.2944237
39659,0.12293661
39660,0.2060459
39661,0.21753374
39662,0.19595797
39663,0.22008632
39664,0.21924971
39665,0.13362022
39666,0.09871662
39667,0.16942205
39668,0.23932475
39669,0.24562055
39670,0.16106279
39671,0.4456437
39672,0.27027228
39673,0.22079866
39674,0.14223471
39675,0.0749899
39676,0.12162564
39677,0.060687706
39678,0.27648664
39679,0.18226475
39680,0.2929971
39681,0.19690643
39682,0.32976535
39683,0.3804624
39684,0.34359252
39685,0.07983519
39686,0.3054683
39687,0.06678393
39688,0.6188582
39689,0.40688595
39690,0.16537999
39691,0.32134947
39692,0.38055965
39693,0.0343317
39694,0.04653241
39695,0.15611699
39696,0.21986593
39697,0.19297315
39698,0.25878596
39699,0.13555987
39700,0.27053356
39701,0.1454538
39702,0.16968387
39703,0.38102943
39704,0.10873241
39705,0.26724684
39706,0.14891395
39707,0.28627542
39708,0.043584216
39709,0.22287901
39710,0.1711734
39711,0.15309612
39712,0.36363983
39713,0.20084819
39714,0.042447753
39715,0.11141191
39716,0.10838312
39717,0.27565777
39718,0.060694057
39719,0.34070435
39720,0.14910257
39721,0.42661467
39722,0.044998992
39723,0.58209646
39724,0.23568717
39725,0.3122318
39726,0.036093913
39727,0.27328974
39728,0.015943322
39729,0.42706016
39730,0.08128011
39731,0.14545281
39732,0.1463423
39733,0.1146782
39734,0.21234553
39735,0.064892836
39736,0.28271884
39737,0.47858986
39738,0.096413426
39739,0.12865809
39740,0.30554682
39741,0.39417744
39742,0.08655528
39743,0.60318035
39744,0.17774953
39745,0.1589607
39746,0.13360603
39747,0.26583225
39748,0.28250265
39749,0.24975093
39750,0.3446163
39751,0.1806857
39752,0.12239735
39753,0.144743
39754,0.2549181
39755,0.5832353
39756,0.35588798
39757,0.048555885
39758,0.34126997
39759,0.3170299
39760,0.12834206
39761,0.35100305
39762,0.03793478
39763,0.25451007
39764,0.11892182
39765,0.2679154
39766,0.34581316
39767,0.10121186
39768,0.07301074
39769,0.07096141
39770,0.08699228
39771,0.040555995
39772,0.06891855
39773,0.40152472
39774,0.14859734
39775,0.25247702
39776,0.09077263
39777,0.33821285
39778,0.20321701
39779,0.10103333
39780,0.14815629
39781,0.032435495
39782,0.17667185
39783,0.19336316
39784,0.036221854
39785,0.23661806
39786,0.24580394
39787,0.49554285
39788,0.40258062
39789,0.2817906
39790,0.31160727
39791,0.07845547
39792,0.3034111
39793,0.13581714
39794,0.29509097
39795,0.13859507
39796,0.31714806
39797,0.08592255
39798,0.21667136
39799,0.10974453
39800,0.32084072
39801,0.16675213
39802,0.2382927
39803,0.17575184
39804,0.20679191
39805,0.29292998
39806,0.17224658
39807,0.40368453
39808,0.15204252
39809,0.17251015
39810,0.35435933
39811,0.539374
39812,0.42678303
39813,0.03869524
39814,0.09389523
39815,0.093108244
39816,0.17723893
39817,0.1559394
39818,0.33053443
39819,0.15603888
39820,0.37926626
39821,0.3735876
39822,0.123312585
39823,0.31079414
39824,0.36544263
39825,0.30102283
39826,0.30883566
39827,0.32077077
39828,0.13588394
39829,0.2633532
39830,0.18171331
39831,0.22974578
39832,0.116615705
39833,0.15099025
39834,0.051526688
39835,0.11022663
39836,0.08376604
39837,0.0978513
39838,0.2448902
39839,0.019232636
39840,0.052713197
39841,0.18676107
39842,0.3583801
39843,0.15361401
39844,0.062232785
39845,0.21052949
39846,0.2623609
39847,0.090169795
39848,0.0566135
39849,0.116020806
39850,0.18633093
39851,0.094055206
39852,0.096925594
39853,0.35035837
39854,0.26052776
39855,0.37511304
39856,0.21187702
39857,0.3646762
39858,0.20008628
39859,0.29746163
39860,0.15924948
39861,0.109738216
39862,0.15948616
39863,0.23774387
39864,0.13661976
39865,0.38143268
39866,0.05849267
39867,0.19172959
39868,0.15716955
39869,0.41858703
39870,0.04380184
39871,0.12039752
39872,0.16438368
39873,0.14539535
39874,0.14144595
39875,0.14847784
39876,0.15183659
39877,0.4722406
39878,0.31486177
39879,0.120976985
39880,0.23448566
39881,0.16426022
39882,0.14173597
39883,0.16010223
39884,0.30402172
39885,0.0419677
39886,0.026921147
39887,0.06601342
39888,0.103506744
39889,0.10959366
39890,0.31032595
39891,0.051913507
39892,0.12868369
39893,0.13760003
39894,0.116623044
39895,0.25240174
39896,0.3519472
39897,0.15863293
39898,0.14711359
39899,0.037994713
39900,0.14009517
39901,0.026903832
39902,0.12253313
39903,0.095353305
39904,0.31088105
39905,0.50125796
39906,0.27773649
39907,0.09181327
39908,0.04247125
39909,0.31190944
39910,0.06007287
39911,0.07889691
39912,0.16447067
39913,0.23612973
39914,0.11333482
39915,0.10662122
39916,0.19950868
39917,0.042362016
39918,0.12655574
39919,0.36229306
39920,0.23126401
39921,0.26411682
39922,0.2097293
39923,0.09827509
39924,0.24352211
39925,0.15062763
39926,0.36237958
39927,0.23361385
39928,0.17088436
39929,0.18528384
39930,0.15945913
39931,0.19492441
39932,0.10568683
39933,0.10348048
39934,0.16374724
39935,0.12738892
39936,0.3440383
39937,0.29432598
39938,0.1674715
39939,0.20649207
39940,0.13565767
39941,0.20571157
39942,0.10032813
39943,0.09148813
39944,0.37266105
39945,0.22176085
39946,0.24575318
39947,0.37963438
39948,0.26002097
39949,0.018992042
39950,0.12304801
39951,0.0562324
39952,0.12960133
39953,0.21040207
39954,0.16474766
39955,0.410345
39956,0.12851593
39957,0.25806972
39958,0.046700805
39959,0.08203767
39960,0.29097354
39961,0.44438982
39962,0.19747695
39963,0.07408519
39964,0.11519379
39965,0.16340487
39966,0.18923154
39967,0.42685694
39968,0.08617246
39969,0.3209853
39970,0.09765299
39971,0.17924882
39972,0.16941667
39973,0.15686737
39974,0.18955487
39975,0.35120302
39976,0.25454587
39977,0.23507175
39978,0.18895458
39979,0.07290411
39980,0.12797654
39981,0.14227942
39982,0.45568997
39983,0.20015
39984,0.32387736
39985,0.18604101
39986,0.40831754
39987,0.27260032
39988,0.097787246
39989,0.24323776
39990,0.08959406
39991,0.24507365
39992,0.21045902
39993,0.1358103
39994,0.18465315
39995,0.10816648
39996,0.22018291
39997,0.067875154
39998,0.1433257
39999,0.34772617
40000,0.053199437
40001,0.11133552
40002,0.061339382
40003,0.058662802
40004,0.20434467
40005,0.522647
40006,0.076736584
40007,0.22656302
40008,0.29921636
40009,0.1388157
40010,0.2596772
40011,0.12842901
40012,0.3537016
40013,0.13015251
40014,0.14970502
40015,0.39843616
40016,0.22999582
40017,0.08239658
40018,0.06859056
40019,0.1959443
40020,0.5306109
40021,0.1394242
40022,0.06826156
40023,0.0566964
40024,0.1412828
40025,0.19031942
40026,0.17079411
40027,0.029236166
40028,0.122675344
40029,0.26600075
40030,0.12422382
40031,0.14627703
40032,0.15476298
40033,0.08593436
40034,0.10170521
40035,0.15605755
40036,0.1832383
40037,0.31951967
40038,0.09441459
40039,0.24792415
40040,0.19646655
40041,0.14669901
40042,0.3852901
40043,0.23532955
40044,0.16527727
40045,0.05740382
40046,0.10509549
40047,0.08679482
40048,0.21958916
40049,0.1313489
40050,0.024552185
40051,0.13501984
40052,0.09663509
40053,0.026881259
40054,0.059437826
40055,0.13159086
40056,0.0996772
40057,0.1631369
40058,0.5268397
40059,0.0911967
40060,0.07227056
40061,0.2963735
40062,0.1804086
40063,0.19556005
40064,0.24753171
40065,0.20241559
40066,0.24487258
40067,0.40471458
40068,0.29255527
40069,0.3223815
40070,0.16689289
40071,0.24664612
40072,0.32262656
40073,0.11628314
40074,0.31729582
40075,0.29783875
40076,0.22633757
40077,0.032866444
40078,0.17973806
40079,0.41900495
40080,0.35964665
40081,0.18412887
40082,0.3478852
40083,0.16117722
40084,0.50930995
40085,0.12686037
40086,0.013117364
40087,0.16987419
40088,0.22631371
40089,0.32866973
40090,0.17990823
40091,0.29116622
40092,0.3603587
40093,0.16983919
40094,0.22226262
40095,0.053684447
40096,0.096202046
40097,0.33149284
40098,0.095816456
40099,0.17276904
40100,0.22261749
40101,0.12341582
40102,0.22029746
40103,0.31540272
40104,0.5795924
40105,0.17929757
40106,0.21643065
40107,0.16339785
40108,0.14421721
40109,0.0493577
40110,0.082915865
40111,0.109797835
40112,0.32618114
40113,0.5324749
40114,0.35129073
40115,0.12918252
40116,0.2683022
40117,0.24318579
40118,0.10795817
40119,0.10357563
40120,0.024375759
40121,0.19540575
40122,0.56352574
40123,0.2560026
40124,0.18985765
40125,0.31436828
40126,0.07372145
40127,0.26050007
40128,0.20770799
40129,0.11882282
40130,0.14533064
40131,0.41825652
40132,0.34150076
40133,0.10940511
40134,0.080041386
40135,0.11985019
40136,0.41294247
40137,0.048891302
40138,0.12299145
40139,0.13000841
40140,0.094217025
40141,0.14461888
40142,0.23111598
40143,0.016268484
40144,0.25320643
40145,0.0700282
40146,0.041363593
40147,0.11560206
40148,0.16476351
40149,0.089873806
40150,0.118420035
40151,0.052499432
40152,0.3308302
40153,0.12481131
40154,0.0727743
40155,0.16354972
40156,0.18316847
40157,0.13557522
40158,0.1427311
40159,0.17152368
40160,0.10805136
40161,0.15479884
40162,0.26644325
40163,0.3708872
40164,0.1521243
40165,0.11925714
40166,0.09786382
40167,0.0421283
40168,0.47433132
40169,0.12080809
40170,0.23246084
40171,0.11532442
40172,0.03806215
40173,0.4268943
40174,0.2319156
40175,0.16328202
40176,0.15081047
40177,0.17260194
40178,0.07902888
40179,0.08701925
40180,0.21127827
40181,0.05048559
40182,0.13875581
40183,0.23197116
40184,0.085310824
40185,0.115311004
40186,0.39452863
40187,0.7104593
40188,0.27553162
40189,0.19429117
40190,0.13586968
40191,0.14334987
40192,0.2695127
40193,0.22421587
40194,0.25330448
40195,0.2305133
40196,0.09558907
40197,0.11643586
40198,0.23687328
40199,0.295499
40200,0.44154733
40201,0.5949678
40202,0.20110813
40203,0.104380816
40204,0.126391
40205,0.09950988
40206,0.3300775
40207,0.12241399
40208,0.05375668
40209,0.16256715
40210,0.24374971
40211,0.15802257
40212,0.13195556
40213,0.030963406
40214,0.11591707
40215,0.22744149
40216,0.20028186
40217,0.09641842
40218,0.04275353
40219,0.12260891
40220,0.30894157
40221,0.2807057
40222,0.1795285
40223,0.07593356
40224,0.41744727
40225,0.053555116
40226,0.21268773
40227,0.13252427
40228,0.1931669
40229,0.10383106
40230,0.2279746
40231,0.44150084
40232,0.24549152
40233,0.21580678
40234,0.03832474
40235,0.29720238
40236,0.20843232
40237,0.10779408
40238,0.23151998
40239,0.13162346
40240,0.07283203
40241,0.08356156
40242,0.12856473
40243,0.32369503
40244,0.17648593
40245,0.17852929
40246,0.28156438
40247,0.08175942
40248,0.064872876
40249,0.09948183
40250,0.1212225
40251,0.16061823
40252,0.06310086
40253,0.22396123
40254,0.13653584
40255,0.26426747
40256,0.29901984
40257,0.13076851
40258,0.43993452
40259,0.16513667
40260,0.10321278
40261,0.33678263
40262,0.15635957
40263,0.06929641
40264,0.1468034
40265,0.3779188
40266,0.24017133
40267,0.13549326
40268,0.08124466
40269,0.56919014
40270,0.12781565
40271,0.14327638
40272,0.13179882
40273,0.35322556
40274,0.09679893
40275,0.22416224
40276,0.17762597
40277,0.04231746
40278,0.21303761
40279,0.07378893
40280,0.060843717
40281,0.382829
40282,0.21156606
40283,0.06568209
40284,0.25061533
40285,0.10437786
40286,0.6915966
40287,0.1040241
40288,0.08762066
40289,0.16648515
40290,0.037983354
40291,0.20736533
40292,0.19573522
40293,0.11237825
40294,0.05784636
40295,0.07923847
40296,0.073341325
40297,0.120301165
40298,0.2561422
40299,0.07199461
40300,0.13263255
40301,0.07501905
40302,0.067181416
40303,0.2412781
40304,0.3310442
40305,0.26749766
40306,0.16180708
40307,0.25044954
40308,0.115601525
40309,0.18238868
40310,0.4265881
40311,0.16312455
40312,0.16303313
40313,0.15421702
40314,0.24204858
40315,0.18480396
40316,0.18723898
40317,0.06917853
40318,0.10206085
40319,0.14362265
40320,0.16826124
40321,0.16950142
40322,0.2782481
40323,0.17700915
40324,0.077587925
40325,0.12206319
40326,0.14240825
40327,0.21126516
40328,0.10105776
40329,0.16657674
40330,0.17003086
40331,0.20769495
40332,0.2555033
40333,0.32516968
40334,0.27386588
40335,0.15335782
40336,0.25310206
40337,0.15059406
40338,0.17131776
40339,0.19484967
40340,0.07494647
40341,0.05522981
40342,0.19239503
40343,0.4429029
40344,0.5221623
40345,0.13218236
40346,0.61816317
40347,0.14548613
40348,0.13269895
40349,0.26938117
40350,0.23725682
40351,0.037267923
40352,0.09308429
40353,0.2959898
40354,0.027018525
40355,0.31855825
40356,0.13205592
40357,0.07201868
40358,0.047610298
40359,0.36392963
40360,0.33973005
40361,0.13788328
40362,0.058579337
40363,0.021352291
40364,0.1057288
40365,0.1994246
40366,0.0576297
40367,0.04156849
40368,0.18212868
40369,0.08292513
40370,0.10892159
40371,0.17928359
40372,0.14798301
40373,0.14690825
40374,0.08406183
40375,0.34253442
40376,0.16195714
40377,0.050711565
40378,0.14860408
40379,0.107898004
40380,0.061024163
40381,0.17930898
40382,0.054700997
40383,0.12870194
40384,0.13199328
40385,0.28160504
40386,0.23304446
40387,0.39447623
40388,0.096307054
40389,0.27815703
40390,0.18712068
40391,0.11204975
40392,0.05153699
40393,0.05927087
40394,0.2896731
40395,0.13527718
40396,0.29253796
40397,0.21430258
40398,0.13569845
40399,0.061141487
40400,0.11702134
40401,0.29917547
40402,0.47374657
40403,0.11228289
40404,0.15794137
40405,0.30913264
40406,0.19004303
40407,0.053177137
40408,0.2252151
40409,0.22435768
40410,0.109178536
40411,0.20954044
40412,0.4963139
40413,0.32796013
40414,0.13214895
40415,0.24433099
40416,0.45226336
40417,0.17171282
40418,0.09454504
40419,0.2612475
40420,0.16046214
40421,0.43478763
40422,0.03021783
40423,0.095555276
40424,0.034912203
40425,0.2590937
40426,0.19939582
40427,0.017490078
40428,0.18783377
40429,0.077827916
40430,0.09945537
40431,0.090001024
40432,0.19892779
40433,0.4392275
40434,0.35737932
40435,0.014371708
40436,0.21650077
40437,0.3755806
40438,0.13413517
40439,0.1460573
40440,0.1556275
40441,0.21070959
40442,0.1290164
40443,0.16667302
40444,0.18441871
40445,0.34950215
40446,0.3365529
40447,0.08869185
40448,0.13956279
40449,0.11144992
40450,0.23753104
40451,0.28103843
40452,0.14893219
40453,0.059764408
40454,0.18114017
40455,0.07075993
40456,0.11803285
40457,0.1030831
40458,0.053491898
40459,0.15429443
40460,0.22178914
40461,0.24421075
40462,0.10885632
40463,0.20416662
40464,0.19485168
40465,0.031067548
40466,0.20211276
40467,0.21956448
40468,0.41287047
40469,0.30773664
40470,0.23070659
40471,0.045083884
40472,0.31051636
40473,0.05190284
40474,0.115263015
40475,0.4382588
40476,0.07014466
40477,0.27276334
40478,0.18516308
40479,0.37253198
40480,0.17932153
40481,0.25989684
40482,0.17546397
40483,0.20325927
40484,0.051592954
40485,0.11730917
40486,0.071603864
40487,0.014730662
40488,0.10772174
40489,0.09246604
40490,0.112362444
40491,0.19032215
40492,0.055425473
40493,0.16148153
40494,0.15576732
40495,0.14837301
40496,0.11205207
40497,0.2786121
40498,0.09530125
40499,0.16637242
40500,0.39554644
40501,0.20949835
40502,0.2548312
40503,0.21183378
40504,0.28027728
40505,0.32795462
40506,0.3253739
40507,0.20016429
40508,0.073337816
40509,0.113767385
40510,0.23005143
40511,0.07080323
40512,0.07971961
40513,0.26866356
40514,0.39758956
40515,0.20003267
40516,0.54252654
40517,0.38189328
40518,0.16901687
40519,0.16386087
40520,0.09866669
40521,0.17142084
40522,0.14314389
40523,0.17442383
40524,0.13193688
40525,0.07681977
40526,0.2616779
40527,0.21686439
40528,0.08446392
40529,0.35060707
40530,0.15353823
40531,0.3194277
40532,0.067512944
40533,0.13302593
40534,0.22425912
40535,0.09683141
40536,0.1072721
40537,0.21701129
40538,0.18677892
40539,0.109967746
40540,0.21133068
40541,0.20525078
40542,0.03934456
40543,0.03538943
40544,0.03297714
40545,0.18363939
40546,0.21754387
40547,0.09978363
40548,0.19410285
40549,0.19059484
40550,0.20057304
40551,0.08312225
40552,0.07374047
40553,0.2882105
40554,0.5354675
40555,0.32152957
40556,0.17818393
40557,0.50162685
40558,0.35069436
40559,0.25614342
40560,0.5200523
40561,0.14147945
40562,0.15946154
40563,0.38587505
40564,0.2948914
40565,0.2623226
40566,0.2658606
40567,0.12839776
40568,0.20033054
40569,0.08413634
40570,0.06277154
40571,0.099546656
40572,0.018502377
40573,0.18216597
40574,0.06090854
40575,0.20654766
40576,0.10240407
40577,0.048261527
40578,0.11556553
40579,0.055427935
40580,0.15921983
40581,0.5887405
40582,0.23043138
40583,0.2954954
40584,0.31642625
40585,0.343
40586,0.23060547
40587,0.31295478
40588,0.15892406
40589,0.23873301
40590,0.23333074
40591,0.30620268
40592,0.37493718
40593,0.10320594
40594,0.1840042
40595,0.2669154
40596,0.09250318
40597,0.277341
40598,0.1910593
40599,0.2326258
40600,0.26981264
40601,0.29163235
40602,0.21587084
40603,0.13634567
40604,0.04307296
40605,0.17232959
40606,0.102627836
40607,0.23413675
40608,0.1105496
40609,0.12746316
40610,0.11739911
40611,0.19832881
40612,0.3337703
40613,0.22583048
40614,0.07763694
40615,0.4938918
40616,0.3418642
40617,0.18787764
40618,0.1519672
40619,0.082784
40620,0.074914955
40621,0.1250816
40622,0.25884342
40623,0.29708207
40624,0.24646327
40625,0.34063885
40626,0.24974415
40627,0.3396132
40628,0.20331237
40629,0.41328877
40630,0.15614235
40631,0.18081886
40632,0.052539464
40633,0.16200104
40634,0.16400522
40635,0.0628819
40636,0.047844358
40637,0.10587194
40638,0.16028497
40639,0.2011454
40640,0.38991073
40641,0.14767884
40642,0.027161255
40643,0.2811667
40644,0.2579829
40645,0.028753271
40646,0.11982351
40647,0.35750017
40648,0.31593606
40649,0.023248043
40650,0.26719293
40651,0.26319203
40652,0.19613314
40653,0.14277339
40654,0.14861445
40655,0.04720765
40656,0.07847773
40657,0.20680226
40658,0.21627489
40659,0.5551818
40660,0.052770764
40661,0.25194457
40662,0.23388366
40663,0.5727358
40664,0.28630787
40665,0.1229878
40666,0.056818385
40667,0.06457178
40668,0.25776598
40669,0.109000795
40670,0.09640583
40671,0.13801107
40672,0.14134304
40673,0.13321808
40674,0.19420014
40675,0.16916227
40676,0.3592617
40677,0.04257889
40678,0.49680158
40679,0.23566768
40680,0.3185799
40681,0.18025883
40682,0.12863562
40683,0.08857943
40684,0.08068417
40685,0.31888935
40686,0.19993831
40687,0.16178663
40688,0.21175611
40689,0.41414618
40690,0.18028323
40691,0.10453908
40692,0.111018926
40693,0.20450115
40694,0.08453218
40695,0.48183873
40696,0.1370275
40697,0.36386862
40698,0.18642461
40699,0.1387343
40700,0.1783245
40701,0.13811421
40702,0.21613386
40703,0.18137625
40704,0.32555908
40705,0.3109624
40706,0.05226364
40707,0.32020843
40708,0.20455717
40709,0.1682871
40710,0.32159775
40711,0.27256438
40712,0.13640827
40713,0.19140804
40714,0.104622
40715,0.3178976
40716,0.33129695
40717,0.10369206
40718,0.2288975
40719,0.23393558
40720,0.2822823
40721,0.13654779
40722,0.07769702
40723,0.32058433
40724,0.026309757
40725,0.23313871
40726,0.22584651
40727,0.08604057
40728,0.14453104
40729,0.17330638
40730,0.19021305
40731,0.2874999
40732,0.031533178
40733,0.046103954
40734,0.16643931
40735,0.16156599
40736,0.2123869
40737,0.26084843
40738,0.058791902
40739,0.251184
40740,0.08554201
40741,0.32573128
40742,0.081340276
40743,0.08911319
40744,0.055025764
40745,0.40784976
40746,0.2866587
40747,0.27947453
40748,0.3199471
40749,0.28173074
40750,0.15567914
40751,0.14000265
40752,0.018746527
40753,0.096552305
40754,0.18717164
40755,0.22991148
40756,0.12545829
40757,0.14385067
40758,0.03570513
40759,0.32727677
40760,0.22511701
40761,0.1498011
40762,0.14124385
40763,0.1198366
40764,0.15771663
40765,0.11442882
40766,0.27458078
40767,0.09233763
40768,0.105135486
40769,0.086750574
40770,0.31723553
40771,0.31218392
40772,0.46412405
40773,0.2847939
40774,0.2135425
40775,0.19596118
40776,0.16747594
40777,0.40473622
40778,0.06040689
40779,0.23670654
40780,0.08036549
40781,0.5004691
40782,0.13110416
40783,0.14691822
40784,0.19308251
40785,0.016975224
40786,0.59389466
40787,0.10404476
40788,0.19414425
40789,0.3023408
40790,0.12986408
40791,0.2761021
40792,0.48623297
40793,0.11215739
40794,0.045070417
40795,0.26052627
40796,0.06766336
40797,0.11545188
40798,0.19778857
40799,0.17216966
40800,0.10217124
40801,0.083144024
40802,0.29502484
40803,0.31361175
40804,0.123889655
40805,0.14221476
40806,0.08980355
40807,0.14708437
40808,0.18034
40809,0.058985896
40810,0.12109979
40811,0.052634053
40812,0.22111411
40813,0.4026739
40814,0.13673162
40815,0.1741359
40816,0.16323778
40817,0.2864389
40818,0.28514627
40819,0.116575606
40820,0.2614133
40821,0.18564737
40822,0.07845923
40823,0.054495893
40824,0.34498483
40825,0.14054234
40826,0.37195212
40827,0.13242744
40828,0.16009822
40829,0.36192763
40830,0.16406818
40831,0.08671551
40832,0.15229559
40833,0.15931079
40834,0.3290147
40835,0.28181362
40836,0.028910886
40837,0.2510051
40838,0.09299185
40839,0.07865766
40840,0.12362982
40841,0.14450917
40842,0.2116164
40843,0.2471299
40844,0.51930547
40845,0.12883069
40846,0.26013833
40847,0.21199778
40848,0.09663611
40849,0.086778335
40850,0.13826512
40851,0.102141984
40852,0.15102597
40853,0.22410196
40854,0.118028134
40855,0.052268106
40856,0.5010744
40857,0.09894606
40858,0.0812994
40859,0.14773118
40860,0.037063085
40861,0.2194525
40862,0.14524715
40863,0.030217486
40864,0.1031574
40865,0.11845966
40866,0.01955343
40867,0.20743431
40868,0.05347474
40869,0.03168485
40870,0.3087132
40871,0.107952915
40872,0.10064989
40873,0.25044066
40874,0.08014336
40875,0.06493955
40876,0.13103299
40877,0.2240705
40878,0.12931459
40879,0.054985598
40880,0.14131255
40881,0.04811568
40882,0.17169732
40883,0.28215674
40884,0.23038709
40885,0.046582494
40886,0.18995453
40887,0.22590047
40888,0.11442757
40889,0.059186496
40890,0.27768138
40891,0.051032614
40892,0.1711827
40893,0.27259386
40894,0.1801324
40895,0.1796385
40896,0.28916326
40897,0.1668704
40898,0.056631416
40899,0.11277806
40900,0.02591572
40901,0.06898505
40902,0.20339033
40903,0.1208365
40904,0.23353705
40905,0.3042459
40906,0.031679414
40907,0.20405652
40908,0.123138785
40909,0.32000467
40910,0.08537444
40911,0.46763298
40912,0.097167626
40913,0.1622669
40914,0.19132933
40915,0.12790413
40916,0.064566575
40917,0.10203426
40918,0.14331365
40919,0.070771314
40920,0.07011263
40921,0.3427609
40922,0.1586577
40923,0.1477743
40924,0.3647481
40925,0.04288805
40926,0.3249892
40927,0.2143919
40928,0.007231771
40929,0.18298978
40930,0.13724945
40931,0.37777635
40932,0.14676787
40933,0.08587277
40934,0.20023093
40935,0.21879402
40936,0.36493888
40937,0.18488806
40938,0.10492285
40939,0.21146663
40940,0.16482523
40941,0.21753944
40942,0.054496095
40943,0.18952365
40944,0.14491041
40945,0.057795238
40946,0.15009509
40947,0.114760116
40948,0.07515547
40949,0.10819735
40950,0.15132953
40951,0.23949225
40952,0.24159218
40953,0.11680309
40954,0.1433016
40955,0.2958005
40956,0.32822028
40957,0.6427666
40958,0.055844508
40959,0.060055755
40960,0.043404937
40961,0.16809504
40962,0.15344702
40963,0.16486658
40964,0.068276584
40965,0.12113197
40966,0.22767156
40967,0.24995027
40968,0.37668717
40969,0.13569546
40970,0.26826784
40971,0.26028463
40972,0.23430777
40973,0.05962542
40974,0.03742265
40975,0.08852005
40976,0.20629057
40977,0.11600603
40978,0.26880842
40979,0.15115023
40980,0.18578854
40981,0.456837
40982,0.14566794
40983,0.043124158
40984,0.1072948
40985,0.041621745
40986,0.1764685
40987,0.026939377
40988,0.21610543
40989,0.11684798
40990,0.53852564
40991,0.2311492
40992,0.1359292
40993,0.28448159
40994,0.09597126
40995,0.3970313
40996,0.17705229
40997,0.18942596
40998,0.102393754
40999,0.5617337
41000,0.2599742
41001,0.10220057
41002,0.30550075
41003,0.105681054
41004,0.33802575
41005,0.18968496
41006,0.08223314
41007,0.08493069
41008,0.061483584
41009,0.19785611
41010,0.22079737
41011,0.096610695
41012,0.17432848
41013,0.18338135
41014,0.16654387
41015,0.15844806
41016,0.11853595
41017,0.13707258
41018,0.071197875
41019,0.40081802
41020,0.2551712
41021,0.28540564
41022,0.19403522
41023,0.14393878
41024,0.23032884
41025,0.17211537
41026,0.22250955
41027,0.32685763
41028,0.5389186
41029,0.33648604
41030,0.31721565
41031,0.3296704
41032,0.013039236
41033,0.26966083
41034,0.33590367
41035,0.101407476
41036,0.058925316
41037,0.5117448
41038,0.12051013
41039,0.1879029
41040,0.028618846
41041,0.12784338
41042,0.23685162
41043,0.15273535
41044,0.12521802
41045,0.02056906
41046,0.3461431
41047,0.21588238
41048,0.15208626
41049,0.447169
41050,0.0446474
41051,0.12272236
41052,0.24111691
41053,0.59994
41054,0.16340147
41055,0.36315712
41056,0.18951145
41057,0.08018937
41058,0.18792267
41059,0.11987712
41060,0.29597265
41061,0.34016642
41062,0.28682452
41063,0.030623809
41064,0.057367843
41065,0.22230896
41066,0.13534877
41067,0.17983907
41068,0.10986814
41069,0.57055926
41070,0.042465203
41071,0.0470673
41072,0.13687086
41073,0.12961794
41074,0.19786198
41075,0.43334866
41076,0.25802505
41077,0.5009499
41078,0.25522652
41079,0.16668364
41080,0.4601986
41081,0.21129441
41082,0.37988624
41083,0.41892067
41084,0.09286327
41085,0.17102474
41086,0.08928919
41087,0.1515204
41088,0.086745985
41089,0.22450963
41090,0.16607468
41091,0.13942099
41092,0.17284589
41093,0.29756936
41094,0.2960972
41095,0.17297858
41096,0.13859133
41097,0.1737842
41098,0.06081671
41099,0.22589147
41100,0.24120814
41101,0.06883702
41102,0.064380646
41103,0.28352162
41104,0.1467835
41105,0.14777704
41106,0.1488045
41107,0.19175076
41108,0.08282874
41109,0.3019251
41110,0.056799777
41111,0.22994934
41112,0.5919634
41113,0.15771985
41114,0.29080638
41115,0.11351004
41116,0.24377592
41117,0.13120355
41118,0.1090303
41119,0.09111169
41120,0.1660754
41121,0.27356356
41122,0.22214358
41123,0.33116516
41124,0.14345308
41125,0.071822815
41126,0.1991327
41127,0.21977437
41128,0.12418245
41129,0.11900296
41130,0.245354
41131,0.599499
41132,0.15729643
41133,0.172221
41134,0.21215764
41135,0.10685108
41136,0.09066511
41137,0.25381035
41138,0.19714674
41139,0.1398281
41140,0.21062797
41141,0.15675871
41142,0.46000403
41143,0.22143243
41144,0.06976325
41145,0.13941632
41146,0.1288308
41147,0.2633721
41148,0.087774575
41149,0.08404667
41150,0.11993699
41151,0.13511771
41152,0.08604214
41153,0.12300111
41154,0.025516525
41155,0.10081152
41156,0.33374164
41157,0.13375339
41158,0.07265682
41159,0.47190475
41160,0.19955514
41161,0.21053042
41162,0.30082843
41163,0.14288276
41164,0.17854288
41165,0.37380514
41166,0.2540346
41167,0.17026962
41168,0.27470323
41169,0.025104104
41170,0.22719282
41171,0.07245268
41172,0.14503805
41173,0.21330118
41174,0.43253803
41175,0.25458577
41176,0.07823828
41177,0.22926825
41178,0.19193223
41179,0.07403047
41180,0.014892289
41181,0.14607678
41182,0.2287208
41183,0.26639906
41184,0.075272165
41185,0.22109592
41186,0.23975255
41187,0.12682538
41188,0.024215411
41189,0.18796787
41190,0.13592178
41191,0.167356
41192,0.46149674
41193,0.41860333
41194,0.19237936
41195,0.29667285
41196,0.16280521
41197,0.103877544
41198,0.19790095
41199,0.09733062
41200,0.22203808
41201,0.38010794
41202,0.05348618
41203,0.19044186
41204,0.10672144
41205,0.21751404
41206,0.6466003
41207,0.20380566
41208,0.03961294
41209,0.0895967
41210,0.08645119
41211,0.10734819
41212,0.17660657
41213,0.2920988
41214,0.46712905
41215,0.23655625
41216,0.2659203
41217,0.0969705
41218,0.09609679
41219,0.12804888
41220,0.13501385
41221,0.39327103
41222,0.1938713
41223,0.17369981
41224,0.29283124
41225,0.13044159
41226,0.2414337
41227,0.045640536
41228,0.19084959
41229,0.11316867
41230,0.44437587
41231,0.3058559
41232,0.4905845
41233,0.12219189
41234,0.03051299
41235,0.21572557
41236,0.018516319
41237,0.22672158
41238,0.26976013
41239,0.36496368
41240,0.28296754
41241,0.15979606
41242,0.17456818
41243,0.49858016
41244,0.31087676
41245,0.19979037
41246,0.115782
41247,0.44493932
41248,0.475057
41249,0.16305467
41250,0.027891237
41251,0.0862696
41252,0.42619142
41253,0.3138001
41254,0.24652933
41255,0.022154901
41256,0.16199379
41257,0.19647714
41258,0.11380006
41259,0.40887147
41260,0.043796435
41261,0.06442288
41262,0.12511581
41263,0.3892888
41264,0.10396415
41265,0.18287675
41266,0.22683685
41267,0.15054528
41268,0.16405103
41269,0.14171578
41270,0.16868438
41271,0.14850903
41272,0.18151546
41273,0.16974331
41274,0.17225817
41275,0.2391773
41276,0.49074364
41277,0.17756109
41278,0.05546873
41279,0.11196895
41280,0.21202956
41281,0.17894498
41282,0.22241572
41283,0.3080421
41284,0.24639398
41285,0.22494979
41286,0.124875076
41287,0.14896204
41288,0.337556
41289,0.19284692
41290,0.14937004
41291,0.5221206
41292,0.16212995
41293,0.27066186
41294,0.14993666
41295,0.4412262
41296,0.10196691
41297,0.2947071
41298,0.25722763
41299,0.21451317
41300,0.25547248
41301,0.1488527
41302,0.26133853
41303,0.14517355
41304,0.059622303
41305,0.45106667
41306,0.12034622
41307,0.083183326
41308,0.16688201
41309,0.09746674
41310,0.15961513
41311,0.32866952
41312,0.47154382
41313,0.26907495
41314,0.4761004
41315,0.27056196
41316,0.47602043
41317,0.2028461
41318,0.13810724
41319,0.37552163
41320,0.035872143
41321,0.11400125
41322,0.27520066
41323,0.52051294
41324,0.12408353
41325,0.1707821
41326,0.14806217
41327,0.094225705
41328,0.17190145
41329,0.1022532
41330,0.07319936
41331,0.19203949
41332,0.26690766
41333,0.28366035
41334,0.16338204
41335,0.31798956
41336,0.12659001
41337,0.23730266
41338,0.22312948
41339,0.25341886
41340,0.37274617
41341,0.13652869
41342,0.14402525
41343,0.102615766
41344,0.18283997
41345,0.3017932
41346,0.10162926
41347,0.01973521
41348,0.3043021
41349,0.121229775
41350,0.37029085
41351,0.23333266
41352,0.033488493
41353,0.07813961
41354,0.109840296
41355,0.065652475
41356,0.5293294
41357,0.22455193
41358,0.16100204
41359,0.42146632
41360,0.15409034
41361,0.4991036
41362,0.22021195
41363,0.1883986
41364,0.114658445
41365,0.09575534
41366,0.10740666
41367,0.2232759
41368,0.070000924
41369,0.086926386
41370,0.33288428
41371,0.59220093
41372,0.23876557
41373,0.15454324
41374,0.15308881
41375,0.118013114
41376,0.14613794
41377,0.07601618
41378,0.12775078
41379,0.0556014
41380,0.38524562
41381,0.4172557
41382,0.18686548
41383,0.10491926
41384,0.2577551
41385,0.19227725
41386,0.37811458
41387,0.25037235
41388,0.15037672
41389,0.23337619
41390,0.06132887
41391,0.34553385
41392,0.07568105
41393,0.21793999
41394,0.23987606
41395,0.1548046
41396,0.16760303
41397,0.6025478
41398,0.2138675
41399,0.18272498
41400,0.117112406
41401,0.14002764
41402,0.1662871
41403,0.16479222
41404,0.2740394
41405,0.04461413
41406,0.13414776
41407,0.1186391
41408,0.15665084
41409,0.19120064
41410,0.38903487
41411,0.381482
41412,0.052751094
41413,0.036438644
41414,0.3532816
41415,0.14785792
41416,0.111377716
41417,0.12540166
41418,0.036197457
41419,0.31376454
41420,0.45395264
41421,0.13043146
41422,0.37233058
41423,0.13077088
41424,0.26417854
41425,0.12517904
41426,0.3293232
41427,0.17266493
41428,0.21312787
41429,0.17733349
41430,0.07563013
41431,0.062694974
41432,0.106959485
41433,0.439748
41434,0.12448278
41435,0.21153356
41436,0.31184223
41437,0.14490479
41438,0.32813516
41439,0.07364824
41440,0.04908553
41441,0.08420785
41442,0.12773128
41443,0.13286436
41444,0.2366013
41445,0.06445255
41446,0.13772975
41447,0.035989866
41448,0.2216429
41449,0.09514479
41450,0.30749238
41451,0.14344777
41452,0.3098532
41453,0.5454296
41454,0.27329904
41455,0.1711663
41456,0.1846495
41457,0.18767023
41458,0.31328472
41459,0.24984634
41460,0.070177
41461,0.15629585
41462,0.2664115
41463,0.18159348
41464,0.061757915
41465,0.20686325
41466,0.0402663
41467,0.050379474
41468,0.23720999
41469,0.17234693
41470,0.27486956
41471,0.17831983
41472,0.075400285
41473,0.27966124
41474,0.1081567
41475,0.20894365
41476,0.20811598
41477,0.1931181
41478,0.17557368
41479,0.20149493
41480,0.107106656
41481,0.2318419
41482,0.30184627
41483,0.258052
41484,0.14107567
41485,0.20960504
41486,0.27685913
41487,0.034086324
41488,0.10391104
41489,0.022016155
41490,0.11030218
41491,0.23644178
41492,0.33979335
41493,0.13138048
41494,0.16856547
41495,0.3897106
41496,0.31275207
41497,0.30867803
41498,0.09019362
41499,0.20801993
41500,0.115488246
41501,0.027863093
41502,0.28842792
41503,0.14913552
41504,0.22392482
41505,0.04914176
41506,0.20647627
41507,0.10007935
41508,0.1729625
41509,0.2796172
41510,0.29528716
41511,0.12853457
41512,0.17258856
41513,0.16930616
41514,0.24562818
41515,0.42020276
41516,0.21580957
41517,0.03510366
41518,0.044804446
41519,0.26603934
41520,0.19475988
41521,0.103115454
41522,0.5515946
41523,0.3694866
41524,0.27929524
41525,0.058045253
41526,0.041555572
41527,0.35570753
41528,0.34267706
41529,0.31815878
41530,0.13716435
41531,0.08626067
41532,0.18655069
41533,0.19544467
41534,0.13171571
41535,0.16028176
41536,0.19470531
41537,0.20995942
41538,0.13206899
41539,0.7899868
41540,0.20083536
41541,0.07097279
41542,0.08067998
41543,0.038820934
41544,0.23484771
41545,0.18762608
41546,0.45647788
41547,0.21610741
41548,0.031184075
41549,0.6808117
41550,0.26260093
41551,0.5505005
41552,0.19093563
41553,0.11537023
41554,0.022881294
41555,0.15283218
41556,0.11782651
41557,0.044677492
41558,0.034024384
41559,0.11221586
41560,0.5461362
41561,0.2716379
41562,0.19267812
41563,0.27686048
41564,0.21794215
41565,0.18757655
41566,0.04798269
41567,0.3412834
41568,0.029038144
41569,0.1517396
41570,0.26043484
41571,0.33338028
41572,0.20160612
41573,0.5946897
41574,0.112448215
41575,0.17093842
41576,0.13086574
41577,0.09132093
41578,0.24492046
41579,0.08163594
41580,0.058062334
41581,0.31940755
41582,0.22281271
41583,0.26637176
41584,0.13440251
41585,0.07085
41586,0.25724068
41587,0.45488998
41588,0.1853264
41589,0.20499013
41590,0.14538153
41591,0.10901427
41592,0.22606654
41593,0.18756513
41594,0.039876238
41595,0.29775983
41596,0.07677793
41597,0.07998485
41598,0.46405062
41599,0.13428904
41600,0.12064811
41601,0.16601974
41602,0.16568454
41603,0.3215258
41604,0.25032437
41605,0.18666017
41606,0.05518208
41607,0.04141849
41608,0.15612128
41609,0.32145637
41610,0.20739901
41611,0.42894202
41612,0.08100784
41613,0.08892141
41614,0.5143564
41615,0.075657904
41616,0.17127223
41617,0.14406702
41618,0.21012604
41619,0.15233842
41620,0.25766587
41621,0.21377696
41622,0.21195775
41623,0.07560595
41624,0.20391716
41625,0.18246084
41626,0.15503211
41627,0.28159633
41628,0.07597422
41629,0.2700199
41630,0.047640868
41631,0.14833684
41632,0.1647366
41633,0.15988733
41634,0.25688604
41635,0.42607397
41636,0.053318266
41637,0.23325217
41638,0.16788188
41639,0.17371964
41640,0.035607558
41641,0.17926574
41642,0.028651634
41643,0.17526807
41644,0.060726184
41645,0.11391174
41646,0.3545475
41647,0.19102126
41648,0.11737012
41649,0.3330934
41650,0.15281323
41651,0.48737574
41652,0.16353528
41653,0.09167295
41654,0.02105483
41655,0.16525629
41656,0.13100947
41657,0.51850635
41658,0.044903863
41659,0.18637586
41660,0.1595163
41661,0.24009126
41662,0.15820006
41663,0.46898818
41664,0.07300335
41665,0.31094584
41666,0.3612599
41667,0.21734388
41668,0.12469883
41669,0.10460117
41670,0.2955713
41671,0.32097608
41672,0.3453644
41673,0.10307805
41674,0.18356496
41675,0.042133763
41676,0.13739865
41677,0.43601316
41678,0.07639296
41679,0.12666403
41680,0.046333097
41681,0.28651455
41682,0.051161878
41683,0.17590687
41684,0.14726056
41685,0.19367988
41686,0.2731864
41687,0.06942119
41688,0.27725565
41689,0.16896084
41690,0.06431625
41691,0.14142588
41692,0.15768217
41693,0.27038786
41694,0.074964456
41695,0.30648878
41696,0.09729217
41697,0.30469882
41698,0.11624983
41699,0.032490827
41700,0.32683408
41701,0.104541205
41702,0.22808479
41703,0.14669521
41704,0.4131286
41705,0.064157605
41706,0.15451245
41707,0.1896509
41708,0.23116913
41709,0.114254594
41710,0.3593837
41711,0.21859716
41712,0.11024696
41713,0.30483878
41714,0.38328895
41715,0.021823732
41716,0.25591177
41717,0.022822898
41718,0.2158944
41719,0.29919443
41720,0.13816601
41721,0.13072872
41722,0.18825458
41723,0.22571991
41724,0.23511358
41725,0.15753956
41726,0.116081074
41727,0.12858842
41728,0.19354922
41729,0.24807751
41730,0.19662245
41731,0.1950793
41732,0.17955579
41733,0.35628617
41734,0.15227318
41735,0.32287878
41736,0.23691691
41737,0.4188364
41738,0.1746389
41739,0.32393408
41740,0.19567782
41741,0.15729997
41742,0.19194041
41743,0.17978536
41744,0.2834499
41745,0.12003706
41746,0.16904792
41747,0.114613
41748,0.16252372
41749,0.055448633
41750,0.036885716
41751,0.37010196
41752,0.13151847
41753,0.17403507
41754,0.10166419
41755,0.23950368
41756,0.069250874
41757,0.375961
41758,0.101992734
41759,0.13896993
41760,0.0794796
41761,0.24555919
41762,0.1648926
41763,0.3586154
41764,0.41882864
41765,0.20745154
41766,0.2807416
41767,0.1452674
41768,0.24186456
41769,0.58500296
41770,0.5623476
41771,0.4198013
41772,0.1617473
41773,0.2836216
41774,0.19022867
41775,0.1201654
41776,0.50092214
41777,0.5151506
41778,0.42298663
41779,0.30722255
41780,0.24104863
41781,0.17481415
41782,0.15753298
41783,0.4795051
41784,0.39240903
41785,0.08931424
41786,0.040375248
41787,0.17823231
41788,0.09644116
41789,0.3625205
41790,0.12523058
41791,0.04555356
41792,0.31297594
41793,0.1526038
41794,0.4050104
41795,0.09574988
41796,0.23365752
41797,0.264753
41798,0.14814483
41799,0.05427376
41800,0.13547531
41801,0.26224053
41802,0.5682121
41803,0.09081935
41804,0.34536305
41805,0.103922784
41806,0.2818775
41807,0.3680178
41808,0.09116335
41809,0.20201041
41810,0.123970345
41811,0.112474725
41812,0.109112315
41813,0.23921135
41814,0.35529402
41815,0.20149276
41816,0.09088748
41817,0.38895002
41818,0.28143418
41819,0.2481731
41820,0.23704274
41821,0.11321067
41822,0.11880745
41823,0.19666046
41824,0.27466497
41825,0.06673024
41826,0.24525821
41827,0.15729906
41828,0.24590778
41829,0.12671138
41830,0.23084505
41831,0.31758243
41832,0.13019025
41833,0.33123434
41834,0.050951805
41835,0.0755438
41836,0.28640038
41837,0.32969517
41838,0.10763318
41839,0.29193607
41840,0.09499284
41841,0.09810071
41842,0.06803753
41843,0.23114373
41844,0.2284994
41845,0.31924
41846,0.04681502
41847,0.14261667
41848,0.18685141
41849,0.028487943
41850,0.10049905
41851,0.15840015
41852,0.08250587
41853,0.19938797
41854,0.028723942
41855,0.1659016
41856,0.1382081
41857,0.20977855
41858,0.2002119
41859,0.11215206
41860,0.1748284
41861,0.20059341
41862,0.67497206
41863,0.08315377
41864,0.02500179
41865,0.36052874
41866,0.18554556
41867,0.052926928
41868,0.1232721
41869,0.14829625
41870,0.1533035
41871,0.093304455
41872,0.17361619
41873,0.22511888
41874,0.17770487
41875,0.14573923
41876,0.29760113
41877,0.4314858
41878,0.29626217
41879,0.4973675
41880,0.1401815
41881,0.25855306
41882,0.37944576
41883,0.042871032
41884,0.15484966
41885,0.12751564
41886,0.31255606
41887,0.42830777
41888,0.06285011
41889,0.09481489
41890,0.15604754
41891,0.22242907
41892,0.39222643
41893,0.19087712
41894,0.20625842
41895,0.12081045
41896,0.07919805
41897,0.20558721
41898,0.1848646
41899,0.13010141
41900,0.033833575
41901,0.3354076
41902,0.18243857
41903,0.12575611
41904,0.27863404
41905,0.09035951
41906,0.21675205
41907,0.15640971
41908,0.2768275
41909,0.051463857
41910,0.21592581
41911,0.19042309
41912,0.24271092
41913,0.39461648
41914,0.30386418
41915,0.34568602
41916,0.109786935
41917,0.09472367
41918,0.14239314
41919,0.23607475
41920,0.24015243
41921,0.1852362
41922,0.057384584
41923,0.10533617
41924,0.60519797
41925,0.15475908
41926,0.36265653
41927,0.22628944
41928,0.20654953
41929,0.39219186
41930,0.45782697
41931,0.27985433
41932,0.120572984
41933,0.7357031
41934,0.19609587
41935,0.3305305
41936,0.0732307
41937,0.25577155
41938,0.07012865
41939,0.08388432
41940,0.3471829
41941,0.12063828
41942,0.35723937
41943,0.2217972
41944,0.16483818
41945,0.47230744
41946,0.114107065
41947,0.14463013
41948,0.24732232
41949,0.025765952
41950,0.23917678
41951,0.062938474
41952,0.22496818
41953,0.19938347
41954,0.07927415
41955,0.43529508
41956,0.23848157
41957,0.17396663
41958,0.04839613
41959,0.15907602
41960,0.70716345
41961,0.103540085
41962,0.052926436
41963,0.11116156
41964,0.1997734
41965,0.2242681
41966,0.2523536
41967,0.2327972
41968,0.07021296
41969,0.38488537
41970,0.07850348
41971,0.0869561
41972,0.14766791
41973,0.08791788
41974,0.11950268
41975,0.12383581
41976,0.11037919
41977,0.2842107
41978,0.21208769
41979,0.2211181
41980,0.13197862
41981,0.21414408
41982,0.16181146
41983,0.25375307
41984,0.15937978
41985,0.06349342
41986,0.22429866
41987,0.14951853
41988,0.2657158
41989,0.23497778
41990,0.3525255
41991,0.071731016
41992,0.21925406
41993,0.18495204
41994,0.13183372
41995,0.362771
41996,0.09925144
41997,0.052706987
41998,0.29617947
41999,0.17346554
42000,0.058490165
42001,0.19540977
42002,0.20104472
42003,0.16382532
42004,0.123332396
42005,0.073266365
42006,0.12906231
42007,0.40409794
42008,0.17349322
42009,0.06843592
42010,0.17055427
42011,0.1868823
42012,0.18635961
42013,0.1641808
42014,0.2228185
42015,0.031926204
42016,0.19488645
42017,0.5096093
42018,0.121303774
42019,0.48685855
42020,0.16646847
42021,0.18322001
42022,0.14082088
42023,0.26142228
42024,0.120445915
42025,0.19304971
42026,0.17318738
42027,0.17717122
42028,0.2310747
42029,0.0320977
42030,0.20701735
42031,0.14362982
42032,0.122462705
42033,0.16089167
42034,0.17907313
42035,0.29816502
42036,0.19348934
42037,0.1465364
42038,0.054868206
42039,0.37053385
42040,0.16310999
42041,0.3436721
42042,0.25207207
42043,0.47880402
42044,0.19234213
42045,0.14389855
42046,0.23949304
42047,0.19279589
42048,0.28980815
42049,0.16921091
42050,0.5663072
42051,0.08330073
42052,0.33844116
42053,0.197308
42054,0.37161255
42055,0.26492912
42056,0.063125536
42057,0.09321133
42058,0.08304972
42059,0.11332722
42060,0.1311015
42061,0.078975365
42062,0.0608259
42063,0.35314348
42064,0.13071336
42065,0.2662917
42066,0.13188078
42067,0.37334296
42068,0.24121809
42069,0.30459976
42070,0.03340916
42071,0.28997114
42072,0.18324035
42073,0.06280408
42074,0.15878344
42075,0.14219405
42076,0.32047233
42077,0.5593938
42078,0.23275083
42079,0.22673385
42080,0.06896628
42081,0.34519166
42082,0.16986507
42083,0.1386416
42084,0.100854196
42085,0.30802348
42086,0.2485216
42087,0.12218164
42088,0.09301298
42089,0.09589888
42090,0.05585879
42091,0.17628857
42092,0.15721259
42093,0.13427173
42094,0.33904776
42095,0.21446902
42096,0.0951155
42097,0.26621318
42098,0.30419075
42099,0.024785647
42100,0.19777969
42101,0.23898894
42102,0.119105056
42103,0.111307606
42104,0.12275984
42105,0.30043057
42106,0.14447759
42107,0.09429887
42108,0.10583136
42109,0.28016078
42110,0.23303255
42111,0.13205343
42112,0.10515375
42113,0.20691043
42114,0.16171205
42115,0.12576534
42116,0.22138222
42117,0.04565727
42118,0.24836703
42119,0.36825708
42120,0.109589845
42121,0.06739109
42122,0.15694828
42123,0.14412256
42124,0.46202382
42125,0.29246488
42126,0.0756517
42127,0.12692328
42128,0.4160003
42129,0.3934526
42130,0.079588056
42131,0.21311745
42132,0.06414967
42133,0.29129
42134,0.08796372
42135,0.18048157
42136,0.10293109
42137,0.43360266
42138,0.18415202
42139,0.22195265
42140,0.22458932
42141,0.32625386
42142,0.30155197
42143,0.2409824
42144,0.1985878
42145,0.075809404
42146,0.12682426
42147,0.2636158
42148,0.14560652
42149,0.2715845
42150,0.22169137
42151,0.25873736
42152,0.19639716
42153,0.24880448
42154,0.2265828
42155,0.16506124
42156,0.2182268
42157,0.17237407
42158,0.0607205
42159,0.16754037
42160,0.4933925
42161,0.17567098
42162,0.15260147
42163,0.23363538
42164,0.11095786
42165,0.16869646
42166,0.17566866
42167,0.20107402
42168,0.26752117
42169,0.12689248
42170,0.24053712
42171,0.09824219
42172,0.4670051
42173,0.10593632
42174,0.49795252
42175,0.10554162
42176,0.28604054
42177,0.12194687
42178,0.49681878
42179,0.25653347
42180,0.3418516
42181,0.12087569
42182,0.18657623
42183,0.18544027
42184,0.07983933
42185,0.175755
42186,0.14603893
42187,0.19760181
42188,0.551739
42189,0.0744788
42190,0.1166928
42191,0.69890296
42192,0.17596565
42193,0.22770187
42194,0.09137443
42195,0.24531938
42196,0.2066564
42197,0.19587457
42198,0.23114736
42199,0.092451975
42200,0.2555442
42201,0.26627722
42202,0.3774765
42203,0.1953537
42204,0.18735538
42205,0.12221211
42206,0.1254793
42207,0.11148951
42208,0.28143993
42209,0.1818436
42210,0.14753875
42211,0.110260636
42212,0.20784244
42213,0.5728648
42214,0.30405587
42215,0.37002072
42216,0.12046798
42217,0.38745105
42218,0.25098288
42219,0.082405575
42220,0.37332618
42221,0.37090418
42222,0.13197057
42223,0.4130369
42224,0.3235213
42225,0.12170003
42226,0.6796203
42227,0.2134228
42228,0.29222617
42229,0.30038327
42230,0.25826076
42231,0.13258423
42232,0.2988152
42233,0.14617763
42234,0.12859018
42235,0.077820815
42236,0.056198444
42237,0.2185303
42238,0.13870014
42239,0.23826107
42240,0.1579016
42241,0.087004475
42242,0.11987825
42243,0.22469349
42244,0.28671613
42245,0.09439533
42246,0.04848764
42247,0.42764956
42248,0.6867933
42249,0.30814335
42250,0.5532523
42251,0.5143286
42252,0.18362628
42253,0.23155436
42254,0.16279824
42255,0.032151636
42256,0.1823584
42257,0.15600528
42258,0.31687397
42259,0.18497472
42260,0.22773713
42261,0.038289897
42262,0.14852948
42263,0.6198864
42264,0.052279267
42265,0.06135826
42266,0.35191348
42267,0.21875101
42268,0.14053868
42269,0.39516288
42270,0.26187867
42271,0.21141225
42272,0.32508534
42273,0.37283975
42274,0.22571282
42275,0.15409541
42276,0.20055185
42277,0.08173153
42278,0.17718257
42279,0.30651385
42280,0.2954332
42281,0.33669734
42282,0.43438044
42283,0.1712072
42284,0.13463196
42285,0.087981485
42286,0.12611872
42287,0.1041785
42288,0.0917191
42289,0.3647954
42290,0.054089252
42291,0.265749
42292,0.21684746
42293,0.36116534
42294,0.14424217
42295,0.18157071
42296,0.14968422
42297,0.21265869
42298,0.41895312
42299,0.29528752
42300,0.28028548
42301,0.0817658
42302,0.1255698
42303,0.066170506
42304,0.18373924
42305,0.27050254
42306,0.2212462
42307,0.09675792
42308,0.30841273
42309,0.15077573
42310,0.025427368
42311,0.055298854
42312,0.05588669
42313,0.39529175
42314,0.2224193
42315,0.21850231
42316,0.17518558
42317,0.09282007
42318,0.19123851
42319,0.33724934
42320,0.2650494
42321,0.16242579
42322,0.24694759
42323,0.57688963
42324,0.16559741
42325,0.10154125
42326,0.24365017
42327,0.15014842
42328,0.23152041
42329,0.14430743
42330,0.15532224
42331,0.21326505
42332,0.052220825
42333,0.049061444
42334,0.073330805
42335,0.21469645
42336,0.1877686
42337,0.3210843
42338,0.29033267
42339,0.15378052
42340,0.031845644
42341,0.041397747
42342,0.44208348
42343,0.15767884
42344,0.15778095
42345,0.5659668
42346,0.21264175
42347,0.16896868
42348,0.32655135
42349,0.08885395
42350,0.13698493
42351,0.062357698
42352,0.14360979
42353,0.26927844
42354,0.6446999
42355,0.20341739
42356,0.16021582
42357,0.23695548
42358,0.3856059
42359,0.554431
42360,0.35887608
42361,0.19526346
42362,0.17749755
42363,0.12500899
42364,0.11501007
42365,0.47791496
42366,0.21588227
42367,0.28111875
42368,0.29291922
42369,0.3420311
42370,0.14129312
42371,0.13662465
42372,0.09597376
42373,0.21067326
42374,0.43460628
42375,0.07416479
42376,0.29141933
42377,0.1487901
42378,0.19870168
42379,0.21868797
42380,0.16158159
42381,0.49003938
42382,0.16450235
42383,0.15734082
42384,0.19656648
42385,0.16580549
42386,0.087804936
42387,0.18394762
42388,0.2388947
42389,0.1977302
42390,0.5955458
42391,0.30120355
42392,0.32888967
42393,0.21546996
42394,0.23972322
42395,0.27008757
42396,0.22265953
42397,0.04270849
42398,0.063139126
42399,0.05838898
42400,0.29177743
42401,0.12444146
42402,0.3083381
42403,0.14703028
42404,0.13942148
42405,0.0943635
42406,0.2660704
42407,0.19116355
42408,0.18349591
42409,0.06515028
42410,0.2440296
42411,0.14514667
42412,0.2076476
42413,0.5512188
42414,0.14929989
42415,0.3358821
42416,0.3402578
42417,0.123809084
42418,0.21018118
42419,0.25639433
42420,0.46866372
42421,0.13688134
42422,0.25982174
42423,0.08373161
42424,0.094197676
42425,0.17110291
42426,0.27965805
42427,0.20825747
42428,0.2847177
42429,0.18072504
42430,0.060032506
42431,0.1983441
42432,0.11689631
42433,0.18095268
42434,0.10960091
42435,0.09874619
42436,0.20855202
42437,0.28948268
42438,0.23158456
42439,0.20960984
42440,0.17164199
42441,0.12792881
42442,0.46811303
42443,0.09827209
42444,0.26356366
42445,0.14996402
42446,0.065710105
42447,0.05432479
42448,0.06778342
42449,0.18420906
42450,0.08658924
42451,0.07866479
42452,0.12652604
42453,0.19482765
42454,0.05759244
42455,0.061880168
42456,0.12475559
42457,0.15423127
42458,0.053048696
42459,0.2103578
42460,0.60861176
42461,0.16985224
42462,0.21874993
42463,0.436234
42464,0.3848874
42465,0.29833382
42466,0.13833362
42467,0.13728078
42468,0.041464593
42469,0.31420958
42470,0.45713314
42471,0.14099567
42472,0.245559
42473,0.2378903
42474,0.096403435
42475,0.19664504
42476,0.17133628
42477,0.1380451
42478,0.5891544
42479,0.4862401
42480,0.31250158
42481,0.18467714
42482,0.20540233
42483,0.37798667
42484,0.18481062
42485,0.38994402
42486,0.20565471
42487,0.25074193
42488,0.13817641
42489,0.43287706
42490,0.22765025
42491,0.27455226
42492,0.2821819
42493,0.37995836
42494,0.10401327
42495,0.15692909
42496,0.22990358
42497,0.26596758
42498,0.019658316
42499,0.19948581
42500,0.14557295
42501,0.066307105
42502,0.3299439
42503,0.39561448
42504,0.064718716
42505,0.099451505
42506,0.2091403
42507,0.24507536
42508,0.104763396
42509,0.22202902
42510,0.13962153
42511,0.20474978
42512,0.10233379
42513,0.15891854
42514,0.033587337
42515,0.16879237
42516,0.16577849
42517,0.08238728
42518,0.14981708
42519,0.10487649
42520,0.057868402
42521,0.6007748
42522,0.12314729
42523,0.15685357
42524,0.5345892
42525,0.39378205
42526,0.30698377
42527,0.13453655
42528,0.25502226
42529,0.3654095
42530,0.20625752
42531,0.31532785
42532,0.20599662
42533,0.17439656
42534,0.102207184
42535,0.054388013
42536,0.34791866
42537,0.10725085
42538,0.2580396
42539,0.16773449
42540,0.30083564
42541,0.21443225
42542,0.2155934
42543,0.20952158
42544,0.1671277
42545,0.27486646
42546,0.3000225
42547,0.06609268
42548,0.22025569
42549,0.06693036
42550,0.48321992
42551,0.2668308
42552,0.47962797
42553,0.42398164
42554,0.06557805
42555,0.12984276
42556,0.10581771
42557,0.12183951
42558,0.02193333
42559,0.1827794
42560,0.44716692
42561,0.21211301
42562,0.12169371
42563,0.088435315
42564,0.12596808
42565,0.10651943
42566,0.046635993
42567,0.14722453
42568,0.081320025
42569,0.05242086
42570,0.3777383
42571,0.15107733
42572,0.04266931
42573,0.17236635
42574,0.5018986
42575,0.3268644
42576,0.27836907
42577,0.19807905
42578,0.2664731
42579,0.10719774
42580,0.015492589
42581,0.115522675
42582,0.11966041
42583,0.2339109
42584,0.36382636
42585,0.07186117
42586,0.063486926
42587,0.07298046
42588,0.4089866
42589,0.19677068
42590,0.18541919
42591,0.10143486
42592,0.07580144
42593,0.27007613
42594,0.34556794
42595,0.3220779
42596,0.042590864
42597,0.0843308
42598,0.018936325
42599,0.2242799
42600,0.1371514
42601,0.26791692
42602,0.12379026
42603,0.0866777
42604,0.19862744
42605,0.20610733
42606,0.31552514
42607,0.52838033
42608,0.27402306
42609,0.18587048
42610,0.31473428
42611,0.044411484
42612,0.24952282
42613,0.07187948
42614,0.41170922
42615,0.3396516
42616,0.47732094
42617,0.18809086
42618,0.038617287
42619,0.35819367
42620,0.18200202
42621,0.42792323
42622,0.21133631
42623,0.27656472
42624,0.3091356
42625,0.19357757
42626,0.42501864
42627,0.18060613
42628,0.16044012
42629,0.37438482
42630,0.20420004
42631,0.10199593
42632,0.21115592
42633,0.25199634
42634,0.17309122
42635,0.24590276
42636,0.1890894
42637,0.12013156
42638,0.099996455
42639,0.18428737
42640,0.1738876
42641,0.020149514
42642,0.17394157
42643,0.30897382
42644,0.03297855
42645,0.27836424
42646,0.12518033
42647,0.049268648
42648,0.19923635
42649,0.2811874
42650,0.18707505
42651,0.24301247
42652,0.25683033
42653,0.18189338
42654,0.21587463
42655,0.1504296
42656,0.1308449
42657,0.034929454
42658,0.086252294
42659,0.20293249
42660,0.1805251
42661,0.23391609
42662,0.3930985
42663,0.24465548
42664,0.03792534
42665,0.20476973
42666,0.32375318
42667,0.03778255
42668,0.16139363
42669,0.2195457
42670,0.24669221
42671,0.23038459
42672,0.31683043
42673,0.034235377
42674,0.27084646
42675,0.22208954
42676,0.06705496
42677,0.40482277
42678,0.24100523
42679,0.120246634
42680,0.22567777
42681,0.17756961
42682,0.07711449
42683,0.19803368
42684,0.21959983
42685,0.37294507
42686,0.07273105
42687,0.18966988
42688,0.3231157
42689,0.11894022
42690,0.19725586
42691,0.27682343
42692,0.18963462
42693,0.26872534
42694,0.38933387
42695,0.3891558
42696,0.2023369
42697,0.18096092
42698,0.1962589
42699,0.13290797
42700,0.12713319
42701,0.21016365
42702,0.15797752
42703,0.4503548
42704,0.07859087
42705,0.15809797
42706,0.3639694
42707,0.039284416
42708,0.19112171
42709,0.2635403
42710,0.33099824
42711,0.29392883
42712,0.13728729
42713,0.13390747
42714,0.115787216
42715,0.22084239
42716,0.073548734
42717,0.058741562
42718,0.099836655
42719,0.36395425
42720,0.4758551
42721,0.3355037
42722,0.14230986
42723,0.13820705
42724,0.05183691
42725,0.54854125
42726,0.25327978
42727,0.045500617
42728,0.24599782
42729,0.12996301
42730,0.10967661
42731,0.14106885
42732,0.15541136
42733,0.25174454
42734,0.81942725
42735,0.07045044
42736,0.085510455
42737,0.06919769
42738,0.5781632
42739,0.2924055
42740,0.060763236
42741,0.17338975
42742,0.19074708
42743,0.077136844
42744,0.5348315
42745,0.20694308
42746,0.47767535
42747,0.044186465
42748,0.20323704
42749,0.1918338
42750,0.020482155
42751,0.025722865
42752,0.26930448
42753,0.34423077
42754,0.059578195
42755,0.25145358
42756,0.09278195
42757,0.5795679
42758,0.2550952
42759,0.3036525
42760,0.21029761
42761,0.28093582
42762,0.11084571
42763,0.15553848
42764,0.22351754
42765,0.1800986
42766,0.15903518
42767,0.24257578
42768,0.35986263
42769,0.50806147
42770,0.054171667
42771,0.110454544
42772,0.016046898
42773,0.03009726
42774,0.19870965
42775,0.072439395
42776,0.49376303
42777,0.34336114
42778,0.1981551
42779,0.1578889
42780,0.2731165
42781,0.4191497
42782,0.21670733
42783,0.11702796
42784,0.14698158
42785,0.27049577
42786,0.15520304
42787,0.16643243
42788,0.18343456
42789,0.060371093
42790,0.2112096
42791,0.14594056
42792,0.42240918
42793,0.15056849
42794,0.14633363
42795,0.2268931
42796,0.07719261
42797,0.17319804
42798,0.07732508
42799,0.45681173
42800,0.1512349
42801,0.1333331
42802,0.27113336
42803,0.2173205
42804,0.2393413
42805,0.23211181
42806,0.28508076
42807,0.08180992
42808,0.05406222
42809,0.17760465
42810,0.06676147
42811,0.13967484
42812,0.54709584
42813,0.30421636
42814,0.10932994
42815,0.112669304
42816,0.07401321
42817,0.038636915
42818,0.2848888
42819,0.32901445
42820,0.21236412
42821,0.34672606
42822,0.37889147
42823,0.18637054
42824,0.1276272
42825,0.19909176
42826,0.26635697
42827,0.14546672
42828,0.32772556
42829,0.17914607
42830,0.19541872
42831,0.1237045
42832,0.09461721
42833,0.34792542
42834,0.14689422
42835,0.31610087
42836,0.104527324
42837,0.21185876
42838,0.20643088
42839,0.22723098
42840,0.3397218
42841,0.15277451
42842,0.129499
42843,0.118679486
42844,0.1159299
42845,0.20636182
42846,0.1584443
42847,0.057754327
42848,0.14825983
42849,0.009286679
42850,0.29904902
42851,0.27337503
42852,0.5692941
42853,0.02978655
42854,0.072613835
42855,0.17021878
42856,0.34731457
42857,0.23332797
42858,0.105679415
42859,0.15021771
42860,0.23903507
42861,0.11714376
42862,0.40343702
42863,0.29005516
42864,0.2233236
42865,0.09492374
42866,0.11111799
42867,0.2632055
42868,0.2148173
42869,0.026039785
42870,0.0652371
42871,0.09537439
42872,0.31858438
42873,0.043900244
42874,0.18781444
42875,0.15738359
42876,0.16025838
42877,0.0934994
42878,0.013708368
42879,0.1741614
42880,0.1411285
42881,0.23598649
42882,0.12850578
42883,0.06796825
42884,0.037621178
42885,0.12936841
42886,0.185564
42887,0.08274456
42888,0.15315466
42889,0.20798528
42890,0.12059979
42891,0.10946605
42892,0.10803049
42893,0.15578805
42894,0.100049786
42895,0.20306394
42896,0.13554971
42897,0.14031075
42898,0.22931282
42899,0.30406672
42900,0.18757318
42901,0.16698632
42902,0.42979345
42903,0.09188804
42904,0.17060111
42905,0.11216373
42906,0.5800529
42907,0.13864958
42908,0.15216106
42909,0.23740634
42910,0.26810214
42911,0.116978884
42912,0.36549556
42913,0.3256092
42914,0.1451638
42915,0.42856747
42916,0.08428817
42917,0.109267265
42918,0.12939304
42919,0.056210853
42920,0.27344185
42921,0.18114029
42922,0.054596703
42923,0.59285116
42924,0.18727389
42925,0.069292285
42926,0.19788443
42927,0.19429407
42928,0.09005405
42929,0.34921667
42930,0.26310042
42931,0.3022153
42932,0.22463477
42933,0.17347072
42934,0.13817383
42935,0.11441388
42936,0.24446397
42937,0.43636256
42938,0.07284491
42939,0.10181859
42940,0.22576152
42941,0.08970265
42942,0.12647645
42943,0.17147443
42944,0.107445136
42945,0.119576894
42946,0.22403517
42947,0.0529577
42948,0.38659796
42949,0.27699795
42950,0.28685442
42951,0.29730305
42952,0.11453637
42953,0.14630371
42954,0.3128479
42955,0.16026904
42956,0.16609263
42957,0.17178135
42958,0.39904502
42959,0.56664455
42960,0.17314655
42961,0.112615466
42962,0.19306466
42963,0.28994805
42964,0.24358317
42965,0.13679774
42966,0.07927723
42967,0.09428755
42968,0.13047598
42969,0.045153763
42970,0.10094897
42971,0.21482415
42972,0.07957407
42973,0.18924628
42974,0.14640556
42975,0.08165051
42976,0.21694054
42977,0.25321412
42978,0.4268833
42979,0.2694484
42980,0.52316755
42981,0.3085962
42982,0.03520945
42983,0.15141262
42984,0.19090624
42985,0.24608706
42986,0.07360755
42987,0.2900325
42988,0.102227986
42989,0.09700173
42990,0.23134115
42991,0.28686684
42992,0.054718245
42993,0.17642409
42994,0.13286698
42995,0.4884269
42996,0.109590165
42997,0.14308117
42998,0.29717997
42999,0.09649619
43000,0.10880301
43001,0.14036724
43002,0.1022942
43003,0.45600173
43004,0.12457599
43005,0.34440365
43006,0.11366562
43007,0.3094148
43008,0.09326021
43009,0.12182177
43010,0.22274756
43011,0.33781105
43012,0.57865024
43013,0.15338388
43014,0.23463798
43015,0.1986836
43016,0.12641054
43017,0.571854
43018,0.13703632
43019,0.27422792
43020,0.09654122
43021,0.09903415
43022,0.1263894
43023,0.3407299
43024,0.093480766
43025,0.2892263
43026,0.44910905
43027,0.1954172
43028,0.14387223
43029,0.14778802
43030,0.588267
43031,0.4762517
43032,0.3364644
43033,0.30831352
43034,0.31180376
43035,0.16235486
43036,0.039018836
43037,0.23756106
43038,0.38175493
43039,0.20195813
43040,0.23495848
43041,0.08226824
43042,0.04272021
43043,0.27253678
43044,0.16192771
43045,0.2201974
43046,0.11737433
43047,0.3303964
43048,0.17078628
43049,0.30076078
43050,0.3808567
43051,0.06507926
43052,0.14576331
43053,0.073452234
43054,0.21332312
43055,0.05735141
43056,0.12209262
43057,0.19141504
43058,0.16094333
43059,0.1748219
43060,0.14500299
43061,0.08634964
43062,0.2062316
43063,0.26711342
43064,0.025780354
43065,0.18713495
43066,0.18052608
43067,0.116055146
43068,0.31103614
43069,0.33156335
43070,0.3403977
43071,0.25253648
43072,0.19363567
43073,0.15115997
43074,0.18257457
43075,0.50818515
43076,0.05783504
43077,0.22389169
43078,0.17171383
43079,0.21557608
43080,0.10749929
43081,0.39446735
43082,0.10186482
43083,0.14523482
43084,0.15886918
43085,0.22177792
43086,0.116108775
43087,0.46674415
43088,0.3354901
43089,0.15977772
43090,0.069983914
43091,0.11249063
43092,0.23898087
43093,0.16504648
43094,0.29404688
43095,0.42087534
43096,0.30207884
43097,0.24604
43098,0.19267184
43099,0.09619906
43100,0.36244705
43101,0.16182916
43102,0.30379063
43103,0.14947416
43104,0.43816617
43105,0.14556392
43106,0.11984843
43107,0.20774947
43108,0.28314814
43109,0.14425221
43110,0.20140123
43111,0.15169808
43112,0.04313023
43113,0.32729784
43114,0.17831196
43115,0.32667032
43116,0.29690176
43117,0.13470748
43118,0.2966642
43119,0.3422943
43120,0.23353791
43121,0.098193824
43122,0.17042746
43123,0.14563578
43124,0.17249289
43125,0.1500087
43126,0.11327599
43127,0.27990457
43128,0.055241156
43129,0.057567507
43130,0.21105406
43131,0.10813448
43132,0.09023609
43133,0.07913237
43134,0.23584822
43135,0.54787755
43136,0.09714348
43137,0.4259889
43138,0.07262426
43139,0.15887931
43140,0.15560335
43141,0.055640053
43142,0.16593263
43143,0.39392957
43144,0.091327466
43145,0.15562744
43146,0.19111595
43147,0.20356405
43148,0.16791363
43149,0.16507924
43150,0.18255654
43151,0.117504515
43152,0.26848415
43153,0.16832037
43154,0.12832288
43155,0.36371252
43156,0.3279336
43157,0.11812595
43158,0.09553937
43159,0.0724481
43160,0.20046648
43161,0.148239
43162,0.15842049
43163,0.10824185
43164,0.07478588
43165,0.2303949
43166,0.1812844
43167,0.21322614
43168,0.07917454
43169,0.21947794
43170,0.10455779
43171,0.2920146
43172,0.14522702
43173,0.29072562
43174,0.23698904
43175,0.117529795
43176,0.357903
43177,0.27976492
43178,0.24025965
43179,0.19600669
43180,0.17887317
43181,0.107784644
43182,0.1541947
43183,0.18290406
43184,0.23302393
43185,0.11907601
43186,0.40962136
43187,0.18963198
43188,0.30585185
43189,0.21986832
43190,0.14986657
43191,0.109256595
43192,0.09705099
43193,0.17681225
43194,0.3978535
43195,0.12059254
43196,0.0745968
43197,0.14641649
43198,0.21324292
43199,0.3239393
43200,0.32098144
43201,0.08591719
43202,0.43222713
43203,0.18410036
43204,0.19879422
43205,0.13817467
43206,0.11919261
43207,0.25680038
43208,0.06836667
43209,0.22272354
43210,0.11732161
43211,0.39795387
43212,0.10681537
43213,0.33099952
43214,0.26105353
43215,0.16065915
43216,0.32326877
43217,0.050382964
43218,0.168937
43219,0.1925991
43220,0.26005715
43221,0.16400692
43222,0.18166108
43223,0.12628727
43224,0.11098592
43225,0.48699954
43226,0.39962983
43227,0.12660404
43228,0.20464951
43229,0.16481575
43230,0.124113955
43231,0.353504
43232,0.35806668
43233,0.39471486
43234,0.40885025
43235,0.41320807
43236,0.064910956
43237,0.55082965
43238,0.017065398
43239,0.3000993
43240,0.25988287
43241,0.28348374
43242,0.3907249
43243,0.015035136
43244,0.0770868
43245,0.19135469
43246,0.41755474
43247,0.25363913
43248,0.3586992
43249,0.54082304
43250,0.339427
43251,0.108548306
43252,0.14361729
43253,0.23421335
43254,0.22414853
43255,0.21999928
43256,0.30685177
43257,0.2092396
43258,0.10541101
43259,0.13857469
43260,0.15095076
43261,0.16387394
43262,0.23726664
43263,0.3727414
43264,0.18036103
43265,0.06455626
43266,0.4022923
43267,0.1275344
43268,0.4031651
43269,0.29502523
43270,0.1699751
43271,0.2710396
43272,0.3904424
43273,0.0152417775
43274,0.05874247
43275,0.05691718
43276,0.19091672
43277,0.07894427
43278,0.38642925
43279,0.2461812
43280,0.1362451
43281,0.20105508
43282,0.23411484
43283,0.17082566
43284,0.21172164
43285,0.05114179
43286,0.35326517
43287,0.0946104
43288,0.1781566
43289,0.057457812
43290,0.084842324
43291,0.36829013
43292,0.10094725
43293,0.15183479
43294,0.42288166
43295,0.4966725
43296,0.11768593
43297,0.2648248
43298,0.31639978
43299,0.19468883
43300,0.87092894
43301,0.12738636
43302,0.08760762
43303,0.20039192
43304,0.06734539
43305,0.44619453
43306,0.12608323
43307,0.33858788
43308,0.14097622
43309,0.32568225
43310,0.09544785
43311,0.057735633
43312,0.14764494
43313,0.09544779
43314,0.360654
43315,0.22962768
43316,0.09034957
43317,0.26497227
43318,0.38101274
43319,0.028950391
43320,0.017388329
43321,0.26850346
43322,0.23154268
43323,0.26755428
43324,0.06299539
43325,0.15863177
43326,0.41718504
43327,0.20231777
43328,0.18261336
43329,0.53448486
43330,0.24561025
43331,0.020938473
43332,0.25251693
43333,0.15824977
43334,0.23478387
43335,0.04765525
43336,0.2476471
43337,0.3964378
43338,0.41734618
43339,0.32722098
43340,0.28230792
43341,0.37843698
43342,0.7707063
43343,0.20417011
43344,0.12438867
43345,0.3820145
43346,0.21947226
43347,0.4642347
43348,0.06843446
43349,0.31660044
43350,0.11106927
43351,0.13620695
43352,0.13832416
43353,0.20469129
43354,0.044255186
43355,0.1597564
43356,0.27773845
43357,0.12486981
43358,0.47002232
43359,0.20541118
43360,0.11487278
43361,0.34174806
43362,0.19901504
43363,0.056726765
43364,0.05855398
43365,0.21491311
43366,0.30030754
43367,0.11484595
43368,0.20546539
43369,0.037576366
43370,0.09054605
43371,0.25748113
43372,0.052476313
43373,0.11247449
43374,0.1929612
43375,0.15357277
43376,0.28121978
43377,0.19390886
43378,0.08369046
43379,0.19063607
43380,0.08410727
43381,0.48908353
43382,0.22272721
43383,0.11859974
43384,0.30971324
43385,0.2067224
43386,0.34582943
43387,0.10996372
43388,0.23967852
43389,0.081927106
43390,0.136827
43391,0.43881038
43392,0.07964229
43393,0.051178806
43394,0.05546217
43395,0.23808368
43396,0.15063791
43397,0.21197501
43398,0.076198325
43399,0.10283636
43400,0.11015722
43401,0.21837072
43402,0.2075265
43403,0.12754452
43404,0.2314155
43405,0.16377747
43406,0.8737244
43407,0.069891594
43408,0.6172768
43409,0.24728414
43410,0.11848903
43411,0.26543576
43412,0.06907316
43413,0.594189
43414,0.102329426
43415,0.10283242
43416,0.21505444
43417,0.04229861
43418,0.095018335
43419,0.20422842
43420,0.044623416
43421,0.08736409
43422,0.04248536
43423,0.17428745
43424,0.1946919
43425,0.10611111
43426,0.05413913
43427,0.05063528
43428,0.095933534
43429,0.17582166
43430,0.05783494
43431,0.2623774
43432,0.27113625
43433,0.16947865
43434,0.11224474
43435,0.23279682
43436,0.21753518
43437,0.34287468
43438,0.39895412
43439,0.06651355
43440,0.20638822
43441,0.17533618
43442,0.19411643
43443,0.21124806
43444,0.09323447
43445,0.4196067
43446,0.20145056
43447,0.10717383
43448,0.19066332
43449,0.14109246
43450,0.2270103
43451,0.12961754
43452,0.16124865
43453,0.13281372
43454,0.16556998
43455,0.1863295
43456,0.25704718
43457,0.14436172
43458,0.10823591
43459,0.26327807
43460,0.14923087
43461,0.15864602
43462,0.2732268
43463,0.2788352
43464,0.23970604
43465,0.12988184
43466,0.20749587
43467,0.343739
43468,0.07291544
43469,0.09593221
43470,0.123123966
43471,0.5631904
43472,0.08672385
43473,0.14391463
43474,0.15133935
43475,0.38731158
43476,0.23329218
43477,0.17248377
43478,0.11171588
43479,0.22996953
43480,0.07503023
43481,0.23692206
43482,0.13975707
43483,0.112404265
43484,0.15420231
43485,0.33317438
43486,0.23921221
43487,0.138587
43488,0.194742
43489,0.09708934
43490,0.07463246
43491,0.12824234
43492,0.41722026
43493,0.2345425
43494,0.27197468
43495,0.3776177
43496,0.38245648
43497,0.2809806
43498,0.39608613
43499,0.04036708
43500,0.25662234
43501,0.2901487
43502,0.2537019
43503,0.0968772
43504,0.078897275
43505,0.17842117
43506,0.1668898
43507,0.79147667
43508,0.1327774
43509,0.17993532
43510,0.13782449
43511,0.20814812
43512,0.12356868
43513,0.08262917
43514,0.23685874
43515,0.096584
43516,0.13226582
43517,0.3523507
43518,0.19376898
43519,0.5254496
43520,0.06963622
43521,0.105700836
43522,0.4480777
43523,0.19614272
43524,0.36198792
43525,0.15523005
43526,0.2307338
43527,0.30383262
43528,0.09211555
43529,0.15955184
43530,0.052151486
43531,0.23133652
43532,0.1766006
43533,0.23965181
43534,0.22275354
43535,0.14877754
43536,0.051970113
43537,0.100079715
43538,0.26499495
43539,0.46955827
43540,0.12936921
43541,0.13405116
43542,0.06815241
43543,0.21859907
43544,0.24515988
43545,0.07508954
43546,0.46899146
43547,0.094619684
43548,0.3051603
43549,0.11871397
43550,0.2792479
43551,0.11151087
43552,0.08695553
43553,0.236875
43554,0.33127663
43555,0.3513031
43556,0.36907902
43557,0.11586449
43558,0.04665911
43559,0.121233955
43560,0.73488975
43561,0.13481337
43562,0.25498092
43563,0.4734482
43564,0.13481082
43565,0.060344037
43566,0.42355704
43567,0.21231449
43568,0.6068035
43569,0.16301276
43570,0.066040836
43571,0.16995822
43572,0.19740985
43573,0.25278556
43574,0.06375601
43575,0.12601414
43576,0.18905783
43577,0.18631537
43578,0.23134644
43579,0.25068676
43580,0.039339647
43581,0.1696347
43582,0.106178135
43583,0.1101543
43584,0.27698275
43585,0.05454713
43586,0.14825049
43587,0.038151633
43588,0.1648704
43589,0.16563006
43590,0.14938873
43591,0.4863515
43592,0.24815871
43593,0.47236398
43594,0.16862583
43595,0.13643259
43596,0.07392165
43597,0.21587004
43598,0.35229775
43599,0.11134574
43600,0.32143715
43601,0.17536455
43602,0.21140364
43603,0.20600346
43604,0.11549093
43605,0.14492399
43606,0.40700132
43607,0.144618
43608,0.3345264
43609,0.3317034
43610,0.1619165
43611,0.46712732
43612,0.25919986
43613,0.21472363
43614,0.22307912
43615,0.070337534
43616,0.12469272
43617,0.034861397
43618,0.3907677
43619,0.20327473
43620,0.20283785
43621,0.025589421
43622,0.15162612
43623,0.11967174
43624,0.16743259
43625,0.26580507
43626,0.65377206
43627,0.14348862
43628,0.038684364
43629,0.1976432
43630,0.3233613
43631,0.24931705
43632,0.21922706
43633,0.15899211
43634,0.2770873
43635,0.1280328
43636,0.08064285
43637,0.2850718
43638,0.3709084
43639,0.09456536
43640,0.5396466
43641,0.044316866
43642,0.4796847
43643,0.130246
43644,0.13132739
43645,0.14720947
43646,0.084491
43647,0.42827383
43648,0.18071002
43649,0.100586995
43650,0.12658007
43651,0.31748796
43652,0.23049846
43653,0.19770001
43654,0.5386711
43655,0.19262122
43656,0.04696465
43657,0.19988883
43658,0.056526452
43659,0.12600213
43660,0.280318
43661,0.27200422
43662,0.08441728
43663,0.17563747
43664,0.062214315
43665,0.43927878
43666,0.20846331
43667,0.16428046
43668,0.2950238
43669,0.19833767
43670,0.15616208
43671,0.35169542
43672,0.33206263
43673,0.07600655
43674,0.09652035
43675,0.14579788
43676,0.0633767
43677,0.19203009
43678,0.06508038
43679,0.29277444
43680,0.23027095
43681,0.506078
43682,0.1887034
43683,0.1946918
43684,0.19534944
43685,0.16202745
43686,0.29878464
43687,0.30639136
43688,0.27641577
43689,0.26790524
43690,0.16676205
43691,0.039331645
43692,0.20462263
43693,0.38665086
43694,0.29430357
43695,0.24380895
43696,0.09063452
43697,0.09471813
43698,0.14909151
43699,0.070787266
43700,0.19303942
43701,0.45516503
43702,0.16755675
43703,0.20145665
43704,0.1807545
43705,0.17484647
43706,0.23505366
43707,0.072889045
43708,0.36324665
43709,0.33126718
43710,0.42054325
43711,0.20147306
43712,0.05806864
43713,0.17742175
43714,0.73533106
43715,0.094966486
43716,0.26757315
43717,0.3866623
43718,0.12610054
43719,0.1283857
43720,0.25201294
43721,0.19989109
43722,0.18654068
43723,0.2864828
43724,0.13845184
43725,0.14890715
43726,0.4022009
43727,0.051056612
43728,0.09635431
43729,0.28918839
43730,0.20650162
43731,0.271436
43732,0.27939987
43733,0.050486747
43734,0.042268865
43735,0.20056763
43736,0.41838995
43737,0.17021957
43738,0.46773607
43739,0.39743268
43740,0.06856137
43741,0.032063134
43742,0.25739744
43743,0.10741748
43744,0.06316287
43745,0.059223153
43746,0.5421081
43747,0.2706992
43748,0.28100336
43749,0.08098958
43750,0.27269247
43751,0.12154306
43752,0.23443507
43753,0.3194836
43754,0.42633516
43755,0.16581868
43756,0.11928211
43757,0.20076966
43758,0.18063754
43759,0.12942341
43760,0.056686416
43761,0.101119615
43762,0.33357543
43763,0.1979079
43764,0.03891563
43765,0.3663875
43766,0.325146
43767,0.21752667
43768,0.8058591
43769,0.2625052
43770,0.293818
43771,0.150568
43772,0.09990777
43773,0.25885364
43774,0.17605679
43775,0.13058533
43776,0.1472747
43777,0.20729372
43778,0.29903933
43779,0.18673757
43780,0.12350195
43781,0.18109913
43782,0.17474943
43783,0.30021346
43784,0.12561254
43785,0.30623987
43786,0.21973921
43787,0.083265856
43788,0.05777683
43789,0.118642695
43790,0.13080853
43791,0.082422145
43792,0.034968026
43793,0.31870314
43794,0.35304332
43795,0.16183947
43796,0.39305937
43797,0.21407235
43798,0.54568136
43799,0.15211149
43800,0.08531817
43801,0.35054207
43802,0.030962422
43803,0.2834327
43804,0.14054427
43805,0.10308724
43806,0.054455332
43807,0.16890512
43808,0.20413981
43809,0.106178775
43810,0.01660871
43811,0.16251713
43812,0.100001715
43813,0.1530255
43814,0.25158092
43815,0.23811103
43816,0.26839298
43817,0.06803474
43818,0.35256755
43819,0.14711195
43820,0.29730138
43821,0.22235645
43822,0.20896606
43823,0.31879604
43824,0.10068759
43825,0.319129
43826,0.26101294
43827,0.5305276
43828,0.119098246
43829,0.30028468
43830,0.5180185
43831,0.3037104
43832,0.10768304
43833,0.1748523
43834,0.10484766
43835,0.21681502
43836,0.35880533
43837,0.26163754
43838,0.3992628
43839,0.07280632
43840,0.26271972
43841,0.19062856
43842,0.10075879
43843,0.2211428
43844,0.23496416
43845,0.086387485
43846,0.07946641
43847,0.14448512
43848,0.25581783
43849,0.22033398
43850,0.097657755
43851,0.49523446
43852,0.11498611
43853,0.26378846
43854,0.17185771
43855,0.40238953
43856,0.17199866
43857,0.25360757
43858,0.013844716
43859,0.19842897
43860,0.034595255
43861,0.1808367
43862,0.09818318
43863,0.061724193
43864,0.23450395
43865,0.018577633
43866,0.20443434
43867,0.20263562
43868,0.1827858
43869,0.4841587
43870,0.10798056
43871,0.056981564
43872,0.12865688
43873,0.09284556
43874,0.17579032
43875,0.3075079
43876,0.37193933
43877,0.21885237
43878,0.19710207
43879,0.2975526
43880,0.1654662
43881,0.3601614
43882,0.34151164
43883,0.21743622
43884,0.15461226
43885,0.23249461
43886,0.046764374
43887,0.11962139
43888,0.31454828
43889,0.20381156
43890,0.18850891
43891,0.103298746
43892,0.18887922
43893,0.19020198
43894,0.02741411
43895,0.1386396
43896,0.0595909
43897,0.43540108
43898,0.083987296
43899,0.20281558
43900,0.092492454
43901,0.09538474
43902,0.15914723
43903,0.13031419
43904,0.15359299
43905,0.21839027
43906,0.08985388
43907,0.26267275
43908,0.14175078
43909,0.07986749
43910,0.1617486
43911,0.085933596
43912,0.17692629
43913,0.085783534
43914,0.18436387
43915,0.44978547
43916,0.118585214
43917,0.22635765
43918,0.039215717
43919,0.33472463
43920,0.2439842
43921,0.3665947
43922,0.1323279
43923,0.10954311
43924,0.22961129
43925,0.11338175
43926,0.27233654
43927,0.069786556
43928,0.039508823
43929,0.13503946
43930,0.5627376
43931,0.088474914
43932,0.32145363
43933,0.028260939
43934,0.21933775
43935,0.37077415
43936,0.33527133
43937,0.34118772
43938,0.18590024
43939,0.4111664
43940,0.07002471
43941,0.30442673
43942,0.1317846
43943,0.09988963
43944,0.34329617
43945,0.31437945
43946,0.2069308
43947,0.21682067
43948,0.27364028
43949,0.06064961
43950,0.12154086
43951,0.07446568
43952,0.07821069
43953,0.22314662
43954,0.3875671
43955,0.07128036
43956,0.22494636
43957,0.30516598
43958,0.15321387
43959,0.21373017
43960,0.06390384
43961,0.38823366
43962,0.3171647
43963,0.12436836
43964,0.22783977
43965,0.2851208
43966,0.34233466
43967,0.19608243
43968,0.23180726
43969,0.12366558
43970,0.0998776
43971,0.057120595
43972,0.2388116
43973,0.6523826
43974,0.1561033
43975,0.1771037
43976,0.49533364
43977,0.19594853
43978,0.1081213
43979,0.28170276
43980,0.08922848
43981,0.27254573
43982,0.24515377
43983,0.16201776
43984,0.4978407
43985,0.40824038
43986,0.006729832
43987,0.2405274
43988,0.13807146
43989,0.27497736
43990,0.2919485
43991,0.38463664
43992,0.40278792
43993,0.17093234
43994,0.10603054
43995,0.051837802
43996,0.09509886
43997,0.24765036
43998,0.3367859
43999,0.14153817
44000,0.297356
44001,0.2718869
44002,0.33228382
44003,0.058659382
44004,0.16017585
44005,0.14168145
44006,0.1617655
44007,0.6718499
44008,0.4452409
44009,0.09408963
44010,0.11562094
44011,0.2574507
44012,0.2677652
44013,0.10146265
44014,0.17770374
44015,0.0732488
44016,0.06176352
44017,0.18362127
44018,0.33504745
44019,0.1605846
44020,0.7805401
44021,0.15877487
44022,0.06777843
44023,0.12730964
44024,0.14097898
44025,0.49151915
44026,0.11154769
44027,0.052023783
44028,0.3141307
44029,0.11594058
44030,0.052477483
44031,0.41177538
44032,0.27496588
44033,0.33630815
44034,0.07292621
44035,0.09670552
44036,0.062341794
44037,0.11210257
44038,0.20396696
44039,0.2204438
44040,0.06516777
44041,0.059677627
44042,0.4201812
44043,0.40523207
44044,0.1639692
44045,0.20611225
44046,0.1855566
44047,0.23142159
44048,0.06337032
44049,0.09218636
44050,0.15626454
44051,0.15376882
44052,0.20906997
44053,0.22432768
44054,0.37708965
44055,0.3839645
44056,0.10872151
44057,0.51475215
44058,0.27609247
44059,0.26221567
44060,0.095875636
44061,0.19067276
44062,0.039641462
44063,0.35174307
44064,0.13459392
44065,0.08570295
44066,0.14503203
44067,0.18645968
44068,0.0934725
44069,0.19595805
44070,0.33074242
44071,0.26013497
44072,0.06869923
44073,0.1502897
44074,0.107603535
44075,0.36034998
44076,0.19885287
44077,0.23170292
44078,0.56642336
44079,0.12777591
44080,0.12793303
44081,0.11180437
44082,0.3340669
44083,0.25980118
44084,0.27763695
44085,0.5009107
44086,0.20258506
44087,0.17174694
44088,0.10816784
44089,0.30407482
44090,0.10355483
44091,0.5989473
44092,0.2914197
44093,0.48302191
44094,0.40170467
44095,0.22951171
44096,0.12633097
44097,0.19333375
44098,0.44265342
44099,0.25015286
44100,0.44365183
44101,0.14471342
44102,0.17273624
44103,0.112838075
44104,0.100955635
44105,0.38276383
44106,0.12946133
44107,0.19330987
44108,0.04820294
44109,0.37225527
44110,0.5199264
44111,0.093166314
44112,0.55710953
44113,0.105965585
44114,0.64967954
44115,0.11215462
44116,0.3513281
44117,0.11345099
44118,0.21341553
44119,0.19017604
44120,0.356359
44121,0.13167676
44122,0.30320907
44123,0.20826575
44124,0.06502774
44125,0.021949569
44126,0.07056152
44127,0.31220058
44128,0.13808045
44129,0.11730244
44130,0.36075276
44131,0.13361382
44132,0.19355486
44133,0.13668464
44134,0.07054057
44135,0.37488922
44136,0.20107718
44137,0.3068182
44138,0.34548944
44139,0.25255552
44140,0.15596408
44141,0.09392353
44142,0.57843196
44143,0.172903
44144,0.17889394
44145,0.29745743
44146,0.25418058
44147,0.1138617
44148,0.24853869
44149,0.10515309
44150,0.093448244
44151,0.12476996
44152,0.1726518
44153,0.3834113
44154,0.33210492
44155,0.37539986
44156,0.29835954
44157,0.07872968
44158,0.29089364
44159,0.19956857
44160,0.593166
44161,0.14738958
44162,0.17611296
44163,0.18508147
44164,0.12537597
44165,0.3612642
44166,0.54691887
44167,0.24213058
44168,0.19736966
44169,0.06067953
44170,0.21130067
44171,0.3536311
44172,0.13928221
44173,0.08549679
44174,0.449623
44175,0.099596485
44176,0.49035305
44177,0.08916865
44178,0.17989124
44179,0.05568595
44180,0.2384352
44181,0.10924203
44182,0.2346859
44183,0.18877701
44184,0.29491645
44185,0.22347772
44186,0.03905692
44187,0.17008516
44188,0.45237926
44189,0.08500443
44190,0.11874139
44191,0.060772438
44192,0.045358278
44193,0.052007653
44194,0.24454975
44195,0.15558572
44196,0.16534275
44197,0.10049301
44198,0.44354582
44199,0.3368704
44200,0.2783893
44201,0.24716133
44202,0.13248715
44203,0.11108653
44204,0.3582323
44205,0.37572697
44206,0.18369031
44207,0.14460154
44208,0.1770056
44209,0.4508075
44210,0.41866562
44211,0.21189661
44212,0.24295814
44213,0.10615563
44214,0.57688993
44215,0.09793106
44216,0.038143042
44217,0.18810375
44218,0.05743703
44219,0.3993279
44220,0.12856923
44221,0.37585202
44222,0.05368491
44223,0.16060135
44224,0.14224665
44225,0.023110187
44226,0.29216883
44227,0.27248433
44228,0.30475098
44229,0.23168951
44230,0.19585644
44231,0.2491936
44232,0.2838644
44233,0.17663264
44234,0.061023396
44235,0.08871424
44236,0.07239784
44237,0.32493943
44238,0.34560218
44239,0.06419958
44240,0.104738735
44241,0.17107746
44242,0.25068125
44243,0.28747845
44244,0.582357
44245,0.29698178
44246,0.27097258
44247,0.28677872
44248,0.121606454
44249,0.23314418
44250,0.23377182
44251,0.06928554
44252,0.08596068
44253,0.29688662
44254,0.17963918
44255,0.1775978
44256,0.43456995
44257,0.30401906
44258,0.4986421
44259,0.5964998
44260,0.22142841
44261,0.46845466
44262,0.27687472
44263,0.4581046
44264,0.13980003
44265,0.40407577
44266,0.06019369
44267,0.2645486
44268,0.44503334
44269,0.15030882
44270,0.20194338
44271,0.053422812
44272,0.39519703
44273,0.13963622
44274,0.19308741
44275,0.039551493
44276,0.4381057
44277,0.12614039
44278,0.13680366
44279,0.2645558
44280,0.15268563
44281,0.121257804
44282,0.3383354
44283,0.3582384
44284,0.45992616
44285,0.07323356
44286,0.1287217
44287,0.09221318
44288,0.18400559
44289,0.45423064
44290,0.24047597
44291,0.58962077
44292,0.07382151
44293,0.12412585
44294,0.052229337
44295,0.2618987
44296,0.2178656
44297,0.1287887
44298,0.23604362
44299,0.25708842
44300,0.05102752
44301,0.22440329
44302,0.32969424
44303,0.2912869
44304,0.39970332
44305,0.1147331
44306,0.16918546
44307,0.32290524
44308,0.12751189
44309,0.3348864
44310,0.05138618
44311,0.23207015
44312,0.079647444
44313,0.38729548
44314,0.07174022
44315,0.18875906
44316,0.09893897
44317,0.025818484
44318,0.13136195
44319,0.068321094
44320,0.2365097
44321,0.15313335
44322,0.1575033
44323,0.16145323
44324,0.17227893
44325,0.14176862
44326,0.24846001
44327,0.1437407
44328,0.42243484
44329,0.1034332
44330,0.13420284
44331,0.34425548
44332,0.207086
44333,0.29780644
44334,0.3625672
44335,0.1160213
44336,0.19199333
44337,0.21776502
44338,0.12402379
44339,0.38919634
44340,0.20898955
44341,0.23929828
44342,0.3606007
44343,0.061971918
44344,0.32767782
44345,0.044499546
44346,0.13837804
44347,0.062986635
44348,0.08128544
44349,0.1655859
44350,0.20267966
44351,0.27285194
44352,0.080325596
44353,0.33772528
44354,0.30279168
44355,0.3036316
44356,0.022737117
44357,0.153546
44358,0.52575463
44359,0.06727791
44360,0.51469517
44361,0.05371037
44362,0.3779087
44363,0.22745733
44364,0.09255311
44365,0.35003847
44366,0.11456054
44367,0.16762266
44368,0.09300385
44369,0.40584344
44370,0.16667788
44371,0.07986272
44372,0.09826218
44373,0.24982893
44374,0.23993798
44375,0.30465356
44376,0.1885437
44377,0.17686297
44378,0.14000171
44379,0.12046987
44380,0.33389392
44381,0.5050907
44382,0.18801557
44383,0.15373608
44384,0.17115866
44385,0.26719493
44386,0.0113274595
44387,0.2714964
44388,0.14913093
44389,0.14093634
44390,0.45559904
44391,0.06738555
44392,0.29783267
44393,0.20531698
44394,0.40322387
44395,0.2760343
44396,0.30248883
44397,0.12425847
44398,0.33750552
44399,0.21226317
44400,0.099399604
44401,0.49829772
44402,0.4721951
44403,0.13883154
44404,0.18153775
44405,0.10322818
44406,0.116793275
44407,0.26855272
44408,0.42454374
44409,0.17513022
44410,0.16839121
44411,0.15064016
44412,0.5536256
44413,0.25705028
44414,0.4323421
44415,0.25472212
44416,0.29328164
44417,0.2853479
44418,0.28060123
44419,0.11358209
44420,0.2126001
44421,0.085897006
44422,0.04967074
44423,0.28539366
44424,0.2549631
44425,0.19365537
44426,0.06289109
44427,0.08754595
44428,0.20598663
44429,0.11078427
44430,0.043284845
44431,0.18044393
44432,0.29791114
44433,0.34084323
44434,0.11384728
44435,0.04342553
44436,0.40878323
44437,0.25272676
44438,0.118651666
44439,0.17501532
44440,0.28187382
44441,0.15008548
44442,0.20325938
44443,0.2668746
44444,0.08685021
44445,0.23120706
44446,0.088551454
44447,0.23153742
44448,0.16293311
44449,0.13651028
44450,0.44297126
44451,0.6496517
44452,0.028744861
44453,0.23564675
44454,0.2887442
44455,0.1643618
44456,0.15345666
44457,0.221575
44458,0.052248906
44459,0.36105597
44460,0.21903016
44461,0.1315885
44462,0.21597813
44463,0.14775953
44464,0.06411519
44465,0.4784535
44466,0.22660992
44467,0.466602
44468,0.008977704
44469,0.108969815
44470,0.35518113
44471,0.11824043
44472,0.3817634
44473,0.16950512
44474,0.15019736
44475,0.29899696
44476,0.40532196
44477,0.12726155
44478,0.18931031
44479,0.2615035
44480,0.23581529
44481,0.1538584
44482,0.313901
44483,0.26884964
44484,0.13314213
44485,0.03964809
44486,0.2142404
44487,0.04294367
44488,0.2508944
44489,0.31980863
44490,0.32907945
44491,0.15851815
44492,0.28340188
44493,0.268072
44494,0.12981036
44495,0.1365654
44496,0.10333475
44497,0.17684022
44498,0.09991021
44499,0.3984033
44500,0.2925243
44501,0.2976833
44502,0.04000887
44503,0.08426775
44504,0.25925907
44505,0.24888916
44506,0.25469866
44507,0.2472333
44508,0.29433694
44509,0.15680194
44510,0.2964464
44511,0.32717183
44512,0.14582253
44513,0.052467316
44514,0.17872602
44515,0.21192147
44516,0.13667606
44517,0.1311085
44518,0.2724104
44519,0.40098765
44520,0.104760915
44521,0.13277808
44522,0.22986911
44523,0.26432776
44524,0.12494001
44525,0.10012845
44526,0.53940356
44527,0.084306486
44528,0.19185543
44529,0.23643106
44530,0.44897434
44531,0.017931648
44532,0.08673309
44533,0.21895103
44534,0.12392306
44535,0.33764884
44536,0.29099303
44537,0.23549995
44538,0.24605155
44539,0.19798835
44540,0.2864384
44541,0.26681587
44542,0.21071284
44543,0.32392058
44544,0.14603916
44545,0.050101414
44546,0.18118711
44547,0.25120166
44548,0.29711092
44549,0.06999386
44550,0.18130083
44551,0.14529254
44552,0.3225626
44553,0.37053263
44554,0.09474287
44555,0.27918983
44556,0.20478784
44557,0.133191
44558,0.19364628
44559,0.13760726
44560,0.10033989
44561,0.23530486
44562,0.2627904
44563,0.15801586
44564,0.4751049
44565,0.5067672
44566,0.24508819
44567,0.05187977
44568,0.3644914
44569,0.03369482
44570,0.10148463
44571,0.083498575
44572,0.21700954
44573,0.07636481
44574,0.05100244
44575,0.08189141
44576,0.15967724
44577,0.25640652
44578,0.11470869
44579,0.10347998
44580,0.16056895
44581,0.16772322
44582,0.32917207
44583,0.13141732
44584,0.2013537
44585,0.31719524
44586,0.060498647
44587,0.1768162
44588,0.06881292
44589,0.18021214
44590,0.19777739
44591,0.074568175
44592,0.13819394
44593,0.14582956
44594,0.23006253
44595,0.13411646
44596,0.28811747
44597,0.098179884
44598,0.081619084
44599,0.18173216
44600,0.27105355
44601,0.45460933
44602,0.41470632
44603,0.35702926
44604,0.2330766
44605,0.24032947
44606,0.15282972
44607,0.124789014
44608,0.092496894
44609,0.22814205
44610,0.21736357
44611,0.27980095
44612,0.27115116
44613,0.12377386
44614,0.35590482
44615,0.2656701
44616,0.1786146
44617,0.1372359
44618,0.11184664
44619,0.15876038
44620,0.16945766
44621,0.22848788
44622,0.3073786
44623,0.22775681
44624,0.12609439
44625,0.11540054
44626,0.12557589
44627,0.21006875
44628,0.09525549
44629,0.050925594
44630,0.050441027
44631,0.06856215
44632,0.09193188
44633,0.31802917
44634,0.07237531
44635,0.31409502
44636,0.176476
44637,0.02739744
44638,0.047512513
44639,0.09443952
44640,0.5635179
44641,0.1125794
44642,0.20230769
44643,0.34271196
44644,0.46144924
44645,0.22311893
44646,0.061189823
44647,0.41299957
44648,0.11257292
44649,0.47901684
44650,0.052687872
44651,0.0075812833
44652,0.42578256
44653,0.090599656
44654,0.15101232
44655,0.22984964
44656,0.24029866
44657,0.054218628
44658,0.3360227
44659,0.0670171
44660,0.24118985
44661,0.081049986
44662,0.2880802
44663,0.49726677
44664,0.22993277
44665,0.19880696
44666,0.1253451
44667,0.21336211
44668,0.20157093
44669,0.48410627
44670,0.29067352
44671,0.20656475
44672,0.15345895
44673,0.13525271
44674,0.1706724
44675,0.049537294
44676,0.042118605
44677,0.20243686
44678,0.18616877
44679,0.17951648
44680,0.25740603
44681,0.07790101
44682,0.41333446
44683,0.12857984
44684,0.2818509
44685,0.1416135
44686,0.24552523
44687,0.15540601
44688,0.10083629
44689,0.32467288
44690,0.20158824
44691,0.17263031
44692,0.2892047
44693,0.113795735
44694,0.19848058
44695,0.14352085
44696,0.1104896
44697,0.18226047
44698,0.360327
44699,0.27837428
44700,0.45286882
44701,0.1329162
44702,0.025569882
44703,0.16067982
44704,0.2553952
44705,0.21250854
44706,0.12304368
44707,0.39994988
44708,0.2139444
44709,0.123079
44710,0.16121005
44711,0.16582268
44712,0.17668277
44713,0.5960115
44714,0.20017093
44715,0.23193376
44716,0.11901806
44717,0.33838
44718,0.13430971
44719,0.24084665
44720,0.13276416
44721,0.12315196
44722,0.20788041
44723,0.07850791
44724,0.24668363
44725,0.033955634
44726,0.23954841
44727,0.12955607
44728,0.27839005
44729,0.15278277
44730,0.0716603
44731,0.24699046
44732,0.107565254
44733,0.13068633
44734,0.14009221
44735,0.15382297
44736,0.4323718
44737,0.6061941
44738,0.081465594
44739,0.23172848
44740,0.24595131
44741,0.2966263
44742,0.20568883
44743,0.23139611
44744,0.34762862
44745,0.3407586
44746,0.07391636
44747,0.07497246
44748,0.27099836
44749,0.14334531
44750,0.062633485
44751,0.29706016
44752,0.21479042
44753,0.18007544
44754,0.18382293
44755,0.7590816
44756,0.122257195
44757,0.114374846
44758,0.71036416
44759,0.19684422
44760,0.3435082
44761,0.21480086
44762,0.11576853
44763,0.021785682
44764,0.31417117
44765,0.10920675
44766,0.2525747
44767,0.1691724
44768,0.10212243
44769,0.05351979
44770,0.25863412
44771,0.16446392
44772,0.049374964
44773,0.038117744
44774,0.14304791
44775,0.34329295
44776,0.20631266
44777,0.28044695
44778,0.1424883
44779,0.16308244
44780,0.037507605
44781,0.24057424
44782,0.22527893
44783,0.20056064
44784,0.1869816
44785,0.25282818
44786,0.34161294
44787,0.18975593
44788,0.16438358
44789,0.4802641
44790,0.19076683
44791,0.17353076
44792,0.17432605
44793,0.32930294
44794,0.042920582
44795,0.14499259
44796,0.2700184
44797,0.15969023
44798,0.036048524
44799,0.10585354
44800,0.20967436
44801,0.230945
44802,0.28196007
44803,0.15160704
44804,0.44267368
44805,0.2292787
44806,0.39441356
44807,0.30550173
44808,0.17030954
44809,0.1801875
44810,0.1778603
44811,0.1448813
44812,0.1884838
44813,0.0903325
44814,0.10542436
44815,0.11338906
44816,0.22059193
44817,0.029364632
44818,0.27395788
44819,0.12707174
44820,0.24758635
44821,0.190069
44822,0.33511287
44823,0.17684187
44824,0.20207222
44825,0.095924936
44826,0.2498512
44827,0.19659156
44828,0.14615722
44829,0.108540215
44830,0.24507038
44831,0.10534607
44832,0.28418946
44833,0.07871155
44834,0.15793088
44835,0.3423348
44836,0.15710077
44837,0.17453575
44838,0.1175
44839,0.10333998
44840,0.2351231
44841,0.33112347
44842,0.08361178
44843,0.3516098
44844,0.18905288
44845,0.12334166
44846,0.20933902
44847,0.09230545
44848,0.043448832
44849,0.27476087
44850,0.22834155
44851,0.21323189
44852,0.20666136
44853,0.06965067
44854,0.0825206
44855,0.1488793
44856,0.25896254
44857,0.2618211
44858,0.41011554
44859,0.06820685
44860,0.18355449
44861,0.14358082
44862,0.20097536
44863,0.2127724
44864,0.16829766
44865,0.14207862
44866,0.16995364
44867,0.08224293
44868,0.49353394
44869,0.6323596
44870,0.051304925
44871,0.07797814
44872,0.16945568
44873,0.27174786
44874,0.21180959
44875,0.15601264
44876,0.07137472
44877,0.344549
44878,0.21358176
44879,0.13897349
44880,0.080031924
44881,0.3049626
44882,0.21391493
44883,0.24117726
44884,0.13527983
44885,0.1774275
44886,0.26317382
44887,0.5357523
44888,0.45524275
44889,0.037651833
44890,0.2180719
44891,0.023171762
44892,0.088799626
44893,0.130504
44894,0.2599216
44895,0.06447844
44896,0.2639496
44897,0.06011249
44898,0.04474942
44899,0.35518426
44900,0.2574965
44901,0.2168071
44902,0.0827805
44903,0.47385293
44904,0.4849021
44905,0.54567677
44906,0.13763186
44907,0.10074443
44908,0.19429712
44909,0.20657249
44910,0.38110784
44911,0.268939
44912,0.113291614
44913,0.4734096
44914,0.09615587
44915,0.30124217
44916,0.115363374
44917,0.18916704
44918,0.34512252
44919,0.10718403
44920,0.16283345
44921,0.17170583
44922,0.1378921
44923,0.19262601
44924,0.12083053
44925,0.27172756
44926,0.05016516
44927,0.057439286
44928,0.12262878
44929,0.25852633
44930,0.106195614
44931,0.20873182
44932,0.13854447
44933,0.12814759
44934,0.35051814
44935,0.15200162
44936,0.47292578
44937,0.14275606
44938,0.38783866
44939,0.17470655
44940,0.19604513
44941,0.20339857
44942,0.46320698
44943,0.1712827
44944,0.3350429
44945,0.4466439
44946,0.29364747
44947,0.16695647
44948,0.22342934
44949,0.13718374
44950,0.3168222
44951,0.22890419
44952,0.07018742
44953,0.32101154
44954,0.19280635
44955,0.085842215
44956,0.09009714
44957,0.12596053
44958,0.3533301
44959,0.19676161
44960,0.21737899
44961,0.136323
44962,0.35422012
44963,0.29593575
44964,0.123967364
44965,0.1215519
44966,0.27950016
44967,0.058575973
44968,0.15181746
44969,0.30079386
44970,0.084419146
44971,0.26254353
44972,0.20463641
44973,0.02528583
44974,0.15340102
44975,0.31139305
44976,0.29588696
44977,0.062248856
44978,0.13018326
44979,0.3879169
44980,0.17993306
44981,0.33497277
44982,0.12465424
44983,0.18929614
44984,0.013438676
44985,0.07360464
44986,0.15074152
44987,0.11106405
44988,0.18531017
44989,0.22926867
44990,0.06254421
44991,0.30890825
44992,0.1201418
44993,0.10428501
44994,0.14720656
44995,0.11908562
44996,0.34517416
44997,0.08026672
44998,0.11777603
44999,0.12146953
45000,0.1689458
45001,0.032748837
45002,0.43167984
45003,0.34670162
45004,0.15447715
45005,0.26183587
45006,0.10070139
45007,0.10159693
45008,0.19183005
45009,0.26369485
45010,0.31479397
45011,0.22421719
45012,0.14780654
45013,0.26646408
45014,0.3216553
45015,0.2935873
45016,0.16354683
45017,0.06983733
45018,0.1402543
45019,0.10752306
45020,0.1327037
45021,0.09846829
45022,0.19658837
45023,0.29654106
45024,0.21647824
45025,0.322846
45026,0.25350896
45027,0.30330175
45028,0.16126293
45029,0.15761817
45030,0.028541053
45031,0.29836005
45032,0.27887684
45033,0.117363624
45034,0.400231
45035,0.262564
45036,0.06381776
45037,0.1297738
45038,0.19986625
45039,0.35501003
45040,0.1401415
45041,0.18432344
45042,0.33816868
45043,0.2550851
45044,0.067467794
45045,0.45053545
45046,0.14534217
45047,0.34517148
45048,0.13058923
45049,0.25665554
45050,0.16048172
45051,0.28537878
45052,0.19362538
45053,0.11616328
45054,0.1565808
45055,0.2254442
45056,0.034201454
45057,0.33444446
45058,0.32555985
45059,0.34276265
45060,0.05542007
45061,0.37866917
45062,0.29449534
45063,0.16890073
45064,0.1173676
45065,0.24119572
45066,0.3230508
45067,0.121741205
45068,0.18415006
45069,0.266988
45070,0.2122376
45071,0.35346946
45072,0.12922421
45073,0.11718196
45074,0.17243198
45075,0.15057735
45076,0.11881986
45077,0.07125706
45078,0.17053066
45079,0.17474051
45080,0.03644963
45081,0.2733096
45082,0.085006945
45083,0.1304834
45084,0.23420268
45085,0.075147234
45086,0.12572767
45087,0.061810765
45088,0.12057612
45089,0.1500968
45090,0.100509025
45091,0.14814956
45092,0.15305059
45093,0.3292601
45094,0.1230039
45095,0.17090368
45096,0.34792185
45097,0.07113942
45098,0.62615806
45099,0.051415898
45100,0.26313955
45101,0.07068043
45102,0.1726186
45103,0.6655931
45104,0.121623665
45105,0.08825515
45106,0.16038251
45107,0.28753278
45108,0.24471311
45109,0.22063017
45110,0.29699942
45111,0.2169011
45112,0.08027744
45113,0.26192033
45114,0.24081673
45115,0.10249139
45116,0.24770427
45117,0.06461371
45118,0.21852331
45119,0.28493398
45120,0.110960044
45121,0.02312453
45122,0.096983075
45123,0.4242044
45124,0.2517782
45125,0.10282545
45126,0.08974058
45127,0.03369899
45128,0.01866469
45129,0.21347561
45130,0.05875862
45131,0.2519995
45132,0.17110935
45133,0.1920091
45134,0.4139891
45135,0.42015734
45136,0.08499775
45137,0.12473301
45138,0.26390594
45139,0.045644235
45140,0.06902066
45141,0.3434277
45142,0.06651034
45143,0.057686288
45144,0.096180774
45145,0.26602665
45146,0.24332234
45147,0.29361
45148,0.20006695
45149,0.19293705
45150,0.30108982
45151,0.37402087
45152,0.29430184
45153,0.11695853
45154,0.22669327
45155,0.29536855
45156,0.11823072
45157,0.16196077
45158,0.31853417
45159,0.37463626
45160,0.148565
45161,0.31456107
45162,0.28167415
45163,0.3363698
45164,0.28586528
45165,0.41314864
45166,0.14037295
45167,0.1472908
45168,0.21520685
45169,0.38276044
45170,0.073918656
45171,0.32396236
45172,0.07063965
45173,0.14612418
45174,0.1323124
45175,0.19063707
45176,0.045735963
45177,0.32466298
45178,0.28272808
45179,0.15714332
45180,0.16456853
45181,0.26170212
45182,0.06922983
45183,0.09293525
45184,0.058179494
45185,0.1296022
45186,0.66326296
45187,0.26243928
45188,0.09076032
45189,0.24140188
45190,0.35023838
45191,0.10517467
45192,0.34115553
45193,0.1397839
45194,0.17904727
45195,0.102989756
45196,0.031157985
45197,0.26816696
45198,0.12367847
45199,0.24644752
45200,0.18313438
45201,0.28841048
45202,0.53621966
45203,0.07860613
45204,0.37892327
45205,0.09834384
45206,0.1680304
45207,0.075743385
45208,0.12915331
45209,0.19118892
45210,0.059561517
45211,0.05165004
45212,0.3733644
45213,0.13892528
45214,0.043675546
45215,0.19454823
45216,0.36846557
45217,0.21008632
45218,0.089287944
45219,0.23737654
45220,0.32021353
45221,0.4432542
45222,0.43698955
45223,0.16139781
45224,0.11592438
45225,0.48964682
45226,0.4226314
45227,0.0686643
45228,0.16223916
45229,0.18052147
45230,0.22673094
45231,0.16436332
45232,0.15354548
45233,0.35761645
45234,0.1417359
45235,0.035051797
45236,0.5296353
45237,0.23102123
45238,0.38035327
45239,0.22539668
45240,0.18325119
45241,0.26662847
45242,0.07175003
45243,0.26881924
45244,0.255273
45245,0.10187909
45246,0.4010142
45247,0.23292315
45248,0.18869004
45249,0.28564742
45250,0.18222588
45251,0.10766703
45252,0.055840205
45253,0.19085768
45254,0.12186958
45255,0.19752564
45256,0.11752497
45257,0.21843085
45258,0.25457004
45259,0.21207727
45260,0.19555606
45261,0.45877525
45262,0.120497584
45263,0.17251307
45264,0.55027026
45265,0.07982118
45266,0.076222345
45267,0.12115789
45268,0.2032071
45269,0.20150605
45270,0.15791756
45271,0.16885658
45272,0.10495017
45273,0.30782354
45274,0.1517646
45275,0.19443288
45276,0.57484925
45277,0.24234796
45278,0.032696337
45279,0.06198556
45280,0.12451518
45281,0.30745077
45282,0.21876153
45283,0.17749602
45284,0.25285718
45285,0.2037557
45286,0.23241115
45287,0.12245535
45288,0.31454346
45289,0.27602252
45290,0.47145224
45291,0.41447732
45292,0.1417449
45293,0.11916793
45294,0.29250205
45295,0.110616915
45296,0.59302104
45297,0.28771463
45298,0.15151046
45299,0.12412086
45300,0.36560717
45301,0.077603064
45302,0.36710238
45303,0.16889603
45304,0.11349095
45305,0.1329348
45306,0.38588554
45307,0.19435705
45308,0.040533476
45309,0.3164883
45310,0.18042155
45311,0.13982247
45312,0.15422727
45313,0.43720114
45314,0.10187145
45315,0.21509998
45316,0.14707328
45317,0.2866912
45318,0.13615604
45319,0.16906083
45320,0.20469357
45321,0.122512154
45322,0.12802695
45323,0.49280167
45324,0.09654108
45325,0.2693645
45326,0.23829508
45327,0.64706135
45328,0.21871659
45329,0.1505668
45330,0.76917523
45331,0.18978952
45332,0.52460855
45333,0.11961203
45334,0.3546619
45335,0.08158219
45336,0.11401531
45337,0.10787446
45338,0.11523981
45339,0.1746722
45340,0.36989093
45341,0.287233
45342,0.22199404
45343,0.1826873
45344,0.23560493
45345,0.12963867
45346,0.02449846
45347,0.41725388
45348,0.21220629
45349,0.08134525
45350,0.19310062
45351,0.059067644
45352,0.22821146
45353,0.25594476
45354,0.14430694
45355,0.01660729
45356,0.4993026
45357,0.12556183
45358,0.17995958
45359,0.29005003
45360,0.10419697
45361,0.13016658
45362,0.4316855
45363,0.19304806
45364,0.11111629
45365,0.03110512
45366,0.25061765
45367,0.2687097
45368,0.30914873
45369,0.17481712
45370,0.3054849
45371,0.10485281
45372,0.18139608
45373,0.20884515
45374,0.18737735
45375,0.40959513
45376,0.18774883
45377,0.18846305
45378,0.15383467
45379,0.14458802
45380,0.32192013
45381,0.13956583
45382,0.19130965
45383,0.17585714
45384,0.26264966
45385,0.16951528
45386,0.21711625
45387,0.13153425
45388,0.064317346
45389,0.28178373
45390,0.31501612
45391,0.18872915
45392,0.30993217
45393,0.11255711
45394,0.0794631
45395,0.10103046
45396,0.117262445
45397,0.13044147
45398,0.35686716
45399,0.40096056
45400,0.17048484
45401,0.11353253
45402,0.05653034
45403,0.15769073
45404,0.19094239
45405,0.09484276
45406,0.3439251
45407,0.675941
45408,0.06807664
45409,0.14501007
45410,0.5179188
45411,0.12713084
45412,0.10011144
45413,0.40134934
45414,0.10592092
45415,0.06419633
45416,0.05905687
45417,0.08444452
45418,0.020699417
45419,0.23818617
45420,0.24124455
45421,0.4572192
45422,0.09116205
45423,0.124644935
45424,0.27354613
45425,0.06992072
45426,0.182476
45427,0.4096112
45428,0.15042365
45429,0.32192174
45430,0.4736749
45431,0.087009326
45432,0.29443133
45433,0.48731357
45434,0.15929396
45435,0.08410685
45436,0.07182399
45437,0.2377678
45438,0.07175755
45439,0.05320922
45440,0.14708002
45441,0.5837328
45442,0.13312207
45443,0.19244778
45444,0.4942149
45445,0.37661034
45446,0.3455475
45447,0.34669137
45448,0.053679883
45449,0.11360611
45450,0.08557489
45451,0.17960438
45452,0.18879187
45453,0.18286091
45454,0.33080515
45455,0.14626864
45456,0.40037316
45457,0.18447731
45458,0.08473955
45459,0.12953328
45460,0.15413056
45461,0.24452622
45462,0.17615779
45463,0.17892136
45464,0.13035396
45465,0.096317865
45466,0.13961859
45467,0.18615355
45468,0.16458553
45469,0.078734
45470,0.21147522
45471,0.15723425
45472,0.12292482
45473,0.11699814
45474,0.27048686
45475,0.28515133
45476,0.13973361
45477,0.43382394
45478,0.46611923
45479,0.061691944
45480,0.11587679
45481,0.09798115
45482,0.26558435
45483,0.28708345
45484,0.2873239
45485,0.23452714
45486,0.14238782
45487,0.28574854
45488,0.2944229
45489,0.05700141
45490,0.23523936
45491,0.12153471
45492,0.31322077
45493,0.40158278
45494,0.18243259
45495,0.15101735
45496,0.08077007
45497,0.44880486
45498,0.29214567
45499,0.08616885
45500,0.5846331
45501,0.2291064
45502,0.09926721
45503,0.07687924
45504,0.15450917
45505,0.23530558
45506,0.08414622
45507,0.2010237
45508,0.2171413
45509,0.14541516
45510,0.009939914
45511,0.34317452
45512,0.31780714
45513,0.14818296
45514,0.36356172
45515,0.21284145
45516,0.3864215
45517,0.047122817
45518,0.29427168
45519,0.25672865
45520,0.16196732
45521,0.21093309
45522,0.14354075
45523,0.12781055
45524,0.080572955
45525,0.19465363
45526,0.16913942
45527,0.23375024
45528,0.2851303
45529,0.18968667
45530,0.063131444
45531,0.20387453
45532,0.3282643
45533,0.23282789
45534,0.14689845
45535,0.2257464
45536,0.1743833
45537,0.5984059
45538,0.21695665
45539,0.37067544
45540,0.13065022
45541,0.13057318
45542,0.038569182
45543,0.13146247
45544,0.26481763
45545,0.13486552
45546,0.1073615
45547,0.22714199
45548,0.10618783
45549,0.067822725
45550,0.21987177
45551,0.074880876
45552,0.28539038
45553,0.22805259
45554,0.17755646
45555,0.25266612
45556,0.07671215
45557,0.057428006
45558,0.15270111
45559,0.20529673
45560,0.08031233
45561,0.050103594
45562,0.2333194
45563,0.15015389
45564,0.13432612
45565,0.36961952
45566,0.29881495
45567,0.07464174
45568,0.65758365
45569,0.20452331
45570,0.2107626
45571,0.21208735
45572,0.194945
45573,0.122001
45574,0.16539784
45575,0.57099956
45576,0.15816595
45577,0.05023405
45578,0.15515274
45579,0.28691936
45580,0.17759411
45581,0.23888949
45582,0.089316525
45583,0.17734113
45584,0.13357852
45585,0.100751035
45586,0.33394194
45587,0.08676856
45588,0.12771147
45589,0.16661131
45590,0.044929117
45591,0.15336303
45592,0.21359102
45593,0.19650175
45594,0.13590539
45595,0.2468182
45596,0.40288585
45597,0.23817724
45598,0.40851432
45599,0.060443465
45600,0.16193597
45601,0.06034525
45602,0.30035952
45603,0.43617028
45604,0.34186608
45605,0.52624816
45606,0.043457918
45607,0.11843333
45608,0.27290425
45609,0.18123004
45610,0.22671914
45611,0.2822253
45612,0.31418118
45613,0.5555727
45614,0.40758944
45615,0.14335245
45616,0.15546665
45617,0.23733461
45618,0.22294232
45619,0.15723376
45620,0.19006015
45621,0.24517202
45622,0.0872984
45623,0.2972947
45624,0.19733575
45625,0.3680792
45626,0.07905356
45627,0.23952335
45628,0.09028656
45629,0.12546803
45630,0.256983
45631,0.29030198
45632,0.16787279
45633,0.17686701
45634,0.32646605
45635,0.05326914
45636,0.0766609
45637,0.04632564
45638,0.28461686
45639,0.16213295
45640,0.07933057
45641,0.05077184
45642,0.102798425
45643,0.089299776
45644,0.128187
45645,0.27767998
45646,0.036040053
45647,0.31750596
45648,0.3027137
45649,0.44914573
45650,0.2987084
45651,0.23495042
45652,0.24875301
45653,0.32249036
45654,0.27711764
45655,0.20119645
45656,0.12883782
45657,0.2962562
45658,0.021741375
45659,0.3015932
45660,0.1439015
45661,0.261116
45662,0.27121213
45663,0.18039945
45664,0.1961743
45665,0.16492946
45666,0.20121755
45667,0.27383128
45668,0.29212925
45669,0.19666794
45670,0.18759869
45671,0.17096683
45672,0.12555419
45673,0.14237083
45674,0.16913426
45675,0.2399118
45676,0.24157326
45677,0.4378751
45678,0.44917744
45679,0.28579164
45680,0.2890892
45681,0.121251896
45682,0.066303045
45683,0.29190388
45684,0.011695237
45685,0.11389502
45686,0.74910504
45687,0.52201617
45688,0.20011763
45689,0.25324544
45690,0.16590317
45691,0.025610922
45692,0.15934545
45693,0.093686305
45694,0.41119358
45695,0.19023107
45696,0.0630671
45697,0.33714634
45698,0.1519039
45699,0.22538397
45700,0.15012474
45701,0.51786333
45702,0.5887482
45703,0.36520982
45704,0.543206
45705,0.26107755
45706,0.13569736
45707,0.062353093
45708,0.23337546
45709,0.11637616
45710,0.05882324
45711,0.056196146
45712,0.12382496
45713,0.1932786
45714,0.292975
45715,0.34252918
45716,0.506
45717,0.11971223
45718,0.12226873
45719,0.16736211
45720,0.21270253
45721,0.26346934
45722,0.29079336
45723,0.14503695
45724,0.14383702
45725,0.35077503
45726,0.012337669
45727,0.17891021
45728,0.051495105
45729,0.18441136
45730,0.11074101
45731,0.10013585
45732,0.44241595
45733,0.070849076
45734,0.39899105
45735,0.22402
45736,0.4915181
45737,0.36582768
45738,0.107104905
45739,0.3467175
45740,0.27454427
45741,0.18164347
45742,0.38919342
45743,0.19329059
45744,0.30446556
45745,0.10844327
45746,0.17344813
45747,0.68399066
45748,0.14073758
45749,0.10823476
45750,0.14070588
45751,0.20048039
45752,0.14297345
45753,0.5144728
45754,0.0498478
45755,0.659761
45756,0.40229207
45757,0.5635511
45758,0.31211254
45759,0.16508238
45760,0.049198564
45761,0.07072212
45762,0.24676882
45763,0.29761434
45764,0.03797222
45765,0.23184282
45766,0.39127725
45767,0.13958538
45768,0.20957778
45769,0.24257779
45770,0.15225527
45771,0.122290306
45772,0.1287678
45773,0.34764782
45774,0.12339065
45775,0.31133536
45776,0.13400435
45777,0.449702
45778,0.56249547
45779,0.12610833
45780,0.10371163
45781,0.056336153
45782,0.2372302
45783,0.04774024
45784,0.10467996
45785,0.19864193
45786,0.03965794
45787,0.085802086
45788,0.1825863
45789,0.29562223
45790,0.05640871
45791,0.2584713
45792,0.09419541
45793,0.08438493
45794,0.14255536
45795,0.19985552
45796,0.098765545
45797,0.09141661
45798,0.067602165
45799,0.10765251
45800,0.29269412
45801,0.15095308
45802,0.12806268
45803,0.023151463
45804,0.1614727
45805,0.1450022
45806,0.27728024
45807,0.07738508
45808,0.08055886
45809,0.06365858
45810,0.10744505
45811,0.14667442
45812,0.22153598
45813,0.4909583
45814,0.28610867
45815,0.12868059
45816,0.12669659
45817,0.14541668
45818,0.13137448
45819,0.09106609
45820,0.099075094
45821,0.41933423
45822,0.19243152
45823,0.12334994
45824,0.15972948
45825,0.17117883
45826,0.2340742
45827,0.36167166
45828,0.11008807
45829,0.19864747
45830,0.3718792
45831,0.062622845
45832,0.1612137
45833,0.0069677928
45834,0.1888889
45835,0.069965035
45836,0.092221186
45837,0.057892438
45838,0.37312618
45839,0.3067821
45840,0.2922409
45841,0.0764884
45842,0.1554145
45843,0.31977406
45844,0.062243085
45845,0.1263039
45846,0.3542712
45847,0.03811362
45848,0.38389805
45849,0.013409891
45850,0.063629225
45851,0.19923799
45852,0.3212882
45853,0.32143667
45854,0.048474323
45855,0.44826505
45856,0.097988985
45857,0.29931304
45858,0.1951809
45859,0.11256308
45860,0.07877964
45861,0.1733642
45862,0.3686627
45863,0.4728378
45864,0.39431697
45865,0.12745476
45866,0.106424026
45867,0.036484286
45868,0.31298646
45869,0.33404836
45870,0.38095155
45871,0.28287718
45872,0.23463722
45873,0.27410212
45874,0.3612831
45875,0.0969063
45876,0.053889014
45877,0.3461173
45878,0.54188174
45879,0.6851432
45880,0.31551287
45881,0.2495632
45882,0.12269787
45883,0.029311592
45884,0.33975506
45885,0.104383804
45886,0.22766227
45887,0.20725222
45888,0.14955059
45889,0.15136573
45890,0.16462822
45891,0.24776754
45892,0.42611736
45893,0.39440003
45894,0.14162736
45895,0.19295849
45896,0.06696073
45897,0.06624051
45898,0.19948214
45899,0.13058451
45900,0.5351193
45901,0.15294528
45902,0.34624386
45903,0.086063035
45904,0.2515364
45905,0.09490491
45906,0.0748271
45907,0.07087378
45908,0.21780944
45909,0.21623588
45910,0.3093143
45911,0.2772278
45912,0.14044894
45913,0.29003924
45914,0.16815844
45915,0.08369351
45916,0.17620929
45917,0.26751897
45918,0.30767587
45919,0.09866926
45920,0.16652517
45921,0.6303511
45922,0.18036276
45923,0.39512128
45924,0.24141838
45925,0.08223285
45926,0.25935248
45927,0.2879057
45928,0.10630891
45929,0.27651203
45930,0.18122622
45931,0.30902806
45932,0.062324747
45933,0.3565075
45934,0.2005864
45935,0.2553769
45936,0.28328586
45937,0.25299406
45938,0.31798944
45939,0.39608857
45940,0.09377718
45941,0.16013643
45942,0.546986
45943,0.19541365
45944,0.23411196
45945,0.047096703
45946,0.5150073
45947,0.30296686
45948,0.04420173
45949,0.25071728
45950,0.17855784
45951,0.11572136
45952,0.2170333
45953,0.5505495
45954,0.2659117
45955,0.2129451
45956,0.11025783
45957,0.18510067
45958,0.1676249
45959,0.09959408
45960,0.21551937
45961,0.23220356
45962,0.036739536
45963,0.44645438
45964,0.13873924
45965,0.1771815
45966,0.30163184
45967,0.3926051
45968,0.017959666
45969,0.07399109
45970,0.14117837
45971,0.11868395
45972,0.31199485
45973,0.19834085
45974,0.10295513
45975,0.18266256
45976,0.2904702
45977,0.19512036
45978,0.12983088
45979,0.4121136
45980,0.076663025
45981,0.23359464
45982,0.31313694
45983,0.27650535
45984,0.5574401
45985,0.4870764
45986,0.2933713
45987,0.4365368
45988,0.049537316
45989,0.52605355
45990,0.016170645
45991,0.32704985
45992,0.5088322
45993,0.5034002
45994,0.07946212
45995,0.022577928
45996,0.3523419
45997,0.10058101
45998,0.15867817
45999,0.34164405
46000,0.07849728
46001,0.04345107
46002,0.27242807
46003,0.1093151
46004,0.28490046
46005,0.1952769
46006,0.12848075
46007,0.040979177
46008,0.1916859
46009,0.148991
46010,0.07293053
46011,0.20805146
46012,0.2845428
46013,0.21785954
46014,0.49089298
46015,0.13042556
46016,0.09068992
46017,0.18229687
46018,0.11743958
46019,0.08988096
46020,0.09067058
46021,0.13174199
46022,0.37662378
46023,0.11436252
46024,0.13305457
46025,0.19484422
46026,0.18460612
46027,0.06292101
46028,0.89153785
46029,0.28162834
46030,0.08121859
46031,0.79658616
46032,0.16273428
46033,0.09205043
46034,0.33644098
46035,0.19246504
46036,0.23077682
46037,0.3283228
46038,0.043775596
46039,0.10175163
46040,0.08460828
46041,0.344909
46042,0.122559175
46043,0.073831566
46044,0.33188328
46045,0.2777397
46046,0.13810351
46047,0.28581265
46048,0.22408937
46049,0.15402831
46050,0.29609174
46051,0.11537736
46052,0.4429356
46053,0.27136704
46054,0.08112998
46055,0.08971334
46056,0.07111612
46057,0.0692589
46058,0.08670875
46059,0.16090764
46060,0.30121762
46061,0.20784408
46062,0.20040943
46063,0.21437532
46064,0.092290744
46065,0.17012021
46066,0.5474344
46067,0.056253925
46068,0.1712529
46069,0.04148271
46070,0.29132676
46071,0.105359375
46072,0.14444189
46073,0.30232936
46074,0.30325267
46075,0.046298504
46076,0.24677047
46077,0.13421066
46078,0.12357379
46079,0.08526317
46080,0.16645434
46081,0.34972063
46082,0.1583516
46083,0.08317705
46084,0.08575286
46085,0.022434777
46086,0.58948106
46087,0.32102382
46088,0.124844015
46089,0.11962143
46090,0.10390536
46091,0.2073533
46092,0.09740015
46093,0.31346318
46094,0.24144337
46095,0.14765085
46096,0.22894117
46097,0.051250294
46098,0.2508001
46099,0.11315061
46100,0.16105776
46101,0.12420634
46102,0.20685975
46103,0.16966268
46104,0.07864093
46105,0.070844255
46106,0.35968062
46107,0.14267279
46108,0.2970952
46109,0.14238903
46110,0.27210766
46111,0.15196916
46112,0.27906603
46113,0.22654064
46114,0.36439145
46115,0.09193266
46116,0.03811311
46117,0.29345974
46118,0.18260047
46119,0.17359859
46120,0.35602415
46121,0.44835457
46122,0.13229713
46123,0.04389642
46124,0.39200222
46125,0.50026184
46126,0.25637147
46127,0.3854182
46128,0.1811442
46129,0.05771854
46130,0.24923792
46131,0.21889257
46132,0.056565236
46133,0.096397474
46134,0.32180592
46135,0.31012747
46136,0.25099906
46137,0.17240997
46138,0.07541823
46139,0.17972921
46140,0.12526828
46141,0.2651716
46142,0.09790407
46143,0.24085617
46144,0.19817416
46145,0.118956946
46146,0.15976226
46147,0.48373598
46148,0.23001878
46149,0.2016539
46150,0.30727342
46151,0.3732678
46152,0.10212679
46153,0.05288707
46154,0.15444674
46155,0.14470148
46156,0.30855665
46157,0.16672167
46158,0.6464495
46159,0.16384959
46160,0.03261754
46161,0.10661581
46162,0.12159707
46163,0.40065667
46164,0.30725858
46165,0.24236457
46166,0.11294829
46167,0.28288785
46168,0.047687907
46169,0.44388574
46170,0.11914017
46171,0.25697646
46172,0.12735498
46173,0.44928023
46174,0.16566288
46175,0.17001404
46176,0.05519885
46177,0.27526644
46178,0.23732781
46179,0.4566105
46180,0.075841956
46181,0.121127464
46182,0.15768467
46183,0.17565571
46184,0.2272674
46185,0.07019429
46186,0.34827393
46187,0.2390247
46188,0.10387066
46189,0.07768439
46190,0.10409066
46191,0.3266465
46192,0.24694502
46193,0.27569675
46194,0.15183294
46195,0.2565894
46196,0.08324884
46197,0.058738396
46198,0.18569681
46199,0.10126578
46200,0.28760654
46201,0.28999233
46202,0.14488144
46203,0.40200672
46204,0.22996773
46205,0.07494617
46206,0.2040769
46207,0.43737465
46208,0.49698737
46209,0.17451055
46210,0.12584947
46211,0.10371615
46212,0.106563725
46213,0.2167762
46214,0.17547776
46215,0.15815157
46216,0.028606052
46217,0.09357314
46218,0.23395944
46219,0.10434117
46220,0.5941007
46221,0.35494834
46222,0.19716111
46223,0.31954494
46224,0.32027102
46225,0.11337687
46226,0.24459787
46227,0.32015917
46228,0.14151652
46229,0.39527568
46230,0.07688876
46231,0.04255925
46232,0.34422362
46233,0.17293985
46234,0.07399413
46235,0.31103438
46236,0.1726682
46237,0.06272281
46238,0.12247997
46239,0.031136228
46240,0.27616706
46241,0.083706364
46242,0.2224569
46243,0.051793873
46244,0.20764942
46245,0.052078012
46246,0.3046684
46247,0.18979374
46248,0.27423522
46249,0.3724102
46250,0.14798923
46251,0.13768168
46252,0.15365916
46253,0.18270645
46254,0.080367826
46255,0.3108635
46256,0.06855619
46257,0.26582313
46258,0.2837435
46259,0.27610838
46260,0.2415638
46261,0.5847793
46262,0.081290394
46263,0.15659715
46264,0.43218276
46265,0.16490711
46266,0.1194513
46267,0.05769405
46268,0.12969582
46269,0.116134696
46270,0.24625683
46271,0.3248548
46272,0.3307003
46273,0.110781215
46274,0.100155115
46275,0.071090594
46276,0.108759634
46277,0.19677813
46278,0.03051167
46279,0.07562195
46280,0.25626007
46281,0.039939143
46282,0.39613143
46283,0.28816116
46284,0.11359383
46285,0.16626735
46286,0.19152477
46287,0.31220245
46288,0.15823594
46289,0.23556206
46290,0.2918251
46291,0.18651354
46292,0.18677147
46293,0.20494154
46294,0.19261014
46295,0.10660868
46296,0.2174698
46297,0.20645726
46298,0.47169846
46299,0.29332396
46300,0.20908694
46301,0.32390895
46302,0.30467173
46303,0.42246643
46304,0.13746373
46305,0.3784078
46306,0.28741553
46307,0.2832573
46308,0.2631369
46309,0.5698774
46310,0.15646443
46311,0.4267823
46312,0.15714066
46313,0.42003658
46314,0.29120374
46315,0.05756434
46316,0.27461153
46317,0.3968459
46318,0.0860212
46319,0.17934847
46320,0.3690817
46321,0.19728582
46322,0.1415584
46323,0.5368891
46324,0.26024902
46325,0.55795574
46326,0.23526311
46327,0.24500524
46328,0.32488748
46329,0.59115034
46330,0.1724301
46331,0.08790214
46332,0.45862687
46333,0.40584657
46334,0.013242235
46335,0.14783996
46336,0.13096882
46337,0.20558298
46338,0.3190248
46339,0.19578268
46340,0.55347896
46341,0.33475858
46342,0.4096157
46343,0.14043123
46344,0.36070758
46345,0.26156625
46346,0.30648246
46347,0.096695505
46348,0.118455455
46349,0.07498732
46350,0.1540237
46351,0.2476966
46352,0.19362742
46353,0.10062281
46354,0.19053616
46355,0.27615
46356,0.1571664
46357,0.32009128
46358,0.21658045
46359,0.109794766
46360,0.420601
46361,0.3253533
46362,0.33791447
46363,0.23888491
46364,0.07503455
46365,0.203931
46366,0.19989203
46367,0.059824564
46368,0.2835714
46369,0.24595243
46370,0.29946187
46371,0.099859685
46372,0.15570208
46373,0.44419226
46374,0.36338043
46375,0.22978653
46376,0.19599277
46377,0.14331874
46378,0.46289372
46379,0.1302512
46380,0.1287415
46381,0.13686325
46382,0.19240119
46383,0.21151355
46384,0.21361461
46385,0.11646636
46386,0.10165498
46387,0.09048394
46388,0.19699825
46389,0.040325716
46390,0.3868536
46391,0.010931774
46392,0.113518395
46393,0.12257872
46394,0.25626594
46395,0.058731157
46396,0.08859685
46397,0.20306258
46398,0.24250907
46399,0.3121644
46400,0.09924693
46401,0.05960811
46402,0.06978541
46403,0.22469051
46404,0.2720403
46405,0.05214853
46406,0.260699
46407,0.14012904
46408,0.07804898
46409,0.07513895
46410,0.48118043
46411,0.22028796
46412,0.2911308
46413,0.13702776
46414,0.24684684
46415,0.34117573
46416,0.18916395
46417,0.29203808
46418,0.2730199
46419,0.22851442
46420,0.09316912
46421,0.23404774
46422,0.46832272
46423,0.14995456
46424,0.26157597
46425,0.19559953
46426,0.11968088
46427,0.12269277
46428,0.15144089
46429,0.072723836
46430,0.10672323
46431,0.23220304
46432,0.27404118
46433,0.34640062
46434,0.15966304
46435,0.09219147
46436,0.11663431
46437,0.11916553
46438,0.26033044
46439,0.07866946
46440,0.20454216
46441,0.072067775
46442,0.18869823
46443,0.031046929
46444,0.21158338
46445,0.20203379
46446,0.33418864
46447,0.141046
46448,0.36588904
46449,0.48152056
46450,0.048893154
46451,0.21550639
46452,0.077989966
46453,0.27441052
46454,0.06645285
46455,0.017415006
46456,0.118724406
46457,0.28829515
46458,0.3345376
46459,0.3552787
46460,0.92348295
46461,0.19729699
46462,0.073207125
46463,0.14155602
46464,0.20455381
46465,0.115676194
46466,0.18405524
46467,0.3017252
46468,0.24041075
46469,0.090459146
46470,0.4412842
46471,0.12245211
46472,0.20298316
46473,0.100994356
46474,0.17862481
46475,0.319941
46476,0.17744088
46477,0.15523061
46478,0.23310143
46479,0.069263786
46480,0.124827355
46481,0.34114105
46482,0.3039506
46483,0.23574069
46484,0.116111085
46485,0.23990221
46486,0.35957214
46487,0.20502941
46488,0.33614054
46489,0.2254195
46490,0.07758052
46491,0.25753984
46492,0.29878414
46493,0.12941197
46494,0.19758718
46495,0.09321171
46496,0.21263385
46497,0.11334076
46498,0.26488477
46499,0.2542242
46500,0.13294032
46501,0.10323035
46502,0.2809965
46503,0.27320287
46504,0.12564585
46505,0.1295823
46506,0.28991008
46507,0.14099355
46508,0.018375903
46509,0.08979941
46510,0.19831635
46511,0.20636481
46512,0.1538709
46513,0.09753876
46514,0.24849059
46515,0.29273805
46516,0.2813545
46517,0.12485637
46518,0.21452054
46519,0.22999997
46520,0.05372972
46521,0.08019983
46522,0.098943226
46523,0.2608884
46524,0.30497813
46525,0.15495315
46526,0.07722973
46527,0.19880646
46528,0.30431536
46529,0.057338238
46530,0.119596764
46531,0.19450812
46532,0.27948126
46533,0.27599177
46534,0.21891117
46535,0.14019251
46536,0.1878515
46537,0.07331801
46538,0.10267806
46539,0.25114268
46540,0.18478292
46541,0.124313466
46542,0.14290448
46543,0.30664223
46544,0.31254178
46545,0.23791125
46546,0.1836059
46547,0.0853601
46548,0.48309577
46549,0.15034813
46550,0.3218271
46551,0.31305802
46552,0.28897694
46553,0.27223065
46554,0.1296418
46555,0.10865326
46556,0.11917474
46557,0.24590603
46558,0.27115047
46559,0.11405003
46560,0.17884211
46561,0.2814434
46562,0.03160989
46563,0.33170688
46564,0.15157615
46565,0.16892608
46566,0.15584041
46567,0.46532845
46568,0.25712425
46569,0.24577366
46570,0.1832865
46571,0.11393055
46572,0.053509887
46573,0.015935864
46574,0.20529957
46575,0.15673427
46576,0.22650203
46577,0.1268179
46578,0.06832102
46579,0.100760266
46580,0.23419783
46581,0.11959555
46582,0.09079351
46583,0.07192507
46584,0.05369929
46585,0.3890975
46586,0.1805678
46587,0.1308667
46588,0.27431402
46589,0.18961334
46590,0.46424407
46591,0.084538594
46592,0.10679958
46593,0.3328298
46594,0.09218586
46595,0.2610786
46596,0.05865941
46597,0.15807298
46598,0.15531012
46599,0.32177845
46600,0.19349737
46601,0.114216775
46602,0.25244325
46603,0.15230857
46604,0.16765355
46605,0.22917305
46606,0.45385134
46607,0.3964977
46608,0.15651415
46609,0.12527034
46610,0.3738832
46611,0.1246381
46612,0.24632813
46613,0.23700254
46614,0.08535064
46615,0.094907954
46616,0.17009021
46617,0.10301399
46618,0.19060855
46619,0.5792812
46620,0.10748783
46621,0.14614747
46622,0.13221405
46623,0.075008065
46624,0.091234505
46625,0.26235983
46626,0.10295395
46627,0.25935212
46628,0.25297445
46629,0.24463648
46630,0.26147282
46631,0.25710648
46632,0.21209645
46633,0.23663071
46634,0.14478186
46635,0.10556504
46636,0.042029757
46637,0.22626646
46638,0.18587305
46639,0.1581587
46640,0.18330564
46641,0.26524127
46642,0.23549281
46643,0.47641173
46644,0.5363756
46645,0.46342346
46646,0.12674868
46647,0.16599646
46648,0.21875519
46649,0.052806817
46650,0.4368811
46651,0.4121139
46652,0.17667834
46653,0.050901264
46654,0.049604475
46655,0.5122841
46656,0.40816584
46657,0.11904691
46658,0.08574741
46659,0.18489987
46660,0.5386554
46661,0.18972737
46662,0.03442688
46663,0.12864152
46664,0.12361601
46665,0.22980367
46666,0.3620271
46667,0.4936594
46668,0.20359518
46669,0.13555528
46670,0.15074053
46671,0.14013776
46672,0.41330025
46673,0.21543354
46674,0.10523024
46675,0.4911907
46676,0.20360501
46677,0.14142428
46678,0.03903584
46679,0.37485403
46680,0.03555598
46681,0.2229627
46682,0.1473984
46683,0.1202295
46684,0.07518248
46685,0.10193904
46686,0.061968014
46687,0.33664674
46688,0.066051304
46689,0.28980199
46690,0.2573105
46691,0.10591659
46692,0.2067353
46693,0.43074673
46694,0.2760157
46695,0.07439042
46696,0.17779012
46697,0.18009649
46698,0.26277325
46699,0.01857742
46700,0.4448926
46701,0.42462578
46702,0.16653314
46703,0.22458184
46704,0.1414802
46705,0.8271253
46706,0.16298161
46707,0.118204385
46708,0.24497567
46709,0.2790957
46710,0.31868622
46711,0.26690072
46712,0.102878034
46713,0.12918706
46714,0.19469129
46715,0.096875854
46716,0.08616281
46717,0.036996834
46718,0.18329799
46719,0.09220927
46720,0.17693236
46721,0.15968622
46722,0.12146607
46723,0.23343773
46724,0.112676516
46725,0.18547462
46726,0.21898217
46727,0.028707331
46728,0.23076676
46729,0.3609883
46730,0.27320912
46731,0.008324135
46732,0.48104632
46733,0.1759235
46734,0.1818212
46735,0.039964892
46736,0.050662197
46737,0.17250352
46738,0.07872335
46739,0.19337189
46740,0.070997566
46741,0.15387669
46742,0.13508134
46743,0.18518078
46744,0.09163984
46745,0.28321287
46746,0.08036817
46747,0.097898915
46748,0.28489447
46749,0.048622802
46750,0.07825229
46751,0.45813093
46752,0.32864454
46753,0.2020552
46754,0.21474674
46755,0.2971062
46756,0.0475557
46757,0.018552793
46758,0.08016201
46759,0.23749036
46760,0.33360186
46761,0.15470804
46762,0.06862815
46763,0.12933365
46764,0.13849647
46765,0.41117153
46766,0.3043713
46767,0.6580547
46768,0.117684476
46769,0.15988038
46770,0.32071793
46771,0.2328281
46772,0.25210494
46773,0.16885985
46774,0.29184246
46775,0.24764682
46776,0.04951662
46777,0.12595601
46778,0.07524456
46779,0.13644077
46780,0.10301557
46781,0.12878916
46782,0.27130124
46783,0.20478736
46784,0.2009361
46785,0.36782357
46786,0.17187993
46787,0.30360115
46788,0.22674608
46789,0.10820294
46790,0.2619665
46791,0.17068696
46792,0.30040705
46793,0.32794723
46794,0.68552864
46795,0.10128443
46796,0.21640278
46797,0.09479586
46798,0.12662612
46799,0.3714503
46800,0.1512284
46801,0.17455924
46802,0.23010229
46803,0.12741616
46804,0.11533224
46805,0.23865354
46806,0.27062276
46807,0.3600984
46808,0.21928415
46809,0.26145476
46810,0.43092543
46811,0.19487685
46812,0.117739
46813,0.26912746
46814,0.26982865
46815,0.24528082
46816,0.22203198
46817,0.17024505
46818,0.28567526
46819,0.19330066
46820,0.19786891
46821,0.35225657
46822,0.22654936
46823,0.11716051
46824,0.15549523
46825,0.37233236
46826,0.2579182
46827,0.45693225
46828,0.14891236
46829,0.5212448
46830,0.07899608
46831,0.27549252
46832,0.15080993
46833,0.026322562
46834,0.23953797
46835,0.1205748
46836,0.22883521
46837,0.2155762
46838,0.5958606
46839,0.257442
46840,0.033827085
46841,0.3187985
46842,0.14060743
46843,0.42566684
46844,0.1996645
46845,0.17284828
46846,0.20820728
46847,0.15044785
46848,0.07332352
46849,0.43499288
46850,0.2049968
46851,0.16541214
46852,0.17463312
46853,0.43588886
46854,0.18661378
46855,0.14736593
46856,0.21503067
46857,0.25815517
46858,0.097094454
46859,0.14104784
46860,0.17355408
46861,0.2424107
46862,0.19598357
46863,0.09402866
46864,0.30191132
46865,0.23209809
46866,0.3746381
46867,0.04756279
46868,0.24027942
46869,0.09293119
46870,0.7879585
46871,0.09019241
46872,0.1431575
46873,0.4502834
46874,0.0786922
46875,0.22992784
46876,0.24485703
46877,0.12429315
46878,0.17329897
46879,0.4292733
46880,0.23720911
46881,0.34443256
46882,0.2863106
46883,0.61131823
46884,0.3041504
46885,0.08573335
46886,0.24370289
46887,0.08827526
46888,0.10620566
46889,0.25479805
46890,0.18739028
46891,0.06849116
46892,0.3734676
46893,0.15872799
46894,0.27613458
46895,0.62436634
46896,0.14296487
46897,0.048760794
46898,0.24976389
46899,0.18504082
46900,0.16865858
46901,0.379877
46902,0.14804643
46903,0.11716804
46904,0.50931734
46905,0.10339355
46906,0.44360828
46907,0.1540235
46908,0.048125062
46909,0.07336748
46910,0.19939975
46911,0.18848693
46912,0.20666943
46913,0.16949858
46914,0.14880347
46915,0.11331239
46916,0.21383084
46917,0.24465656
46918,0.21866338
46919,0.3402764
46920,0.19302762
46921,0.16381447
46922,0.08679373
46923,0.105407186
46924,0.23298603
46925,0.047461256
46926,0.14819367
46927,0.23536114
46928,0.22457156
46929,0.19958687
46930,0.15285757
46931,0.33649528
46932,0.11008702
46933,0.08035248
46934,0.06799558
46935,0.16224523
46936,0.109657675
46937,0.25611544
46938,0.13844043
46939,0.07619518
46940,0.19186686
46941,0.047830835
46942,0.07374013
46943,0.011207933
46944,0.08177038
46945,0.14268212
46946,0.08945317
46947,0.28689116
46948,0.22524956
46949,0.096471265
46950,0.25465953
46951,0.089793585
46952,0.20925742
46953,0.20853713
46954,0.15925282
46955,0.084328115
46956,0.15177594
46957,0.12290208
46958,0.26461545
46959,0.06463264
46960,0.14601092
46961,0.03423265
46962,0.067367285
46963,0.17701504
46964,0.17862271
46965,0.08518636
46966,0.21073155
46967,0.05788045
46968,0.24992082
46969,0.22334358
46970,0.0846543
46971,0.23901533
46972,0.19235885
46973,0.124046564
46974,0.076092996
46975,0.4595251
46976,0.1668012
46977,0.2849778
46978,0.10264139
46979,0.16560446
46980,0.32269147
46981,0.4038407
46982,0.117366344
46983,0.33467028
46984,0.48827305
46985,0.51555216
46986,0.17547056
46987,0.4071819
46988,0.058003057
46989,0.22202612
46990,0.28492856
46991,0.18517695
46992,0.15906538
46993,0.38537914
46994,0.2574339
46995,0.43743128
46996,0.3981911
46997,0.32958856
46998,0.049201686
46999,0.12717065
47000,0.27902296
47001,0.14910136
47002,0.273523
47003,0.10432081
47004,0.3607762
47005,0.116278164
47006,0.41163376
47007,0.17390354
47008,0.1289884
47009,0.2180135
47010,0.20483322
47011,0.22572264
47012,0.16483878
47013,0.33886722
47014,0.46265414
47015,0.34759727
47016,0.28375593
47017,0.17108834
47018,0.017426882
47019,0.11627758
47020,0.23037498
47021,0.23812245
47022,0.17951341
47023,0.064523704
47024,0.05773706
47025,0.092059225
47026,0.12181444
47027,0.12762249
47028,0.27793315
47029,0.23055522
47030,0.31051224
47031,0.2995137
47032,0.2593629
47033,0.25686055
47034,0.52879864
47035,0.229623
47036,0.3486122
47037,0.080868654
47038,0.11134075
47039,0.31764796
47040,0.24822715
47041,0.2106575
47042,0.14758617
47043,0.18399504
47044,0.15251614
47045,0.16123782
47046,0.4119391
47047,0.2534567
47048,0.1860401
47049,0.13833591
47050,0.1337459
47051,0.028171076
47052,0.14626868
47053,0.19794089
47054,0.26410803
47055,0.24224894
47056,0.054233294
47057,0.20668353
47058,0.1957395
47059,0.101746775
47060,0.17090791
47061,0.37709588
47062,0.2714118
47063,0.030938061
47064,0.102872685
47065,0.14654537
47066,0.040880512
47067,0.15011802
47068,0.09556389
47069,0.22538072
47070,0.19192682
47071,0.38450885
47072,0.25214747
47073,0.16707872
47074,0.2586406
47075,0.3158944
47076,0.31884468
47077,0.2748215
47078,0.3270987
47079,0.50465757
47080,0.36700583
47081,0.09770775
47082,0.20229138
47083,0.21758205
47084,0.082027495
47085,0.06490328
47086,0.11769587
47087,0.36702964
47088,0.12698227
47089,0.39212722
47090,0.2686223
47091,0.59620845
47092,0.20304564
47093,0.20543721
47094,0.67435086
47095,0.23378712
47096,0.07750576
47097,0.09458543
47098,0.08576806
47099,0.056114525
47100,0.111914
47101,0.028139357
47102,0.22607702
47103,0.25290743
47104,0.10752544
47105,0.25309995
47106,0.28119183
47107,0.30155832
47108,0.22132193
47109,0.41153115
47110,0.22518423
47111,0.38253504
47112,0.35948697
47113,0.12791118
47114,0.10468081
47115,0.18697576
47116,0.03902342
47117,0.8066322
47118,0.20294419
47119,0.22729123
47120,0.11549546
47121,0.094464995
47122,0.1925219
47123,0.19021036
47124,0.23861039
47125,0.20871414
47126,0.054827217
47127,0.15286975
47128,0.20055196
47129,0.16220342
47130,0.14321083
47131,0.24098504
47132,0.03947554
47133,0.34758323
47134,0.26744628
47135,0.09556117
47136,0.30299762
47137,0.052642453
47138,0.15088233
47139,0.47137192
47140,0.2757526
47141,0.2049334
47142,0.2148602
47143,0.37944844
47144,0.123791456
47145,0.38274756
47146,0.33226016
47147,0.23195472
47148,0.5448202
47149,0.042241108
47150,0.39597267
47151,0.18939918
47152,0.22857095
47153,0.50179005
47154,0.3679537
47155,0.1725516
47156,0.2128537
47157,0.19459626
47158,0.3535632
47159,0.090568155
47160,0.24558716
47161,0.14401895
47162,0.09702792
47163,0.11569179
47164,0.27401242
47165,0.045533143
47166,0.21475637
47167,0.12574063
47168,0.02655839
47169,0.14351931
47170,0.20848665
47171,0.15478835
47172,0.24471457
47173,0.035491023
47174,0.13585064
47175,0.103836074
47176,0.40174603
47177,0.26180577
47178,0.28463057
47179,0.1690802
47180,0.3360487
47181,0.13657758
47182,0.40227547
47183,0.2959762
47184,0.07503245
47185,0.48607942
47186,0.37771502
47187,0.17804246
47188,0.50203323
47189,0.058884595
47190,0.06336283
47191,0.44060203
47192,0.45464
47193,0.28328887
47194,0.11308139
47195,0.16698317
47196,0.2548077
47197,0.096897356
47198,0.13876444
47199,0.32396322
47200,0.5149369
47201,0.2654377
47202,0.23055962
47203,0.32091412
47204,0.24200015
47205,0.17379178
47206,0.18996508
47207,0.31172076
47208,0.062168907
47209,0.28403398
47210,0.1497032
47211,0.30897748
47212,0.38305166
47213,0.30202025
47214,0.10842015
47215,0.26040876
47216,0.21071789
47217,0.054864526
47218,0.14366223
47219,0.23391727
47220,0.14369224
47221,0.18641591
47222,0.10238183
47223,0.41857702
47224,0.024957335
47225,0.17301765
47226,0.3562158
47227,0.09822763
47228,0.22986685
47229,0.24413256
47230,0.15017739
47231,0.07529247
47232,0.45409372
47233,0.34224248
47234,0.4218109
47235,0.2207446
47236,0.08998612
47237,0.20378393
47238,0.08043619
47239,0.10303291
47240,0.2707488
47241,0.3986371
47242,0.24722607
47243,0.14773569
47244,0.23094407
47245,0.063035935
47246,0.08910266
47247,0.16098955
47248,0.30429104
47249,0.1616637
47250,0.14619869
47251,0.2879758
47252,0.14821036
47253,0.11071714
47254,0.14446422
47255,0.18781577
47256,0.7239145
47257,0.15071839
47258,0.1632048
47259,0.25981304
47260,0.16351786
47261,0.41188547
47262,0.2055168
47263,0.04736912
47264,0.2686485
47265,0.15351059
47266,0.1775575
47267,0.37807733
47268,0.31258923
47269,0.18099181
47270,0.027009
47271,0.13008004
47272,0.059914753
47273,0.2985012
47274,0.18231776
47275,0.08105268
47276,0.5588516
47277,0.11636878
47278,0.21581855
47279,0.113167025
47280,0.28874493
47281,0.0829449
47282,0.111988895
47283,0.18423449
47284,0.2739097
47285,0.29040873
47286,0.08024249
47287,0.10320875
47288,0.31875744
47289,0.07415257
47290,0.09967748
47291,0.0696922
47292,0.15807396
47293,0.30619088
47294,0.5042084
47295,0.19590838
47296,0.13592389
47297,0.25495896
47298,0.0965207
47299,0.07287198
47300,0.07460121
47301,0.4929354
47302,0.15191483
47303,0.12600395
47304,0.31869787
47305,0.13011332
47306,0.08456524
47307,0.43514875
47308,0.18413894
47309,0.28811726
47310,0.18293308
47311,0.423577
47312,0.12545064
47313,0.076010704
47314,0.2970315
47315,0.101535365
47316,0.6525385
47317,0.109691106
47318,0.22881863
47319,0.2563233
47320,0.31250495
47321,0.23649174
47322,0.09894948
47323,0.16009784
47324,0.22011688
47325,0.11952105
47326,0.09038117
47327,0.25407118
47328,0.38611913
47329,0.059592415
47330,0.2590366
47331,0.067311496
47332,0.39579067
47333,0.1181112
47334,0.2370805
47335,0.19787984
47336,0.059357896
47337,0.47200644
47338,0.15508363
47339,0.68975097
47340,0.1597239
47341,0.040411685
47342,0.08292961
47343,0.19710049
47344,0.067003
